Date,Store,Category,UnitsSold,UnitPrice,Revenue
2024-01-01,Store A,Electronics,3,122.07,366.22
2024-01-01,Store A,Clothing,3,47.24,141.71
2024-01-01,Store A,Groceries,10,12.58,125.83
2024-01-01,Store A,Home & Kitchen,7,63.9,447.32
2024-01-01,Store A,Beauty,7,23.03,161.18
2024-01-01,Store B,Electronics,10,112.74,1127.36
2024-01-01,Store B,Clothing,5,39.85,199.24
2024-01-01,Store B,Groceries,8,13.71,109.67
2024-01-01,Store B,Home & Kitchen,2,77.62,155.25
2024-01-01,Store B,Beauty,7,24.98,174.87
2024-01-01,Store C,Electronics,5,308.51,1542.56
2024-01-01,Store C,Clothing,3,22.51,67.52
2024-01-01,Store C,Groceries,5,7.8,39.01
2024-01-01,Store C,Home & Kitchen,4,41.14,164.57
2024-01-01,Store C,Beauty,4,40.83,163.31
2024-01-02,Store A,Electronics,5,321.92,1609.6
2024-01-02,Store A,Clothing,5,29.73,148.64
2024-01-02,Store A,Groceries,11,4.95,54.42
2024-01-02,Store A,Beauty,4,25.31,101.23
2024-01-02,Store B,Electronics,4,133.87,535.48
2024-01-02,Store B,Clothing,4,17.83,71.33
2024-01-02,Store B,Groceries,6,24.55,147.33
2024-01-02,Store B,Home & Kitchen,4,14.6,58.39
2024-01-02,Store B,Beauty,2,13.0,26.01
2024-01-02,Store C,Electronics,2,238.31,476.62
2024-01-02,Store C,Clothing,6,37.39,224.31
2024-01-02,Store C,Groceries,6,10.04,60.25
2024-01-02,Store C,Home & Kitchen,4,38.87,155.49
2024-01-02,Store C,Beauty,4,6.18,24.74
2024-01-03,Store A,Electronics,5,218.89,1094.44
2024-01-03,Store A,Clothing,5,73.33,366.65
2024-01-03,Store A,Groceries,2,9.58,19.15
2024-01-03,Store A,Home & Kitchen,7,79.08,553.56
2024-01-03,Store A,Beauty,2,54.16,108.33
2024-01-03,Store B,Electronics,5,358.25,1791.23
2024-01-03,Store B,Clothing,6,69.7,418.22
2024-01-03,Store B,Groceries,6,15.0,90.0
2024-01-03,Store B,Home & Kitchen,6,107.32,643.91
2024-01-03,Store B,Beauty,4,39.41,157.64
2024-01-03,Store C,Electronics,6,133.06,798.36
2024-01-03,Store C,Clothing,6,18.62,111.74
2024-01-03,Store C,Groceries,6,10.81,64.86
2024-01-03,Store C,Home & Kitchen,2,57.69,115.38
2024-01-03,Store C,Beauty,1,18.89,18.89
2024-01-04,Store A,Electronics,8,342.52,2740.18
2024-01-04,Store A,Clothing,6,55.39,332.33
2024-01-04,Store A,Groceries,10,21.14,211.38
2024-01-04,Store A,Home & Kitchen,5,15.99,79.93
2024-01-04,Store A,Beauty,3,6.96,20.87
2024-01-04,Store B,Electronics,4,297.82,1191.29
2024-01-04,Store B,Clothing,4,73.81,295.25
2024-01-04,Store B,Groceries,7,17.92,125.41
2024-01-04,Store B,Home & Kitchen,4,27.85,111.39
2024-01-04,Store C,Electronics,5,315.46,1577.31
2024-01-04,Store C,Clothing,2,79.09,158.19
2024-01-04,Store C,Groceries,6,18.01,108.05
2024-01-04,Store C,Beauty,1,37.65,37.65
2024-01-05,Store A,Electronics,2,363.37,726.74
2024-01-05,Store A,Clothing,8,20.34,162.68
2024-01-05,Store A,Groceries,4,22.59,90.36
2024-01-05,Store A,Home & Kitchen,3,56.66,169.97
2024-01-05,Store A,Beauty,7,28.61,200.25
2024-01-05,Store B,Electronics,4,327.4,1309.62
2024-01-05,Store B,Groceries,4,14.97,59.88
2024-01-05,Store B,Home & Kitchen,4,24.11,96.43
2024-01-05,Store B,Beauty,2,52.01,104.02
2024-01-05,Store C,Electronics,3,180.33,540.99
2024-01-05,Store C,Clothing,4,30.54,122.17
2024-01-05,Store C,Groceries,3,6.58,19.73
2024-01-05,Store C,Home & Kitchen,3,55.53,166.59
2024-01-05,Store C,Beauty,1,35.65,35.65
2024-01-06,Store A,Electronics,11,185.7,2042.66
2024-01-06,Store A,Clothing,8,32.09,256.71
2024-01-06,Store A,Groceries,8,6.66,53.27
2024-01-06,Store A,Home & Kitchen,8,30.12,240.96
2024-01-06,Store A,Beauty,2,29.6,59.19
2024-01-06,Store B,Electronics,4,357.11,1428.45
2024-01-06,Store B,Clothing,6,65.77,394.6
2024-01-06,Store B,Groceries,4,10.43,41.72
2024-01-06,Store B,Home & Kitchen,5,32.36,161.8
2024-01-06,Store B,Beauty,3,22.58,67.74
2024-01-06,Store C,Electronics,6,168.18,1009.1
2024-01-06,Store C,Clothing,4,74.85,299.4
2024-01-06,Store C,Groceries,7,2.11,14.76
2024-01-06,Store C,Home & Kitchen,3,17.97,53.92
2024-01-06,Store C,Beauty,4,45.18,180.73
2024-01-07,Store A,Electronics,8,126.94,1015.54
2024-01-07,Store A,Clothing,10,78.9,789.03
2024-01-07,Store A,Groceries,13,22.04,286.51
2024-01-07,Store A,Home & Kitchen,5,52.03,260.13
2024-01-07,Store A,Beauty,5,7.47,37.36
2024-01-07,Store B,Electronics,3,363.38,1090.14
2024-01-07,Store B,Clothing,5,49.58,247.92
2024-01-07,Store B,Groceries,8,15.72,125.73
2024-01-07,Store B,Home & Kitchen,4,70.1,280.41
2024-01-07,Store B,Beauty,4,52.65,210.59
2024-01-07,Store C,Electronics,6,328.0,1968.02
2024-01-07,Store C,Clothing,1,75.66,75.66
2024-01-07,Store C,Groceries,7,17.24,120.71
2024-01-07,Store C,Home & Kitchen,5,116.01,580.07
2024-01-07,Store C,Beauty,5,15.69,78.46
2024-01-08,Store A,Electronics,5,391.03,1955.14
2024-01-08,Store A,Clothing,7,15.66,109.62
2024-01-08,Store A,Groceries,12,23.21,278.56
2024-01-08,Store A,Home & Kitchen,4,102.45,409.79
2024-01-08,Store A,Beauty,5,33.11,165.53
2024-01-08,Store B,Electronics,3,110.04,330.11
2024-01-08,Store B,Clothing,3,65.14,195.41
2024-01-08,Store B,Groceries,7,2.21,15.48
2024-01-08,Store B,Home & Kitchen,4,51.59,206.34
2024-01-08,Store B,Beauty,4,40.52,162.09
2024-01-08,Store C,Electronics,3,364.38,1093.14
2024-01-08,Store C,Clothing,5,29.74,148.68
2024-01-08,Store C,Groceries,3,3.95,11.86
2024-01-08,Store C,Home & Kitchen,2,45.41,90.82
2024-01-08,Store C,Beauty,2,53.77,107.53
2024-01-09,Store A,Electronics,5,365.71,1828.57
2024-01-09,Store A,Clothing,6,41.79,250.76
2024-01-09,Store A,Groceries,6,6.9,41.37
2024-01-09,Store A,Home & Kitchen,4,81.51,326.03
2024-01-09,Store A,Beauty,7,6.98,48.88
2024-01-09,Store B,Electronics,2,282.65,565.3
2024-01-09,Store B,Clothing,4,37.46,149.85
2024-01-09,Store B,Groceries,11,18.54,203.89
2024-01-09,Store B,Home & Kitchen,2,90.96,181.93
2024-01-09,Store B,Beauty,4,38.65,154.6
2024-01-09,Store C,Electronics,4,261.02,1044.09
2024-01-09,Store C,Clothing,5,28.21,141.03
2024-01-09,Store C,Groceries,5,19.86,99.31
2024-01-09,Store C,Home & Kitchen,3,57.52,172.57
2024-01-09,Store C,Beauty,1,9.53,9.53
2024-01-10,Store A,Electronics,10,262.89,2628.87
2024-01-10,Store A,Clothing,3,44.69,134.08
2024-01-10,Store A,Groceries,8,14.9,119.22
2024-01-10,Store A,Home & Kitchen,2,39.87,79.75
2024-01-10,Store A,Beauty,1,41.95,41.95
2024-01-10,Store B,Electronics,4,392.24,1568.96
2024-01-10,Store B,Clothing,4,53.72,214.89
2024-01-10,Store B,Groceries,13,2.8,36.34
2024-01-10,Store B,Home & Kitchen,4,87.53,350.12
2024-01-10,Store B,Beauty,1,59.62,59.62
2024-01-10,Store C,Electronics,3,360.11,1080.34
2024-01-10,Store C,Clothing,4,19.46,77.86
2024-01-10,Store C,Groceries,6,3.97,23.84
2024-01-10,Store C,Home & Kitchen,3,55.73,167.2
2024-01-10,Store C,Beauty,1,9.42,9.42
2024-01-11,Store A,Electronics,6,169.7,1018.21
2024-01-11,Store A,Clothing,8,59.09,472.72
2024-01-11,Store A,Groceries,6,2.74,16.42
2024-01-11,Store A,Home & Kitchen,2,113.14,226.27
2024-01-11,Store A,Beauty,7,26.12,182.86
2024-01-11,Store B,Electronics,2,311.62,623.25
2024-01-11,Store B,Clothing,8,60.42,483.39
2024-01-11,Store B,Groceries,9,19.95,179.56
2024-01-11,Store B,Home & Kitchen,3,25.76,77.29
2024-01-11,Store B,Beauty,4,34.19,136.76
2024-01-11,Store C,Electronics,7,189.08,1323.57
2024-01-11,Store C,Clothing,3,20.76,62.27
2024-01-11,Store C,Groceries,3,15.65,46.94
2024-01-11,Store C,Home & Kitchen,5,104.67,523.33
2024-01-11,Store C,Beauty,3,25.16,75.49
2024-01-12,Store A,Electronics,6,214.71,1288.29
2024-01-12,Store A,Clothing,5,33.86,169.32
2024-01-12,Store A,Groceries,6,17.52,105.11
2024-01-12,Store A,Home & Kitchen,7,84.1,588.68
2024-01-12,Store A,Beauty,6,55.35,332.09
2024-01-12,Store B,Electronics,4,394.34,1577.35
2024-01-12,Store B,Clothing,4,21.02,84.06
2024-01-12,Store B,Groceries,7,10.14,70.97
2024-01-12,Store B,Home & Kitchen,3,53.7,161.11
2024-01-12,Store B,Beauty,4,47.27,189.09
2024-01-12,Store C,Electronics,5,251.39,1256.96
2024-01-12,Store C,Clothing,6,59.44,356.67
2024-01-12,Store C,Groceries,4,3.35,13.41
2024-01-12,Store C,Home & Kitchen,1,31.03,31.03
2024-01-12,Store C,Beauty,2,53.5,107.0
2024-01-13,Store A,Electronics,9,235.52,2119.67
2024-01-13,Store A,Clothing,7,29.78,208.45
2024-01-13,Store A,Groceries,3,13.69,41.08
2024-01-13,Store A,Home & Kitchen,8,45.21,361.67
2024-01-13,Store A,Beauty,3,51.85,155.54
2024-01-13,Store B,Electronics,6,176.31,1057.84
2024-01-13,Store B,Clothing,4,69.08,276.34
2024-01-13,Store B,Groceries,12,9.35,112.16
2024-01-13,Store B,Home & Kitchen,8,60.17,481.33
2024-01-13,Store B,Beauty,2,20.6,41.2
2024-01-13,Store C,Electronics,7,150.21,1051.5
2024-01-13,Store C,Clothing,7,62.7,438.9
2024-01-13,Store C,Groceries,5,20.51,102.55
2024-01-13,Store C,Home & Kitchen,4,27.18,108.71
2024-01-13,Store C,Beauty,1,5.12,5.12
2024-01-14,Store A,Electronics,5,358.42,1792.1
2024-01-14,Store A,Clothing,7,24.65,172.53
2024-01-14,Store A,Groceries,9,24.19,217.69
2024-01-14,Store A,Home & Kitchen,8,108.97,871.76
2024-01-14,Store A,Beauty,7,56.44,395.08
2024-01-14,Store B,Electronics,5,358.31,1791.54
2024-01-14,Store B,Clothing,4,40.23,160.92
2024-01-14,Store B,Groceries,8,5.71,45.71
2024-01-14,Store B,Home & Kitchen,5,55.24,276.22
2024-01-14,Store B,Beauty,5,10.13,50.64
2024-01-14,Store C,Electronics,6,245.55,1473.3
2024-01-14,Store C,Clothing,2,63.64,127.29
2024-01-14,Store C,Groceries,6,10.34,62.04
2024-01-14,Store C,Home & Kitchen,2,118.02,236.04
2024-01-14,Store C,Beauty,3,33.55,100.66
2024-01-15,Store A,Electronics,8,154.85,1238.8
2024-01-15,Store A,Clothing,4,40.11,160.44
2024-01-15,Store A,Groceries,10,20.04,200.39
2024-01-15,Store A,Home & Kitchen,5,57.16,285.79
2024-01-15,Store A,Beauty,3,44.68,134.03
2024-01-15,Store B,Electronics,5,328.7,1643.5
2024-01-15,Store B,Clothing,3,18.49,55.46
2024-01-15,Store B,Groceries,2,22.44,44.87
2024-01-15,Store B,Home & Kitchen,5,80.95,404.76
2024-01-15,Store B,Beauty,3,48.06,144.17
2024-01-15,Store C,Electronics,2,58.35,116.7
2024-01-15,Store C,Clothing,5,43.8,219.02
2024-01-15,Store C,Groceries,7,5.77,40.36
2024-01-15,Store C,Home & Kitchen,8,38.0,304.02
2024-01-15,Store C,Beauty,2,6.61,13.23
2024-01-16,Store A,Electronics,7,68.77,481.41
2024-01-16,Store A,Clothing,4,30.16,120.63
2024-01-16,Store A,Groceries,12,23.38,280.57
2024-01-16,Store A,Home & Kitchen,7,25.03,175.21
2024-01-16,Store A,Beauty,2,28.61,57.22
2024-01-16,Store B,Clothing,2,65.63,131.26
2024-01-16,Store B,Groceries,7,5.55,38.88
2024-01-16,Store B,Home & Kitchen,3,86.98,260.95
2024-01-16,Store B,Beauty,2,51.14,102.27
2024-01-16,Store C,Electronics,3,360.51,1081.53
2024-01-16,Store C,Clothing,3,26.47,79.4
2024-01-16,Store C,Groceries,5,15.83,79.14
2024-01-16,Store C,Home & Kitchen,5,67.19,335.97
2024-01-16,Store C,Beauty,4,11.8,47.19
2024-01-17,Store A,Electronics,5,261.63,1308.15
2024-01-17,Store A,Clothing,4,39.62,158.49
2024-01-17,Store A,Groceries,9,15.31,137.81
2024-01-17,Store A,Home & Kitchen,7,118.37,828.57
2024-01-17,Store A,Beauty,5,15.31,76.56
2024-01-17,Store B,Electronics,8,132.95,1063.64
2024-01-17,Store B,Clothing,4,47.29,189.17
2024-01-17,Store B,Groceries,7,9.24,64.65
2024-01-17,Store B,Home & Kitchen,5,92.98,464.92
2024-01-17,Store B,Beauty,2,14.28,28.56
2024-01-17,Store C,Electronics,4,189.62,758.5
2024-01-17,Store C,Clothing,2,61.73,123.47
2024-01-17,Store C,Groceries,5,3.34,16.71
2024-01-17,Store C,Home & Kitchen,6,34.94,209.66
2024-01-17,Store C,Beauty,3,42.32,126.97
2024-01-18,Store A,Electronics,7,393.43,2753.98
2024-01-18,Store A,Clothing,7,46.25,323.72
2024-01-18,Store A,Groceries,6,4.12,24.75
2024-01-18,Store A,Home & Kitchen,6,76.33,457.95
2024-01-18,Store A,Beauty,3,32.75,98.24
2024-01-18,Store B,Electronics,11,300.14,3301.54
2024-01-18,Store B,Clothing,3,21.05,63.16
2024-01-18,Store B,Groceries,11,23.53,258.86
2024-01-18,Store B,Home & Kitchen,6,92.32,553.93
2024-01-18,Store B,Beauty,1,8.33,8.33
2024-01-18,Store C,Electronics,5,84.21,421.03
2024-01-18,Store C,Clothing,3,68.05,204.16
2024-01-18,Store C,Groceries,4,22.75,91.0
2024-01-18,Store C,Home & Kitchen,5,105.38,526.91
2024-01-18,Store C,Beauty,1,30.87,30.87
2024-01-19,Store A,Electronics,8,196.51,1572.07
2024-01-19,Store A,Clothing,9,35.04,315.35
2024-01-19,Store A,Groceries,7,2.03,14.24
2024-01-19,Store A,Home & Kitchen,7,22.22,155.53
2024-01-19,Store A,Beauty,4,13.14,52.56
2024-01-19,Store B,Electronics,7,242.38,1696.63
2024-01-19,Store B,Clothing,5,51.85,259.23
2024-01-19,Store B,Groceries,8,24.9,199.2
2024-01-19,Store B,Home & Kitchen,2,36.17,72.33
2024-01-19,Store B,Beauty,6,13.14,78.83
2024-01-19,Store C,Electronics,7,218.51,1529.57
2024-01-19,Store C,Clothing,7,74.31,520.16
2024-01-19,Store C,Groceries,6,13.42,80.5
2024-01-19,Store C,Home & Kitchen,2,26.13,52.26
2024-01-19,Store C,Beauty,3,56.23,168.69
2024-01-20,Store A,Electronics,8,205.29,1642.29
2024-01-20,Store A,Clothing,6,32.99,197.93
2024-01-20,Store A,Groceries,10,12.7,127.05
2024-01-20,Store A,Home & Kitchen,3,107.9,323.71
2024-01-20,Store A,Beauty,8,44.73,357.82
2024-01-20,Store B,Electronics,6,58.19,349.13
2024-01-20,Store B,Clothing,9,21.53,193.76
2024-01-20,Store B,Groceries,8,13.73,109.83
2024-01-20,Store B,Home & Kitchen,4,107.54,430.14
2024-01-20,Store B,Beauty,3,32.28,96.83
2024-01-20,Store C,Electronics,6,120.59,723.53
2024-01-20,Store C,Clothing,6,67.11,402.69
2024-01-20,Store C,Groceries,10,19.8,197.99
2024-01-20,Store C,Home & Kitchen,5,78.4,392.02
2024-01-20,Store C,Beauty,4,53.99,215.95
2024-01-21,Store A,Electronics,9,202.06,1818.53
2024-01-21,Store A,Clothing,8,25.62,204.99
2024-01-21,Store A,Groceries,19,6.42,122.06
2024-01-21,Store A,Home & Kitchen,6,80.64,483.87
2024-01-21,Store A,Beauty,5,30.13,150.63
2024-01-21,Store B,Electronics,11,243.98,2683.74
2024-01-21,Store B,Clothing,4,27.23,108.94
2024-01-21,Store B,Groceries,11,10.37,114.06
2024-01-21,Store B,Home & Kitchen,1,70.45,70.45
2024-01-21,Store B,Beauty,5,34.73,173.64
2024-01-21,Store C,Electronics,8,382.7,3061.62
2024-01-21,Store C,Clothing,5,36.07,180.34
2024-01-21,Store C,Groceries,6,21.24,127.46
2024-01-21,Store C,Home & Kitchen,7,18.28,127.99
2024-01-21,Store C,Beauty,3,36.31,108.93
2024-01-22,Store A,Electronics,7,262.08,1834.57
2024-01-22,Store A,Clothing,6,63.23,379.36
2024-01-22,Store A,Groceries,8,8.33,66.65
2024-01-22,Store A,Home & Kitchen,4,73.89,295.57
2024-01-22,Store A,Beauty,2,29.47,58.94
2024-01-22,Store B,Electronics,5,283.29,1416.46
2024-01-22,Store B,Clothing,4,32.31,129.23
2024-01-22,Store B,Groceries,8,22.02,176.15
2024-01-22,Store B,Home & Kitchen,4,31.99,127.95
2024-01-22,Store B,Beauty,1,29.08,29.08
2024-01-22,Store C,Electronics,3,280.17,840.52
2024-01-22,Store C,Clothing,5,57.69,288.44
2024-01-22,Store C,Groceries,5,9.14,45.68
2024-01-22,Store C,Home & Kitchen,4,52.69,210.76
2024-01-22,Store C,Beauty,4,7.11,28.46
2024-01-23,Store A,Electronics,8,213.61,1708.92
2024-01-23,Store A,Clothing,1,68.89,68.89
2024-01-23,Store A,Groceries,2,20.16,40.32
2024-01-23,Store A,Home & Kitchen,9,58.06,522.53
2024-01-23,Store A,Beauty,9,38.07,342.6
2024-01-23,Store B,Electronics,6,306.1,1836.58
2024-01-23,Store B,Clothing,4,64.23,256.93
2024-01-23,Store B,Groceries,5,2.33,11.63
2024-01-23,Store B,Home & Kitchen,8,96.12,768.92
2024-01-23,Store B,Beauty,2,45.33,90.67
2024-01-23,Store C,Electronics,5,61.73,308.63
2024-01-23,Store C,Clothing,2,79.84,159.69
2024-01-23,Store C,Groceries,6,22.62,135.71
2024-01-23,Store C,Home & Kitchen,4,64.25,257.01
2024-01-24,Store A,Electronics,13,318.18,4136.38
2024-01-24,Store A,Clothing,6,43.12,258.73
2024-01-24,Store A,Groceries,9,4.31,38.76
2024-01-24,Store A,Home & Kitchen,3,81.13,243.39
2024-01-24,Store A,Beauty,10,21.97,219.68
2024-01-24,Store B,Electronics,3,85.55,256.64
2024-01-24,Store B,Clothing,2,79.38,158.75
2024-01-24,Store B,Groceries,5,12.09,60.46
2024-01-24,Store B,Home & Kitchen,1,104.63,104.63
2024-01-24,Store B,Beauty,2,59.6,119.19
2024-01-24,Store C,Electronics,6,69.93,419.6
2024-01-24,Store C,Clothing,8,58.47,467.79
2024-01-24,Store C,Groceries,11,13.77,151.48
2024-01-24,Store C,Home & Kitchen,3,17.13,51.4
2024-01-24,Store C,Beauty,3,45.55,136.65
2024-01-25,Store A,Electronics,11,172.75,1900.3
2024-01-25,Store A,Clothing,5,54.81,274.04
2024-01-25,Store A,Groceries,11,22.23,244.57
2024-01-25,Store A,Home & Kitchen,5,87.24,436.18
2024-01-25,Store A,Beauty,4,12.94,51.76
2024-01-25,Store B,Electronics,6,173.1,1038.6
2024-01-25,Store B,Clothing,8,53.29,426.31
2024-01-25,Store B,Groceries,10,24.48,244.84
2024-01-25,Store B,Home & Kitchen,5,64.13,320.64
2024-01-25,Store B,Beauty,4,17.09,68.37
2024-01-25,Store C,Electronics,7,157.91,1105.37
2024-01-25,Store C,Clothing,2,23.08,46.16
2024-01-25,Store C,Groceries,6,20.53,123.19
2024-01-25,Store C,Home & Kitchen,4,107.94,431.76
2024-01-25,Store C,Beauty,1,38.6,38.6
2024-01-26,Store A,Electronics,1,269.9,269.9
2024-01-26,Store A,Clothing,4,75.58,302.33
2024-01-26,Store A,Groceries,9,19.66,176.9
2024-01-26,Store A,Home & Kitchen,2,117.43,234.85
2024-01-26,Store A,Beauty,2,48.63,97.25
2024-01-26,Store B,Electronics,7,93.34,653.37
2024-01-26,Store B,Clothing,7,58.06,406.44
2024-01-26,Store B,Groceries,7,12.31,86.2
2024-01-26,Store B,Beauty,4,11.0,43.99
2024-01-26,Store C,Electronics,5,288.59,1442.96
2024-01-26,Store C,Clothing,6,47.19,283.17
2024-01-26,Store C,Groceries,7,9.96,69.72
2024-01-26,Store C,Home & Kitchen,2,52.52,105.04
2024-01-26,Store C,Beauty,2,50.01,100.03
2024-01-27,Store A,Electronics,12,91.76,1101.09
2024-01-27,Store A,Clothing,9,23.18,208.65
2024-01-27,Store A,Groceries,11,10.38,114.2
2024-01-27,Store A,Home & Kitchen,9,49.07,441.61
2024-01-27,Store A,Beauty,5,16.36,81.81
2024-01-27,Store B,Electronics,11,241.7,2658.67
2024-01-27,Store B,Clothing,9,19.24,173.13
2024-01-27,Store B,Groceries,7,2.63,18.39
2024-01-27,Store B,Home & Kitchen,6,17.64,105.87
2024-01-27,Store B,Beauty,3,38.47,115.41
2024-01-27,Store C,Electronics,4,86.67,346.68
2024-01-27,Store C,Clothing,5,75.39,376.97
2024-01-27,Store C,Groceries,8,18.36,146.86
2024-01-27,Store C,Home & Kitchen,4,52.91,211.64
2024-01-27,Store C,Beauty,4,21.95,87.8
2024-01-28,Store A,Electronics,15,231.71,3475.65
2024-01-28,Store A,Clothing,5,42.36,211.78
2024-01-28,Store A,Groceries,11,22.16,243.73
2024-01-28,Store A,Home & Kitchen,8,98.11,784.88
2024-01-28,Store A,Beauty,7,46.52,325.61
2024-01-28,Store B,Electronics,5,284.96,1424.79
2024-01-28,Store B,Clothing,5,42.06,210.29
2024-01-28,Store B,Groceries,10,17.01,170.07
2024-01-28,Store B,Home & Kitchen,5,13.62,68.1
2024-01-28,Store B,Beauty,5,29.31,146.54
2024-01-28,Store C,Electronics,4,117.31,469.22
2024-01-28,Store C,Clothing,8,17.86,142.91
2024-01-28,Store C,Groceries,6,20.54,123.21
2024-01-28,Store C,Home & Kitchen,3,60.24,180.73
2024-01-28,Store C,Beauty,6,43.38,260.25
2024-01-29,Store A,Electronics,10,286.01,2860.11
2024-01-29,Store A,Clothing,9,64.93,584.38
2024-01-29,Store A,Groceries,8,11.6,92.79
2024-01-29,Store A,Home & Kitchen,4,63.15,252.59
2024-01-29,Store A,Beauty,6,24.88,149.25
2024-01-29,Store B,Electronics,6,349.14,2094.86
2024-01-29,Store B,Clothing,4,23.9,95.59
2024-01-29,Store B,Groceries,8,18.8,150.4
2024-01-29,Store B,Home & Kitchen,1,73.96,73.96
2024-01-29,Store B,Beauty,4,30.63,122.52
2024-01-29,Store C,Electronics,6,314.08,1884.47
2024-01-29,Store C,Clothing,3,73.82,221.47
2024-01-29,Store C,Groceries,4,15.27,61.06
2024-01-29,Store C,Home & Kitchen,2,38.89,77.79
2024-01-29,Store C,Beauty,2,57.67,115.35
2024-01-30,Store A,Electronics,8,249.13,1993.03
2024-01-30,Store A,Clothing,6,45.21,271.26
2024-01-30,Store A,Groceries,11,16.95,186.47
2024-01-30,Store A,Home & Kitchen,8,75.89,607.11
2024-01-30,Store A,Beauty,2,25.11,50.23
2024-01-30,Store B,Electronics,8,333.33,2666.6
2024-01-30,Store B,Clothing,7,19.95,139.63
2024-01-30,Store B,Groceries,2,10.77,21.55
2024-01-30,Store B,Home & Kitchen,4,48.41,193.65
2024-01-30,Store B,Beauty,3,50.91,152.73
2024-01-30,Store C,Electronics,4,51.59,206.37
2024-01-30,Store C,Clothing,2,77.22,154.45
2024-01-30,Store C,Groceries,4,18.49,73.96
2024-01-30,Store C,Home & Kitchen,4,27.53,110.13
2024-01-30,Store C,Beauty,2,35.26,70.52
2024-01-31,Store A,Electronics,6,68.5,411.03
2024-01-31,Store A,Clothing,4,22.5,89.99
2024-01-31,Store A,Groceries,9,10.55,94.98
2024-01-31,Store A,Home & Kitchen,4,47.42,189.68
2024-01-31,Store A,Beauty,2,48.67,97.34
2024-01-31,Store B,Electronics,8,211.17,1689.34
2024-01-31,Store B,Clothing,7,23.78,166.43
2024-01-31,Store B,Groceries,7,3.99,27.94
2024-01-31,Store B,Home & Kitchen,2,74.36,148.73
2024-01-31,Store B,Beauty,4,52.57,210.27
2024-01-31,Store C,Electronics,5,320.38,1601.9
2024-01-31,Store C,Clothing,4,20.81,83.24
2024-01-31,Store C,Groceries,6,11.71,70.26
2024-01-31,Store C,Home & Kitchen,2,84.67,169.33
2024-01-31,Store C,Beauty,1,44.31,44.31
2024-02-01,Store A,Electronics,8,50.31,402.5
2024-02-01,Store A,Clothing,5,44.69,223.46
2024-02-01,Store A,Groceries,13,12.15,158.0
2024-02-01,Store A,Home & Kitchen,7,22.36,156.55
2024-02-01,Store A,Beauty,2,6.32,12.64
2024-02-01,Store B,Electronics,9,259.81,2338.32
2024-02-01,Store B,Clothing,3,58.41,175.23
2024-02-01,Store B,Groceries,13,2.52,32.79
2024-02-01,Store B,Home & Kitchen,3,119.56,358.68
2024-02-01,Store B,Beauty,7,25.64,179.5
2024-02-01,Store C,Electronics,8,173.06,1384.45
2024-02-01,Store C,Clothing,4,78.01,312.05
2024-02-01,Store C,Groceries,9,21.26,191.36
2024-02-01,Store C,Home & Kitchen,1,95.93,95.93
2024-02-01,Store C,Beauty,4,15.72,62.88
2024-02-02,Store A,Electronics,7,221.93,1553.54
2024-02-02,Store A,Clothing,5,53.16,265.81
2024-02-02,Store A,Groceries,7,12.83,89.81
2024-02-02,Store A,Home & Kitchen,3,103.87,311.61
2024-02-02,Store A,Beauty,7,9.98,69.83
2024-02-02,Store B,Electronics,2,288.99,577.98
2024-02-02,Store B,Clothing,5,65.82,329.11
2024-02-02,Store B,Groceries,5,13.53,67.66
2024-02-02,Store B,Home & Kitchen,7,96.77,677.42
2024-02-02,Store B,Beauty,1,53.67,53.67
2024-02-02,Store C,Electronics,4,273.81,1095.23
2024-02-02,Store C,Clothing,6,77.99,467.93
2024-02-02,Store C,Groceries,4,6.15,24.61
2024-02-02,Store C,Home & Kitchen,2,80.23,160.46
2024-02-02,Store C,Beauty,4,44.75,179.0
2024-02-03,Store A,Electronics,11,225.02,2475.24
2024-02-03,Store A,Clothing,14,63.92,894.89
2024-02-03,Store A,Groceries,13,19.87,258.37
2024-02-03,Store A,Home & Kitchen,6,78.52,471.11
2024-02-03,Store A,Beauty,3,22.07,66.22
2024-02-03,Store B,Electronics,6,282.97,1697.82
2024-02-03,Store B,Clothing,11,38.63,424.94
2024-02-03,Store B,Groceries,10,22.88,228.83
2024-02-03,Store B,Home & Kitchen,4,80.41,321.64
2024-02-03,Store B,Beauty,1,42.8,42.8
2024-02-03,Store C,Electronics,5,236.43,1182.16
2024-02-03,Store C,Clothing,5,76.82,384.12
2024-02-03,Store C,Groceries,10,16.75,167.46
2024-02-03,Store C,Home & Kitchen,4,19.85,79.4
2024-02-03,Store C,Beauty,4,26.84,107.34
2024-02-04,Store A,Electronics,12,363.6,4363.21
2024-02-04,Store A,Clothing,7,39.56,276.93
2024-02-04,Store A,Groceries,14,19.53,273.38
2024-02-04,Store A,Home & Kitchen,5,17.54,87.68
2024-02-04,Store A,Beauty,8,14.51,116.05
2024-02-04,Store B,Electronics,4,272.01,1088.02
2024-02-04,Store B,Clothing,6,36.6,219.62
2024-02-04,Store B,Groceries,11,4.27,46.99
2024-02-04,Store B,Home & Kitchen,5,53.85,269.26
2024-02-04,Store B,Beauty,5,5.95,29.75
2024-02-04,Store C,Electronics,5,120.25,601.25
2024-02-04,Store C,Clothing,9,78.45,706.02
2024-02-04,Store C,Groceries,8,5.1,40.79
2024-02-04,Store C,Home & Kitchen,7,56.42,394.96
2024-02-04,Store C,Beauty,6,11.21,67.24
2024-02-05,Store A,Electronics,5,238.22,1191.09
2024-02-05,Store A,Clothing,7,52.68,368.75
2024-02-05,Store A,Groceries,11,20.08,220.84
2024-02-05,Store A,Home & Kitchen,3,115.98,347.94
2024-02-05,Store A,Beauty,5,28.85,144.25
2024-02-05,Store B,Electronics,7,104.91,734.38
2024-02-05,Store B,Clothing,4,17.69,70.75
2024-02-05,Store B,Groceries,8,19.3,154.39
2024-02-05,Store B,Home & Kitchen,7,23.86,167.0
2024-02-05,Store B,Beauty,2,17.08,34.17
2024-02-05,Store C,Electronics,1,258.3,258.3
2024-02-05,Store C,Clothing,4,34.16,136.62
2024-02-05,Store C,Groceries,12,10.49,125.86
2024-02-05,Store C,Home & Kitchen,2,18.23,36.46
2024-02-05,Store C,Beauty,3,6.8,20.4
2024-02-06,Store A,Electronics,14,97.28,1361.91
2024-02-06,Store A,Clothing,9,29.15,262.32
2024-02-06,Store A,Groceries,12,17.37,208.42
2024-02-06,Store A,Home & Kitchen,7,97.97,685.77
2024-02-06,Store A,Beauty,7,44.97,314.82
2024-02-06,Store B,Electronics,6,192.01,1152.06
2024-02-06,Store B,Clothing,7,25.49,178.43
2024-02-06,Store B,Groceries,8,12.37,98.98
2024-02-06,Store B,Home & Kitchen,3,35.61,106.82
2024-02-06,Store B,Beauty,4,48.1,192.4
2024-02-06,Store C,Electronics,6,248.24,1489.46
2024-02-06,Store C,Clothing,1,41.57,41.57
2024-02-06,Store C,Groceries,7,6.97,48.82
2024-02-06,Store C,Home & Kitchen,2,74.05,148.11
2024-02-06,Store C,Beauty,2,31.19,62.38
2024-02-07,Store A,Electronics,6,301.02,1806.12
2024-02-07,Store A,Clothing,10,22.66,226.56
2024-02-07,Store A,Groceries,5,19.97,99.84
2024-02-07,Store A,Home & Kitchen,7,72.25,505.76
2024-02-07,Store A,Beauty,5,25.9,129.48
2024-02-07,Store B,Electronics,8,275.94,2207.54
2024-02-07,Store B,Clothing,7,71.03,497.21
2024-02-07,Store B,Groceries,12,15.48,185.79
2024-02-07,Store B,Home & Kitchen,3,81.21,243.64
2024-02-07,Store B,Beauty,2,18.3,36.6
2024-02-07,Store C,Electronics,1,145.87,145.87
2024-02-07,Store C,Clothing,4,76.33,305.32
2024-02-07,Store C,Groceries,5,15.02,75.09
2024-02-07,Store C,Home & Kitchen,9,66.51,598.57
2024-02-07,Store C,Beauty,3,25.05,75.14
2024-02-08,Store A,Electronics,5,292.29,1461.46
2024-02-08,Store A,Clothing,7,76.42,534.94
2024-02-08,Store A,Groceries,15,11.3,169.57
2024-02-08,Store A,Home & Kitchen,6,28.69,172.13
2024-02-08,Store A,Beauty,5,46.06,230.31
2024-02-08,Store B,Electronics,8,337.9,2703.23
2024-02-08,Store B,Clothing,5,55.49,277.46
2024-02-08,Store B,Groceries,5,14.16,70.78
2024-02-08,Store B,Home & Kitchen,3,116.85,350.54
2024-02-08,Store B,Beauty,3,51.7,155.1
2024-02-08,Store C,Electronics,6,315.45,1892.73
2024-02-08,Store C,Clothing,2,65.45,130.9
2024-02-08,Store C,Groceries,3,15.03,45.08
2024-02-08,Store C,Home & Kitchen,5,63.56,317.78
2024-02-08,Store C,Beauty,5,50.73,253.67
2024-02-09,Store A,Electronics,5,388.18,1940.91
2024-02-09,Store A,Clothing,11,27.02,297.27
2024-02-09,Store A,Groceries,10,3.57,35.7
2024-02-09,Store A,Home & Kitchen,4,91.26,365.04
2024-02-09,Store A,Beauty,2,34.9,69.79
2024-02-09,Store B,Electronics,7,384.04,2688.28
2024-02-09,Store B,Clothing,8,51.81,414.5
2024-02-09,Store B,Groceries,4,5.23,20.9
2024-02-09,Store B,Home & Kitchen,3,34.03,102.08
2024-02-09,Store B,Beauty,3,36.64,109.93
2024-02-09,Store C,Electronics,6,117.16,702.94
2024-02-09,Store C,Clothing,2,41.91,83.81
2024-02-09,Store C,Groceries,9,16.21,145.85
2024-02-09,Store C,Home & Kitchen,4,74.86,299.45
2024-02-09,Store C,Beauty,3,9.15,27.46
2024-02-10,Store A,Electronics,14,395.89,5542.41
2024-02-10,Store A,Clothing,13,35.24,458.14
2024-02-10,Store A,Groceries,9,14.25,128.29
2024-02-10,Store A,Home & Kitchen,12,39.52,474.2
2024-02-10,Store A,Beauty,6,12.35,74.13
2024-02-10,Store B,Electronics,9,68.08,612.75
2024-02-10,Store B,Clothing,11,77.0,846.95
2024-02-10,Store B,Groceries,12,5.06,60.78
2024-02-10,Store B,Home & Kitchen,7,59.17,414.22
2024-02-10,Store C,Electronics,3,351.96,1055.89
2024-02-10,Store C,Clothing,4,45.07,180.3
2024-02-10,Store C,Groceries,15,7.57,113.53
2024-02-10,Store C,Home & Kitchen,3,15.0,44.99
2024-02-10,Store C,Beauty,4,38.99,155.97
2024-02-11,Store A,Electronics,11,351.28,3864.03
2024-02-11,Store A,Clothing,7,67.52,472.66
2024-02-11,Store A,Groceries,16,20.37,325.86
2024-02-11,Store A,Home & Kitchen,11,114.41,1258.46
2024-02-11,Store A,Beauty,3,45.07,135.2
2024-02-11,Store B,Electronics,7,237.88,1665.19
2024-02-11,Store B,Clothing,11,36.73,404.01
2024-02-11,Store B,Groceries,10,21.71,217.09
2024-02-11,Store B,Home & Kitchen,9,57.87,520.85
2024-02-11,Store B,Beauty,5,26.92,134.6
2024-02-11,Store C,Electronics,6,75.0,450.0
2024-02-11,Store C,Clothing,5,46.24,231.18
2024-02-11,Store C,Groceries,10,8.47,84.68
2024-02-11,Store C,Home & Kitchen,6,101.6,609.58
2024-02-11,Store C,Beauty,1,12.46,12.46
2024-02-12,Store A,Electronics,16,57.82,925.12
2024-02-12,Store A,Clothing,8,75.46,603.65
2024-02-12,Store A,Groceries,14,3.09,43.27
2024-02-12,Store A,Home & Kitchen,3,15.06,45.19
2024-02-12,Store A,Beauty,4,46.25,184.99
2024-02-12,Store B,Electronics,6,55.76,334.58
2024-02-12,Store B,Clothing,7,34.64,242.48
2024-02-12,Store B,Groceries,8,18.96,151.65
2024-02-12,Store B,Home & Kitchen,4,108.83,435.3
2024-02-12,Store B,Beauty,4,39.5,157.99
2024-02-12,Store C,Electronics,6,397.23,2383.4
2024-02-12,Store C,Clothing,6,65.21,391.25
2024-02-12,Store C,Groceries,10,12.19,121.94
2024-02-12,Store C,Home & Kitchen,2,71.18,142.35
2024-02-12,Store C,Beauty,2,12.41,24.82
2024-02-13,Store A,Electronics,9,227.83,2050.43
2024-02-13,Store A,Clothing,5,47.51,237.56
2024-02-13,Store A,Groceries,8,21.22,169.77
2024-02-13,Store A,Home & Kitchen,4,53.34,213.35
2024-02-13,Store A,Beauty,5,20.46,102.3
2024-02-13,Store B,Electronics,5,107.26,536.3
2024-02-13,Store B,Clothing,4,36.46,145.86
2024-02-13,Store B,Groceries,8,2.54,20.3
2024-02-13,Store B,Home & Kitchen,5,78.46,392.31
2024-02-13,Store B,Beauty,2,8.13,16.27
2024-02-13,Store C,Electronics,4,222.63,890.53
2024-02-13,Store C,Clothing,6,62.54,375.24
2024-02-13,Store C,Groceries,4,24.73,98.94
2024-02-13,Store C,Home & Kitchen,2,106.18,212.36
2024-02-13,Store C,Beauty,3,50.45,151.35
2024-02-14,Store A,Electronics,6,252.37,1514.21
2024-02-14,Store A,Clothing,7,63.81,446.65
2024-02-14,Store A,Groceries,10,23.14,231.45
2024-02-14,Store A,Home & Kitchen,6,49.64,297.83
2024-02-14,Store A,Beauty,8,16.81,134.49
2024-02-14,Store B,Electronics,10,204.41,2044.14
2024-02-14,Store B,Clothing,5,54.82,274.09
2024-02-14,Store B,Groceries,11,2.03,22.33
2024-02-14,Store B,Home & Kitchen,7,117.84,824.86
2024-02-14,Store B,Beauty,2,41.68,83.37
2024-02-14,Store C,Electronics,4,61.82,247.29
2024-02-14,Store C,Clothing,3,67.28,201.83
2024-02-14,Store C,Groceries,7,24.19,169.31
2024-02-14,Store C,Home & Kitchen,4,71.22,284.87
2024-02-14,Store C,Beauty,1,40.66,40.66
2024-02-15,Store A,Electronics,12,233.53,2802.41
2024-02-15,Store A,Clothing,7,33.91,237.37
2024-02-15,Store A,Groceries,9,24.99,224.94
2024-02-15,Store A,Home & Kitchen,4,39.79,159.17
2024-02-15,Store A,Beauty,6,51.73,310.4
2024-02-15,Store B,Electronics,7,134.21,939.48
2024-02-15,Store B,Clothing,3,55.68,167.04
2024-02-15,Store B,Groceries,12,8.08,96.99
2024-02-15,Store B,Home & Kitchen,4,50.54,202.17
2024-02-15,Store B,Beauty,2,53.85,107.69
2024-02-15,Store C,Electronics,12,246.45,2957.41
2024-02-15,Store C,Clothing,8,39.96,319.67
2024-02-15,Store C,Groceries,12,19.39,232.71
2024-02-15,Store C,Home & Kitchen,3,74.92,224.75
2024-02-15,Store C,Beauty,3,48.83,146.48
2024-02-16,Store A,Electronics,9,325.44,2928.99
2024-02-16,Store A,Clothing,2,55.69,111.38
2024-02-16,Store A,Groceries,12,11.09,133.07
2024-02-16,Store A,Home & Kitchen,5,29.27,146.35
2024-02-16,Store A,Beauty,5,33.73,168.67
2024-02-16,Store B,Electronics,7,185.27,1296.87
2024-02-16,Store B,Clothing,5,50.76,253.78
2024-02-16,Store B,Groceries,13,15.62,203.12
2024-02-16,Store B,Home & Kitchen,5,27.26,136.3
2024-02-16,Store B,Beauty,2,44.61,89.23
2024-02-16,Store C,Electronics,5,297.81,1489.03
2024-02-16,Store C,Clothing,2,50.01,100.02
2024-02-16,Store C,Groceries,6,12.1,72.57
2024-02-16,Store C,Home & Kitchen,6,12.95,77.69
2024-02-16,Store C,Beauty,2,25.62,51.24
2024-02-17,Store A,Electronics,14,79.35,1110.92
2024-02-17,Store A,Clothing,13,77.38,1005.91
2024-02-17,Store A,Groceries,9,9.84,88.55
2024-02-17,Store A,Home & Kitchen,6,52.85,317.12
2024-02-17,Store A,Beauty,8,58.02,464.15
2024-02-17,Store B,Electronics,12,141.66,1699.97
2024-02-17,Store B,Clothing,5,61.61,308.06
2024-02-17,Store B,Groceries,11,9.74,107.19
2024-02-17,Store B,Home & Kitchen,6,53.8,322.8
2024-02-17,Store B,Beauty,1,23.18,23.18
2024-02-17,Store C,Electronics,3,73.21,219.62
2024-02-17,Store C,Clothing,7,52.75,369.27
2024-02-17,Store C,Groceries,15,21.41,321.22
2024-02-17,Store C,Home & Kitchen,7,82.14,575.0
2024-02-17,Store C,Beauty,4,41.6,166.42
2024-02-18,Store A,Electronics,8,301.03,2408.27
2024-02-18,Store A,Clothing,6,49.75,298.47
2024-02-18,Store A,Groceries,11,4.94,54.31
2024-02-18,Store A,Home & Kitchen,6,15.31,91.88
2024-02-18,Store A,Beauty,2,11.72,23.44
2024-02-18,Store B,Electronics,7,354.65,2482.55
2024-02-18,Store B,Clothing,8,45.29,362.33
2024-02-18,Store B,Groceries,12,5.31,63.7
2024-02-18,Store B,Home & Kitchen,8,26.41,211.3
2024-02-18,Store B,Beauty,5,9.27,46.35
2024-02-18,Store C,Electronics,8,131.95,1055.57
2024-02-18,Store C,Clothing,6,45.8,274.78
2024-02-18,Store C,Groceries,14,16.68,233.5
2024-02-18,Store C,Home & Kitchen,7,71.47,500.27
2024-02-18,Store C,Beauty,1,36.07,36.07
2024-02-19,Store A,Electronics,7,102.35,716.43
2024-02-19,Store A,Clothing,7,60.23,421.6
2024-02-19,Store A,Groceries,11,20.5,225.52
2024-02-19,Store A,Home & Kitchen,4,71.06,284.26
2024-02-19,Store A,Beauty,7,57.4,401.81
2024-02-19,Store B,Electronics,11,381.67,4198.42
2024-02-19,Store B,Clothing,4,79.39,317.56
2024-02-19,Store B,Groceries,10,5.67,56.69
2024-02-19,Store B,Home & Kitchen,9,112.57,1013.1
2024-02-19,Store B,Beauty,7,31.59,221.14
2024-02-19,Store C,Electronics,7,251.5,1760.47
2024-02-19,Store C,Clothing,3,20.52,61.56
2024-02-19,Store C,Groceries,10,24.69,246.92
2024-02-19,Store C,Home & Kitchen,5,98.13,490.64
2024-02-19,Store C,Beauty,2,46.88,93.75
2024-02-20,Store A,Electronics,7,265.98,1861.89
2024-02-20,Store A,Clothing,8,33.89,271.15
2024-02-20,Store A,Groceries,12,24.29,291.46
2024-02-20,Store A,Home & Kitchen,5,81.53,407.63
2024-02-20,Store A,Beauty,5,56.61,283.04
2024-02-20,Store B,Electronics,7,246.26,1723.82
2024-02-20,Store B,Clothing,4,30.1,120.41
2024-02-20,Store B,Groceries,11,8.84,97.2
2024-02-20,Store B,Home & Kitchen,4,79.48,317.91
2024-02-20,Store B,Beauty,5,55.01,275.07
2024-02-20,Store C,Electronics,2,112.88,225.77
2024-02-20,Store C,Clothing,6,62.27,373.63
2024-02-20,Store C,Groceries,4,15.11,60.45
2024-02-20,Store C,Home & Kitchen,5,58.15,290.75
2024-02-20,Store C,Beauty,3,23.61,70.84
2024-02-21,Store A,Electronics,15,369.81,5547.12
2024-02-21,Store A,Clothing,6,61.02,366.09
2024-02-21,Store A,Groceries,16,3.84,61.39
2024-02-21,Store A,Home & Kitchen,7,37.34,261.37
2024-02-21,Store A,Beauty,1,14.64,14.64
2024-02-21,Store B,Electronics,10,308.88,3088.8
2024-02-21,Store B,Groceries,8,10.75,86.03
2024-02-21,Store B,Home & Kitchen,9,66.07,594.66
2024-02-21,Store B,Beauty,5,6.41,32.05
2024-02-21,Store C,Electronics,7,261.15,1828.05
2024-02-21,Store C,Clothing,1,24.57,24.57
2024-02-21,Store C,Groceries,6,23.03,138.15
2024-02-21,Store C,Home & Kitchen,11,97.73,1074.99
2024-02-21,Store C,Beauty,2,58.75,117.49
2024-02-22,Store A,Electronics,7,388.15,2717.06
2024-02-22,Store A,Clothing,9,23.68,213.13
2024-02-22,Store A,Groceries,11,6.43,70.72
2024-02-22,Store A,Home & Kitchen,8,34.7,277.56
2024-02-22,Store A,Beauty,1,54.24,54.24
2024-02-22,Store B,Electronics,8,52.82,422.55
2024-02-22,Store B,Clothing,6,67.35,404.11
2024-02-22,Store B,Groceries,9,17.85,160.67
2024-02-22,Store B,Home & Kitchen,7,90.47,633.3
2024-02-22,Store B,Beauty,4,53.28,213.12
2024-02-22,Store C,Electronics,2,390.32,780.63
2024-02-22,Store C,Clothing,6,27.03,162.17
2024-02-22,Store C,Groceries,5,4.38,21.88
2024-02-22,Store C,Home & Kitchen,6,70.75,424.49
2024-02-22,Store C,Beauty,3,49.16,147.48
2024-02-23,Store A,Electronics,9,101.55,913.94
2024-02-23,Store A,Clothing,5,39.49,197.43
2024-02-23,Store A,Groceries,15,20.83,312.41
2024-02-23,Store A,Home & Kitchen,8,74.05,592.38
2024-02-23,Store A,Beauty,2,29.26,58.51
2024-02-23,Store B,Electronics,7,164.51,1151.56
2024-02-23,Store B,Clothing,4,26.68,106.73
2024-02-23,Store B,Groceries,6,22.88,137.26
2024-02-23,Store B,Home & Kitchen,5,91.92,459.6
2024-02-23,Store B,Beauty,3,28.56,85.69
2024-02-23,Store C,Electronics,8,173.66,1389.32
2024-02-23,Store C,Clothing,5,79.11,395.55
2024-02-23,Store C,Groceries,7,21.33,149.29
2024-02-23,Store C,Home & Kitchen,6,112.51,675.04
2024-02-23,Store C,Beauty,2,41.68,83.37
2024-02-24,Store A,Electronics,10,290.49,2904.88
2024-02-24,Store A,Clothing,15,49.1,736.44
2024-02-24,Store A,Groceries,14,20.09,281.22
2024-02-24,Store A,Home & Kitchen,9,53.44,480.93
2024-02-24,Store A,Beauty,5,20.73,103.65
2024-02-24,Store B,Electronics,9,104.61,941.49
2024-02-24,Store B,Clothing,8,67.93,543.44
2024-02-24,Store B,Groceries,6,13.26,79.55
2024-02-24,Store B,Home & Kitchen,10,18.57,185.68
2024-02-24,Store B,Beauty,6,56.72,340.3
2024-02-24,Store C,Electronics,9,208.38,1875.44
2024-02-24,Store C,Clothing,3,32.21,96.64
2024-02-24,Store C,Groceries,14,12.62,176.66
2024-02-24,Store C,Home & Kitchen,11,38.17,419.92
2024-02-24,Store C,Beauty,5,25.21,126.07
2024-02-25,Store A,Electronics,8,324.42,2595.4
2024-02-25,Store A,Clothing,6,39.67,237.99
2024-02-25,Store A,Groceries,10,3.84,38.45
2024-02-25,Store A,Home & Kitchen,14,79.12,1107.66
2024-02-25,Store A,Beauty,3,6.35,19.04
2024-02-25,Store B,Electronics,5,223.33,1116.67
2024-02-25,Store B,Clothing,4,41.52,166.07
2024-02-25,Store B,Groceries,9,9.27,83.42
2024-02-25,Store B,Home & Kitchen,5,28.31,141.57
2024-02-25,Store B,Beauty,4,20.17,80.69
2024-02-25,Store C,Electronics,11,107.7,1184.74
2024-02-25,Store C,Clothing,5,24.45,122.24
2024-02-25,Store C,Groceries,16,23.08,369.34
2024-02-25,Store C,Home & Kitchen,5,71.83,359.17
2024-02-25,Store C,Beauty,2,46.05,92.09
2024-02-26,Store A,Electronics,3,200.26,600.77
2024-02-26,Store A,Clothing,5,76.0,379.98
2024-02-26,Store A,Groceries,14,19.01,266.11
2024-02-26,Store A,Home & Kitchen,10,98.83,988.26
2024-02-26,Store A,Beauty,12,47.93,575.17
2024-02-26,Store B,Electronics,9,242.39,2181.55
2024-02-26,Store B,Clothing,6,29.89,179.34
2024-02-26,Store B,Groceries,8,3.85,30.79
2024-02-26,Store B,Home & Kitchen,4,80.25,321.02
2024-02-26,Store B,Beauty,1,50.27,50.27
2024-02-26,Store C,Electronics,8,313.8,2510.43
2024-02-26,Store C,Clothing,4,73.77,295.09
2024-02-26,Store C,Groceries,10,19.3,193.03
2024-02-26,Store C,Home & Kitchen,3,58.8,176.39
2024-02-26,Store C,Beauty,1,32.58,32.58
2024-02-27,Store A,Electronics,9,196.67,1770.01
2024-02-27,Store A,Clothing,6,26.49,158.94
2024-02-27,Store A,Groceries,5,15.06,75.3
2024-02-27,Store A,Home & Kitchen,9,20.77,186.91
2024-02-27,Store A,Beauty,7,25.51,178.55
2024-02-27,Store B,Electronics,4,64.39,257.57
2024-02-27,Store B,Clothing,6,30.03,180.16
2024-02-27,Store B,Groceries,10,8.77,87.7
2024-02-27,Store B,Home & Kitchen,3,10.03,30.09
2024-02-27,Store B,Beauty,2,7.01,14.02
2024-02-27,Store C,Electronics,7,221.28,1548.97
2024-02-27,Store C,Clothing,3,58.68,176.03
2024-02-27,Store C,Groceries,12,16.97,203.63
2024-02-27,Store C,Home & Kitchen,4,58.56,234.23
2024-02-27,Store C,Beauty,2,58.36,116.72
2024-02-28,Store A,Electronics,10,397.51,3975.11
2024-02-28,Store A,Clothing,8,61.59,492.68
2024-02-28,Store A,Groceries,14,22.73,318.27
2024-02-28,Store A,Home & Kitchen,3,90.05,270.14
2024-02-28,Store A,Beauty,8,37.81,302.49
2024-02-28,Store B,Electronics,11,147.77,1625.5
2024-02-28,Store B,Clothing,5,61.96,309.78
2024-02-28,Store B,Groceries,11,22.53,247.78
2024-02-28,Store B,Home & Kitchen,5,75.68,378.38
2024-02-28,Store B,Beauty,1,19.32,19.32
2024-02-28,Store C,Electronics,3,339.12,1017.35
2024-02-28,Store C,Clothing,3,71.64,214.92
2024-02-28,Store C,Groceries,9,15.0,135.0
2024-02-28,Store C,Home & Kitchen,7,83.94,587.58
2024-02-28,Store C,Beauty,3,15.24,45.72
2024-02-29,Store A,Electronics,5,54.25,271.23
2024-02-29,Store A,Clothing,4,23.03,92.13
2024-02-29,Store A,Groceries,12,10.59,127.13
2024-02-29,Store A,Home & Kitchen,5,94.48,472.41
2024-02-29,Store A,Beauty,5,40.76,203.82
2024-02-29,Store B,Electronics,6,257.36,1544.13
2024-02-29,Store B,Clothing,6,66.54,399.26
2024-02-29,Store B,Groceries,10,23.96,239.59
2024-02-29,Store B,Home & Kitchen,7,93.68,655.75
2024-02-29,Store B,Beauty,1,9.74,9.74
2024-02-29,Store C,Electronics,4,328.46,1313.84
2024-02-29,Store C,Clothing,3,68.98,206.94
2024-02-29,Store C,Groceries,4,23.84,95.37
2024-02-29,Store C,Home & Kitchen,2,111.02,222.05
2024-02-29,Store C,Beauty,6,36.53,219.15
2024-03-01,Store A,Electronics,9,262.8,2365.24
2024-03-01,Store A,Clothing,8,72.51,580.07
2024-03-01,Store A,Groceries,12,15.53,186.4
2024-03-01,Store A,Home & Kitchen,7,18.23,127.59
2024-03-01,Store A,Beauty,6,38.88,233.29
2024-03-01,Store B,Electronics,11,169.28,1862.13
2024-03-01,Store B,Clothing,8,74.64,597.09
2024-03-01,Store B,Groceries,10,24.09,240.87
2024-03-01,Store B,Home & Kitchen,5,82.11,410.53
2024-03-01,Store B,Beauty,3,8.66,25.98
2024-03-01,Store C,Electronics,6,112.75,676.49
2024-03-01,Store C,Clothing,1,62.22,62.22
2024-03-01,Store C,Groceries,7,14.06,98.45
2024-03-01,Store C,Home & Kitchen,2,86.55,173.1
2024-03-01,Store C,Beauty,5,44.32,221.59
2024-03-02,Store A,Electronics,11,340.37,3744.09
2024-03-02,Store A,Clothing,8,61.93,495.42
2024-03-02,Store A,Groceries,22,7.8,171.67
2024-03-02,Store A,Home & Kitchen,16,105.81,1692.95
2024-03-02,Store A,Beauty,5,45.09,225.43
2024-03-02,Store B,Electronics,9,362.63,3263.71
2024-03-02,Store B,Clothing,7,15.72,110.06
2024-03-02,Store B,Groceries,10,9.07,90.73
2024-03-02,Store B,Home & Kitchen,7,119.07,833.5
2024-03-02,Store B,Beauty,8,50.62,404.94
2024-03-02,Store C,Electronics,9,201.88,1816.91
2024-03-02,Store C,Clothing,4,24.55,98.22
2024-03-02,Store C,Groceries,8,21.59,172.75
2024-03-02,Store C,Home & Kitchen,3,76.45,229.35
2024-03-02,Store C,Beauty,4,53.94,215.78
2024-03-03,Store A,Electronics,13,54.13,703.69
2024-03-03,Store A,Clothing,10,22.95,229.54
2024-03-03,Store A,Groceries,22,12.79,281.42
2024-03-03,Store A,Home & Kitchen,12,96.97,1163.68
2024-03-03,Store A,Beauty,7,24.36,170.51
2024-03-03,Store B,Electronics,6,254.09,1524.55
2024-03-03,Store B,Clothing,4,79.4,317.59
2024-03-03,Store B,Groceries,14,21.81,305.34
2024-03-03,Store B,Home & Kitchen,2,34.96,69.92
2024-03-03,Store B,Beauty,6,40.41,242.48
2024-03-03,Store C,Electronics,9,146.26,1316.33
2024-03-03,Store C,Clothing,13,24.43,317.61
2024-03-03,Store C,Groceries,11,23.29,256.23
2024-03-03,Store C,Home & Kitchen,7,86.62,606.32
2024-03-03,Store C,Beauty,5,58.74,293.72
2024-03-04,Store A,Electronics,11,340.91,3749.98
2024-03-04,Store A,Clothing,8,73.66,589.27
2024-03-04,Store A,Groceries,18,3.32,59.8
2024-03-04,Store A,Home & Kitchen,10,19.15,191.51
2024-03-04,Store A,Beauty,5,12.41,62.07
2024-03-04,Store B,Electronics,8,316.74,2533.88
2024-03-04,Store B,Clothing,8,31.34,250.75
2024-03-04,Store B,Groceries,14,2.74,38.42
2024-03-04,Store B,Home & Kitchen,6,88.47,530.81
2024-03-04,Store B,Beauty,7,32.91,230.38
2024-03-04,Store C,Electronics,7,88.16,617.15
2024-03-04,Store C,Clothing,5,47.22,236.08
2024-03-04,Store C,Groceries,12,2.27,27.23
2024-03-04,Store C,Home & Kitchen,1,80.88,80.88
2024-03-04,Store C,Beauty,3,23.47,70.42
2024-03-05,Store A,Electronics,6,189.22,1135.32
2024-03-05,Store A,Clothing,5,47.7,238.52
2024-03-05,Store A,Groceries,13,4.99,64.93
2024-03-05,Store A,Home & Kitchen,8,20.09,160.7
2024-03-05,Store A,Beauty,5,38.09,190.47
2024-03-05,Store B,Electronics,9,378.04,3402.38
2024-03-05,Store B,Clothing,6,44.67,268.02
2024-03-05,Store B,Groceries,12,11.92,143.04
2024-03-05,Store B,Home & Kitchen,5,112.07,560.34
2024-03-05,Store B,Beauty,6,54.41,326.49
2024-03-05,Store C,Electronics,10,325.1,3250.97
2024-03-05,Store C,Clothing,9,78.89,710.02
2024-03-05,Store C,Groceries,6,21.43,128.55
2024-03-05,Store C,Home & Kitchen,6,99.01,594.06
2024-03-05,Store C,Beauty,1,32.89,32.89
2024-03-06,Store A,Electronics,13,64.69,840.96
2024-03-06,Store A,Clothing,10,77.41,774.12
2024-03-06,Store A,Groceries,9,12.93,116.41
2024-03-06,Store A,Home & Kitchen,2,15.61,31.21
2024-03-06,Store A,Beauty,8,5.07,40.53
2024-03-06,Store B,Electronics,8,198.75,1590.02
2024-03-06,Store B,Clothing,8,58.97,471.8
2024-03-06,Store B,Groceries,11,23.37,257.12
2024-03-06,Store B,Home & Kitchen,3,32.19,96.58
2024-03-06,Store B,Beauty,11,34.8,382.75
2024-03-06,Store C,Electronics,6,285.82,1714.94
2024-03-06,Store C,Clothing,7,76.24,533.65
2024-03-06,Store C,Groceries,11,9.99,109.86
2024-03-06,Store C,Home & Kitchen,6,98.45,590.7
2024-03-06,Store C,Beauty,2,31.06,62.12
2024-03-07,Store A,Electronics,10,232.47,2324.66
2024-03-07,Store A,Clothing,12,72.6,871.2
2024-03-07,Store A,Groceries,10,24.32,243.18
2024-03-07,Store A,Home & Kitchen,7,110.51,773.6
2024-03-07,Store A,Beauty,9,47.51,427.62
2024-03-07,Store B,Electronics,8,292.17,2337.37
2024-03-07,Store B,Clothing,8,71.3,570.41
2024-03-07,Store B,Groceries,11,10.63,116.94
2024-03-07,Store B,Home & Kitchen,3,97.92,293.76
2024-03-07,Store B,Beauty,4,51.78,207.13
2024-03-07,Store C,Electronics,6,347.4,2084.43
2024-03-07,Store C,Clothing,5,62.45,312.26
2024-03-07,Store C,Groceries,11,24.03,264.37
2024-03-07,Store C,Home & Kitchen,4,83.79,335.17
2024-03-07,Store C,Beauty,4,47.05,188.21
2024-03-08,Store A,Electronics,5,238.92,1194.61
2024-03-08,Store A,Clothing,7,31.33,219.34
2024-03-08,Store A,Groceries,10,17.71,177.05
2024-03-08,Store A,Home & Kitchen,7,23.66,165.59
2024-03-08,Store A,Beauty,2,29.08,58.16
2024-03-08,Store B,Electronics,9,167.77,1509.93
2024-03-08,Store B,Clothing,3,36.13,108.38
2024-03-08,Store B,Groceries,9,24.95,224.54
2024-03-08,Store B,Home & Kitchen,9,77.46,697.18
2024-03-08,Store B,Beauty,4,51.0,204.0
2024-03-08,Store C,Electronics,4,245.33,981.3
2024-03-08,Store C,Clothing,4,23.5,94.0
2024-03-08,Store C,Groceries,7,7.72,54.04
2024-03-08,Store C,Home & Kitchen,7,93.08,651.56
2024-03-08,Store C,Beauty,3,50.0,150.0
2024-03-09,Store A,Electronics,15,324.3,4864.46
2024-03-09,Store A,Clothing,14,37.06,518.87
2024-03-09,Store A,Groceries,16,20.75,331.94
2024-03-09,Store A,Home & Kitchen,8,38.17,305.37
2024-03-09,Store A,Beauty,8,32.51,260.1
2024-03-09,Store B,Electronics,11,364.03,4004.38
2024-03-09,Store B,Clothing,8,24.03,192.27
2024-03-09,Store B,Groceries,19,11.23,213.29
2024-03-09,Store B,Home & Kitchen,4,56.47,225.88
2024-03-09,Store B,Beauty,3,27.38,82.14
2024-03-09,Store C,Electronics,8,89.05,712.41
2024-03-09,Store C,Clothing,9,35.08,315.72
2024-03-09,Store C,Groceries,10,20.58,205.84
2024-03-09,Store C,Home & Kitchen,7,35.97,251.76
2024-03-09,Store C,Beauty,4,42.8,171.2
2024-03-10,Store A,Electronics,11,280.86,3089.42
2024-03-10,Store A,Clothing,4,71.82,287.28
2024-03-10,Store A,Groceries,14,18.79,263.09
2024-03-10,Store A,Home & Kitchen,12,15.31,183.68
2024-03-10,Store A,Beauty,10,9.05,90.54
2024-03-10,Store B,Electronics,9,243.32,2189.87
2024-03-10,Store B,Clothing,12,23.07,276.8
2024-03-10,Store B,Groceries,20,12.94,258.9
2024-03-10,Store B,Home & Kitchen,9,45.49,409.4
2024-03-10,Store B,Beauty,7,53.29,373.0
2024-03-10,Store C,Electronics,9,210.13,1891.17
2024-03-10,Store C,Clothing,2,27.01,54.03
2024-03-10,Store C,Groceries,13,14.52,188.78
2024-03-10,Store C,Home & Kitchen,3,58.7,176.09
2024-03-10,Store C,Beauty,6,59.29,355.73
2024-03-11,Store A,Electronics,4,389.93,1559.73
2024-03-11,Store A,Clothing,6,35.48,212.88
2024-03-11,Store A,Groceries,16,21.44,343.03
2024-03-11,Store A,Home & Kitchen,10,51.46,514.56
2024-03-11,Store A,Beauty,6,51.22,307.31
2024-03-11,Store B,Electronics,11,86.37,950.08
2024-03-11,Store B,Clothing,6,26.77,160.6
2024-03-11,Store B,Groceries,7,20.57,143.98
2024-03-11,Store B,Home & Kitchen,5,61.42,307.09
2024-03-11,Store B,Beauty,3,56.71,170.13
2024-03-11,Store C,Electronics,4,158.71,634.84
2024-03-11,Store C,Clothing,8,17.61,140.91
2024-03-11,Store C,Groceries,9,14.79,133.08
2024-03-11,Store C,Home & Kitchen,7,76.49,535.4
2024-03-11,Store C,Beauty,1,43.45,43.45
2024-03-12,Store A,Electronics,9,232.05,2088.41
2024-03-12,Store A,Clothing,10,38.48,384.82
2024-03-12,Store A,Groceries,17,17.62,299.55
2024-03-12,Store A,Home & Kitchen,10,104.93,1049.29
2024-03-12,Store A,Beauty,6,13.55,81.31
2024-03-12,Store B,Electronics,11,75.81,833.88
2024-03-12,Store B,Clothing,7,57.75,404.23
2024-03-12,Store B,Groceries,8,17.84,142.72
2024-03-12,Store B,Home & Kitchen,7,37.76,264.31
2024-03-12,Store B,Beauty,4,34.35,137.41
2024-03-12,Store C,Electronics,12,108.64,1303.65
2024-03-12,Store C,Clothing,6,55.89,335.35
2024-03-12,Store C,Groceries,7,6.45,45.18
2024-03-12,Store C,Home & Kitchen,2,83.44,166.87
2024-03-12,Store C,Beauty,6,7.38,44.3
2024-03-13,Store A,Electronics,13,95.15,1236.97
2024-03-13,Store A,Clothing,10,26.31,263.07
2024-03-13,Store A,Groceries,14,14.38,201.32
2024-03-13,Store A,Home & Kitchen,7,26.11,182.74
2024-03-13,Store A,Beauty,4,59.26,237.06
2024-03-13,Store B,Electronics,8,227.78,1822.22
2024-03-13,Store B,Clothing,6,51.67,310.05
2024-03-13,Store B,Groceries,12,12.22,146.65
2024-03-13,Store B,Home & Kitchen,5,101.79,508.95
2024-03-13,Store B,Beauty,5,58.77,293.84
2024-03-13,Store C,Electronics,4,294.55,1178.18
2024-03-13,Store C,Clothing,3,37.2,111.61
2024-03-13,Store C,Groceries,9,6.27,56.42
2024-03-13,Store C,Home & Kitchen,4,82.75,331.0
2024-03-13,Store C,Beauty,7,32.16,225.11
2024-03-14,Store A,Electronics,8,359.42,2875.33
2024-03-14,Store A,Clothing,3,54.63,163.88
2024-03-14,Store A,Groceries,12,20.56,246.69
2024-03-14,Store A,Home & Kitchen,9,88.94,800.46
2024-03-14,Store A,Beauty,3,25.54,76.63
2024-03-14,Store B,Electronics,10,344.13,3441.33
2024-03-14,Store B,Clothing,6,51.34,308.02
2024-03-14,Store B,Groceries,8,13.03,104.25
2024-03-14,Store B,Home & Kitchen,13,62.0,805.99
2024-03-14,Store B,Beauty,8,32.16,257.27
2024-03-14,Store C,Electronics,6,269.94,1619.64
2024-03-14,Store C,Clothing,6,55.37,332.19
2024-03-14,Store C,Groceries,10,17.46,174.64
2024-03-14,Store C,Home & Kitchen,4,86.94,347.78
2024-03-14,Store C,Beauty,7,30.05,210.34
2024-03-15,Store A,Electronics,10,329.26,3292.63
2024-03-15,Store A,Clothing,7,49.03,343.22
2024-03-15,Store A,Groceries,10,21.85,218.48
2024-03-15,Store A,Home & Kitchen,6,71.51,429.03
2024-03-15,Store A,Beauty,6,26.76,160.55
2024-03-15,Store B,Electronics,12,103.74,1244.85
2024-03-15,Store B,Clothing,4,38.14,152.55
2024-03-15,Store B,Groceries,10,23.31,233.12
2024-03-15,Store B,Home & Kitchen,5,17.94,89.69
2024-03-15,Store B,Beauty,4,25.04,100.16
2024-03-15,Store C,Electronics,8,337.88,2703.0
2024-03-15,Store C,Clothing,6,42.66,255.94
2024-03-15,Store C,Groceries,11,2.5,27.48
2024-03-15,Store C,Home & Kitchen,2,57.97,115.94
2024-03-15,Store C,Beauty,1,43.02,43.02
2024-03-16,Store A,Electronics,8,155.7,1245.6
2024-03-16,Store A,Clothing,12,31.41,376.92
2024-03-16,Store A,Groceries,21,7.51,157.63
2024-03-16,Store A,Home & Kitchen,18,95.82,1724.84
2024-03-16,Store A,Beauty,4,51.49,205.96
2024-03-16,Store B,Electronics,14,371.0,5194.01
2024-03-16,Store B,Clothing,10,79.57,795.74
2024-03-16,Store B,Groceries,16,21.79,348.57
2024-03-16,Store B,Home & Kitchen,8,92.88,743.05
2024-03-16,Store B,Beauty,6,44.26,265.56
2024-03-16,Store C,Electronics,10,117.41,1174.09
2024-03-16,Store C,Clothing,11,64.19,706.05
2024-03-16,Store C,Groceries,9,12.35,111.12
2024-03-16,Store C,Home & Kitchen,3,62.11,186.32
2024-03-16,Store C,Beauty,8,53.54,428.34
2024-03-17,Store A,Electronics,9,354.46,3190.11
2024-03-17,Store A,Clothing,13,24.39,317.06
2024-03-17,Store A,Groceries,13,6.01,78.09
2024-03-17,Store A,Home & Kitchen,9,83.98,755.82
2024-03-17,Store A,Beauty,10,56.05,560.5
2024-03-17,Store B,Electronics,12,72.6,871.15
2024-03-17,Store B,Clothing,9,27.46,247.1
2024-03-17,Store B,Groceries,11,14.75,162.22
2024-03-17,Store B,Home & Kitchen,9,88.77,798.95
2024-03-17,Store B,Beauty,11,47.36,520.92
2024-03-17,Store C,Electronics,10,249.48,2494.82
2024-03-17,Store C,Clothing,8,32.56,260.48
2024-03-17,Store C,Groceries,13,20.16,262.04
2024-03-17,Store C,Home & Kitchen,5,113.89,569.44
2024-03-17,Store C,Beauty,4,54.56,218.24
2024-03-18,Store A,Electronics,12,390.78,4689.33
2024-03-18,Store A,Clothing,12,18.17,218.1
2024-03-18,Store A,Groceries,12,9.46,113.49
2024-03-18,Store A,Home & Kitchen,5,113.95,569.75
2024-03-18,Store A,Beauty,3,8.79,26.38
2024-03-18,Store B,Electronics,1,119.73,119.73
2024-03-18,Store B,Clothing,3,44.44,133.32
2024-03-18,Store B,Groceries,9,23.26,209.34
2024-03-18,Store B,Home & Kitchen,7,53.38,373.69
2024-03-18,Store B,Beauty,3,13.16,39.47
2024-03-18,Store C,Electronics,5,76.33,381.67
2024-03-18,Store C,Clothing,5,78.04,390.21
2024-03-18,Store C,Groceries,6,5.25,31.52
2024-03-18,Store C,Home & Kitchen,2,69.31,138.61
2024-03-18,Store C,Beauty,4,25.24,100.96
2024-03-19,Store A,Electronics,8,154.18,1233.45
2024-03-19,Store A,Clothing,14,41.21,576.93
2024-03-19,Store A,Groceries,12,12.62,151.5
2024-03-19,Store A,Home & Kitchen,7,54.21,379.5
2024-03-19,Store A,Beauty,6,59.96,359.77
2024-03-19,Store B,Electronics,8,198.27,1586.13
2024-03-19,Store B,Clothing,7,49.83,348.79
2024-03-19,Store B,Groceries,14,2.62,36.71
2024-03-19,Store B,Home & Kitchen,3,38.24,114.71
2024-03-19,Store B,Beauty,3,9.45,28.35
2024-03-19,Store C,Electronics,7,249.74,1748.15
2024-03-19,Store C,Clothing,6,28.61,171.64
2024-03-19,Store C,Groceries,13,8.15,105.98
2024-03-19,Store C,Home & Kitchen,7,47.95,335.68
2024-03-19,Store C,Beauty,5,44.42,222.08
2024-03-20,Store A,Electronics,12,260.32,3123.82
2024-03-20,Store A,Clothing,7,42.54,297.77
2024-03-20,Store A,Groceries,14,9.17,128.34
2024-03-20,Store A,Home & Kitchen,9,49.6,446.38
2024-03-20,Store A,Beauty,5,12.35,61.76
2024-03-20,Store B,Electronics,3,237.27,711.82
2024-03-20,Store B,Clothing,8,56.23,449.86
2024-03-20,Store B,Groceries,9,22.98,206.79
2024-03-20,Store B,Home & Kitchen,4,87.96,351.84
2024-03-20,Store B,Beauty,5,6.62,33.1
2024-03-20,Store C,Electronics,7,311.61,2181.25
2024-03-20,Store C,Clothing,4,39.93,159.73
2024-03-20,Store C,Groceries,6,22.95,137.67
2024-03-20,Store C,Home & Kitchen,7,20.32,142.26
2024-03-21,Store A,Electronics,13,221.35,2877.56
2024-03-21,Store A,Clothing,10,28.67,286.68
2024-03-21,Store A,Groceries,13,20.88,271.39
2024-03-21,Store A,Home & Kitchen,9,26.08,234.73
2024-03-21,Store A,Beauty,3,43.59,130.78
2024-03-21,Store B,Electronics,10,389.89,3898.92
2024-03-21,Store B,Clothing,4,29.66,118.64
2024-03-21,Store B,Groceries,9,13.17,118.55
2024-03-21,Store B,Home & Kitchen,5,69.81,349.03
2024-03-21,Store B,Beauty,3,57.91,173.72
2024-03-21,Store C,Electronics,8,123.23,985.83
2024-03-21,Store C,Clothing,5,74.96,374.79
2024-03-21,Store C,Groceries,7,20.82,145.72
2024-03-21,Store C,Home & Kitchen,9,74.69,672.18
2024-03-21,Store C,Beauty,3,24.99,74.97
2024-03-22,Store A,Electronics,8,184.37,1474.98
2024-03-22,Store A,Clothing,7,65.28,456.98
2024-03-22,Store A,Groceries,15,4.77,71.62
2024-03-22,Store A,Home & Kitchen,8,57.75,461.96
2024-03-22,Store A,Beauty,11,58.81,646.95
2024-03-22,Store B,Electronics,5,146.12,730.61
2024-03-22,Store B,Clothing,6,51.51,309.09
2024-03-22,Store B,Groceries,14,22.72,318.09
2024-03-22,Store B,Home & Kitchen,4,47.79,191.15
2024-03-22,Store B,Beauty,2,32.26,64.52
2024-03-22,Store C,Electronics,2,139.54,279.09
2024-03-22,Store C,Clothing,3,37.49,112.46
2024-03-22,Store C,Groceries,5,17.95,89.73
2024-03-22,Store C,Home & Kitchen,5,45.44,227.21
2024-03-22,Store C,Beauty,4,32.18,128.72
2024-03-23,Store A,Electronics,20,87.02,1740.31
2024-03-23,Store A,Clothing,13,35.16,457.14
2024-03-23,Store A,Groceries,14,13.12,183.62
2024-03-23,Store A,Home & Kitchen,13,64.77,841.97
2024-03-23,Store A,Beauty,6,31.28,187.69
2024-03-23,Store B,Electronics,14,238.36,3337.04
2024-03-23,Store B,Clothing,10,47.22,472.16
2024-03-23,Store B,Groceries,19,22.57,428.8
2024-03-23,Store B,Home & Kitchen,7,85.18,596.26
2024-03-23,Store B,Beauty,5,41.53,207.65
2024-03-23,Store C,Electronics,6,347.59,2085.56
2024-03-23,Store C,Clothing,6,46.23,277.39
2024-03-23,Store C,Groceries,15,11.94,179.07
2024-03-23,Store C,Home & Kitchen,7,80.86,566.04
2024-03-23,Store C,Beauty,2,25.49,50.97
2024-03-24,Store A,Electronics,14,358.34,5016.74
2024-03-24,Store A,Clothing,14,23.49,328.84
2024-03-24,Store A,Groceries,24,24.96,599.15
2024-03-24,Store A,Home & Kitchen,6,93.69,562.12
2024-03-24,Store A,Beauty,12,10.92,131.05
2024-03-24,Store B,Electronics,20,212.87,4257.34
2024-03-24,Store B,Clothing,13,66.37,862.83
2024-03-24,Store B,Groceries,14,11.84,165.74
2024-03-24,Store B,Home & Kitchen,6,109.59,657.54
2024-03-24,Store B,Beauty,12,26.96,323.51
2024-03-24,Store C,Electronics,13,197.3,2564.88
2024-03-24,Store C,Clothing,4,31.15,124.59
2024-03-24,Store C,Groceries,11,20.47,225.22
2024-03-24,Store C,Home & Kitchen,6,93.98,563.89
2024-03-24,Store C,Beauty,2,35.98,71.97
2024-03-25,Store A,Electronics,6,73.69,442.14
2024-03-25,Store A,Clothing,10,65.99,659.94
2024-03-25,Store A,Groceries,16,13.14,210.25
2024-03-25,Store A,Home & Kitchen,7,109.16,764.1
2024-03-25,Store A,Beauty,6,58.48,350.9
2024-03-25,Store B,Electronics,9,186.59,1679.33
2024-03-25,Store B,Clothing,5,25.07,125.36
2024-03-25,Store B,Groceries,8,11.07,88.57
2024-03-25,Store B,Home & Kitchen,7,36.49,255.4
2024-03-25,Store B,Beauty,6,5.12,30.7
2024-03-25,Store C,Electronics,8,127.93,1023.44
2024-03-25,Store C,Clothing,9,38.98,350.81
2024-03-25,Store C,Groceries,7,17.34,121.41
2024-03-25,Store C,Home & Kitchen,7,35.66,249.64
2024-03-25,Store C,Beauty,1,44.74,44.74
2024-03-26,Store A,Electronics,10,211.74,2117.36
2024-03-26,Store A,Clothing,9,41.44,372.96
2024-03-26,Store A,Groceries,12,8.89,106.69
2024-03-26,Store A,Home & Kitchen,14,106.73,1494.17
2024-03-26,Store A,Beauty,2,40.66,81.32
2024-03-26,Store B,Electronics,5,280.56,1402.82
2024-03-26,Store B,Clothing,7,72.17,505.18
2024-03-26,Store B,Groceries,10,11.92,119.15
2024-03-26,Store B,Home & Kitchen,4,38.82,155.26
2024-03-26,Store B,Beauty,5,52.48,262.42
2024-03-26,Store C,Electronics,5,114.86,574.32
2024-03-26,Store C,Clothing,5,59.7,298.49
2024-03-26,Store C,Groceries,9,15.32,137.92
2024-03-26,Store C,Home & Kitchen,5,52.27,261.37
2024-03-27,Store A,Electronics,9,87.7,789.27
2024-03-27,Store A,Clothing,11,58.05,638.54
2024-03-27,Store A,Groceries,18,19.5,351.02
2024-03-27,Store A,Home & Kitchen,4,18.17,72.66
2024-03-27,Store A,Beauty,7,45.94,321.57
2024-03-27,Store B,Electronics,5,213.89,1069.45
2024-03-27,Store B,Clothing,5,63.27,316.33
2024-03-27,Store B,Groceries,12,2.56,30.73
2024-03-27,Store B,Home & Kitchen,7,69.39,485.75
2024-03-27,Store B,Beauty,8,14.18,113.45
2024-03-27,Store C,Electronics,10,285.85,2858.51
2024-03-27,Store C,Clothing,7,21.73,152.12
2024-03-27,Store C,Groceries,7,23.59,165.1
2024-03-27,Store C,Home & Kitchen,4,25.11,100.44
2024-03-27,Store C,Beauty,6,57.72,346.34
2024-03-28,Store A,Electronics,8,382.93,3063.48
2024-03-28,Store A,Clothing,13,29.83,387.75
2024-03-28,Store A,Groceries,13,4.44,57.74
2024-03-28,Store A,Home & Kitchen,7,101.03,707.19
2024-03-28,Store A,Beauty,7,18.46,129.24
2024-03-28,Store B,Electronics,9,65.72,591.5
2024-03-28,Store B,Clothing,9,68.54,616.88
2024-03-28,Store B,Groceries,5,9.02,45.1
2024-03-28,Store B,Home & Kitchen,7,88.69,620.86
2024-03-28,Store C,Electronics,11,156.46,1721.04
2024-03-28,Store C,Clothing,4,22.37,89.48
2024-03-28,Store C,Groceries,15,22.18,332.67
2024-03-28,Store C,Home & Kitchen,6,99.82,598.91
2024-03-28,Store C,Beauty,6,37.81,226.85
2024-03-29,Store A,Electronics,12,75.53,906.31
2024-03-29,Store A,Clothing,10,69.64,696.44
2024-03-29,Store A,Groceries,13,13.01,169.08
2024-03-29,Store A,Home & Kitchen,14,100.47,1406.52
2024-03-29,Store A,Beauty,7,30.9,216.29
2024-03-29,Store B,Electronics,5,256.76,1283.82
2024-03-29,Store B,Clothing,6,78.18,469.09
2024-03-29,Store B,Groceries,12,24.8,297.62
2024-03-29,Store B,Home & Kitchen,5,31.63,158.16
2024-03-29,Store B,Beauty,1,31.57,31.57
2024-03-29,Store C,Electronics,7,263.85,1846.92
2024-03-29,Store C,Clothing,5,36.5,182.5
2024-03-29,Store C,Groceries,3,23.11,69.34
2024-03-29,Store C,Home & Kitchen,6,54.0,323.99
2024-03-29,Store C,Beauty,5,51.27,256.35
2024-03-30,Store A,Electronics,15,306.62,4599.31
2024-03-30,Store A,Clothing,7,42.69,298.86
2024-03-30,Store A,Groceries,20,2.36,47.17
2024-03-30,Store A,Home & Kitchen,10,79.87,798.73
2024-03-30,Store A,Beauty,10,10.5,105.02
2024-03-30,Store B,Electronics,15,255.82,3837.25
2024-03-30,Store B,Clothing,8,18.88,151.07
2024-03-30,Store B,Groceries,18,15.76,283.74
2024-03-30,Store B,Home & Kitchen,7,55.71,389.97
2024-03-30,Store B,Beauty,10,10.71,107.14
2024-03-30,Store C,Electronics,4,300.5,1202.01
2024-03-30,Store C,Clothing,7,76.32,534.22
2024-03-30,Store C,Groceries,8,23.75,190.0
2024-03-30,Store C,Home & Kitchen,4,68.85,275.39
2024-03-30,Store C,Beauty,6,50.5,302.97
2024-03-31,Store A,Electronics,9,57.11,514.0
2024-03-31,Store A,Clothing,23,45.5,1046.49
2024-03-31,Store A,Groceries,19,5.81,110.41
2024-03-31,Store A,Home & Kitchen,10,64.8,647.97
2024-03-31,Store A,Beauty,10,38.98,389.81
2024-03-31,Store B,Electronics,14,302.82,4239.48
2024-03-31,Store B,Clothing,9,63.92,575.29
2024-03-31,Store B,Groceries,11,17.98,197.79
2024-03-31,Store B,Home & Kitchen,9,111.07,999.6
2024-03-31,Store B,Beauty,4,37.27,149.08
2024-03-31,Store C,Electronics,15,347.38,5210.67
2024-03-31,Store C,Clothing,13,71.58,930.53
2024-03-31,Store C,Groceries,13,2.32,30.1
2024-03-31,Store C,Home & Kitchen,8,41.96,335.68
2024-03-31,Store C,Beauty,4,43.6,174.42
2024-04-01,Store A,Electronics,8,172.14,1377.1
2024-04-01,Store A,Clothing,7,76.42,534.96
2024-04-01,Store A,Groceries,12,4.23,50.73
2024-04-01,Store A,Home & Kitchen,7,31.48,220.36
2024-04-01,Store A,Beauty,6,16.11,96.66
2024-04-01,Store B,Electronics,6,392.13,2352.76
2024-04-01,Store B,Clothing,12,51.32,615.79
2024-04-01,Store B,Groceries,13,18.58,241.49
2024-04-01,Store B,Home & Kitchen,3,89.16,267.48
2024-04-01,Store B,Beauty,6,58.13,348.75
2024-04-01,Store C,Electronics,11,343.35,3776.86
2024-04-01,Store C,Clothing,10,38.6,386.02
2024-04-01,Store C,Groceries,2,8.19,16.37
2024-04-01,Store C,Home & Kitchen,8,84.88,679.08
2024-04-01,Store C,Beauty,2,45.88,91.75
2024-04-02,Store A,Electronics,18,377.48,6794.58
2024-04-02,Store A,Clothing,8,19.76,158.11
2024-04-02,Store A,Groceries,14,5.31,74.28
2024-04-02,Store A,Home & Kitchen,13,115.28,1498.61
2024-04-02,Store A,Beauty,11,44.75,492.24
2024-04-02,Store B,Electronics,17,93.52,1589.88
2024-04-02,Store B,Clothing,3,19.88,59.64
2024-04-02,Store B,Groceries,15,24.64,369.53
2024-04-02,Store B,Home & Kitchen,9,24.99,224.91
2024-04-02,Store B,Beauty,5,21.84,109.2
2024-04-02,Store C,Electronics,14,364.58,5104.16
2024-04-02,Store C,Clothing,3,53.14,159.41
2024-04-02,Store C,Groceries,13,19.94,259.17
2024-04-02,Store C,Home & Kitchen,2,75.42,150.84
2024-04-02,Store C,Beauty,5,34.1,170.48
2024-04-03,Store A,Electronics,9,54.52,490.66
2024-04-03,Store A,Clothing,6,15.57,93.44
2024-04-03,Store A,Groceries,23,11.66,268.19
2024-04-03,Store A,Home & Kitchen,7,87.77,614.41
2024-04-03,Store A,Beauty,9,35.55,319.93
2024-04-03,Store B,Electronics,10,327.25,3272.53
2024-04-03,Store B,Clothing,5,48.36,241.81
2024-04-03,Store B,Groceries,16,12.89,206.25
2024-04-03,Store B,Home & Kitchen,9,57.23,515.1
2024-04-03,Store B,Beauty,6,35.19,211.13
2024-04-03,Store C,Electronics,6,94.79,568.73
2024-04-03,Store C,Clothing,4,50.88,203.51
2024-04-03,Store C,Groceries,10,16.15,161.5
2024-04-03,Store C,Home & Kitchen,7,23.87,167.08
2024-04-03,Store C,Beauty,1,9.96,9.96
2024-04-04,Store A,Electronics,10,390.38,3903.77
2024-04-04,Store A,Clothing,4,70.73,282.93
2024-04-04,Store A,Groceries,15,24.92,373.75
2024-04-04,Store A,Home & Kitchen,7,29.35,205.48
2024-04-04,Store A,Beauty,8,8.65,69.23
2024-04-04,Store B,Electronics,7,54.36,380.53
2024-04-04,Store B,Clothing,9,38.42,345.76
2024-04-04,Store B,Groceries,9,2.13,19.15
2024-04-04,Store B,Home & Kitchen,5,110.13,550.64
2024-04-04,Store B,Beauty,9,26.94,242.45
2024-04-04,Store C,Electronics,7,132.88,930.19
2024-04-04,Store C,Clothing,11,45.44,499.85
2024-04-04,Store C,Groceries,4,24.7,98.79
2024-04-04,Store C,Home & Kitchen,5,85.67,428.36
2024-04-04,Store C,Beauty,1,51.98,51.98
2024-04-05,Store A,Electronics,13,73.23,951.94
2024-04-05,Store A,Clothing,8,31.96,255.69
2024-04-05,Store A,Groceries,12,2.86,34.34
2024-04-05,Store A,Home & Kitchen,7,96.42,674.94
2024-04-05,Store A,Beauty,7,50.72,355.07
2024-04-05,Store B,Electronics,8,321.35,2570.77
2024-04-05,Store B,Clothing,4,47.01,188.04
2024-04-05,Store B,Groceries,9,10.1,90.9
2024-04-05,Store B,Home & Kitchen,7,85.6,599.21
2024-04-05,Store B,Beauty,1,25.45,25.45
2024-04-05,Store C,Electronics,3,138.07,414.22
2024-04-05,Store C,Clothing,4,22.08,88.33
2024-04-05,Store C,Groceries,8,14.13,113.03
2024-04-05,Store C,Home & Kitchen,6,15.8,94.81
2024-04-05,Store C,Beauty,6,25.85,155.11
2024-04-06,Store A,Electronics,17,123.89,2106.08
2024-04-06,Store A,Clothing,15,65.26,978.86
2024-04-06,Store A,Groceries,13,6.3,81.94
2024-04-06,Store A,Home & Kitchen,14,116.57,1632.04
2024-04-06,Store A,Beauty,3,25.2,75.59
2024-04-06,Store B,Electronics,12,159.77,1917.23
2024-04-06,Store B,Clothing,9,22.16,199.43
2024-04-06,Store B,Groceries,14,16.84,235.78
2024-04-06,Store B,Home & Kitchen,7,93.27,652.87
2024-04-06,Store B,Beauty,5,33.46,167.32
2024-04-06,Store C,Electronics,4,382.96,1531.85
2024-04-06,Store C,Clothing,8,76.17,609.34
2024-04-06,Store C,Groceries,13,8.94,116.24
2024-04-06,Store C,Home & Kitchen,3,31.76,95.29
2024-04-06,Store C,Beauty,4,29.57,118.27
2024-04-07,Store A,Electronics,10,259.45,2594.5
2024-04-07,Store A,Clothing,18,62.54,1125.67
2024-04-07,Store A,Groceries,18,16.68,300.19
2024-04-07,Store A,Home & Kitchen,11,64.22,706.43
2024-04-07,Store A,Beauty,10,27.5,274.97
2024-04-07,Store B,Electronics,21,86.45,1815.44
2024-04-07,Store B,Clothing,8,36.44,291.53
2024-04-07,Store B,Groceries,18,3.43,61.76
2024-04-07,Store B,Home & Kitchen,3,33.7,101.09
2024-04-07,Store B,Beauty,6,22.87,137.22
2024-04-07,Store C,Electronics,11,239.08,2629.87
2024-04-07,Store C,Clothing,8,70.84,566.76
2024-04-07,Store C,Groceries,9,18.67,168.01
2024-04-07,Store C,Home & Kitchen,8,36.3,290.43
2024-04-07,Store C,Beauty,6,53.84,323.05
2024-04-08,Store A,Electronics,8,207.28,1658.23
2024-04-08,Store A,Clothing,9,21.43,192.91
2024-04-08,Store A,Groceries,7,23.43,164.03
2024-04-08,Store A,Home & Kitchen,7,108.92,762.41
2024-04-08,Store A,Beauty,5,24.89,124.46
2024-04-08,Store B,Electronics,12,378.38,4540.56
2024-04-08,Store B,Clothing,7,62.81,439.66
2024-04-08,Store B,Groceries,6,21.66,129.98
2024-04-08,Store B,Home & Kitchen,8,69.74,557.93
2024-04-08,Store B,Beauty,1,47.49,47.49
2024-04-08,Store C,Electronics,9,346.17,3115.52
2024-04-08,Store C,Clothing,4,15.08,60.33
2024-04-08,Store C,Groceries,11,4.0,43.99
2024-04-08,Store C,Home & Kitchen,3,80.82,242.45
2024-04-08,Store C,Beauty,9,19.57,176.09
2024-04-09,Store A,Electronics,8,347.36,2778.92
2024-04-09,Store A,Clothing,13,71.91,934.77
2024-04-09,Store A,Groceries,22,7.99,175.7
2024-04-09,Store A,Home & Kitchen,12,25.55,306.61
2024-04-09,Store A,Beauty,2,49.77,99.54
2024-04-09,Store B,Electronics,10,187.02,1870.2
2024-04-09,Store B,Clothing,11,33.8,371.79
2024-04-09,Store B,Groceries,14,11.58,162.07
2024-04-09,Store B,Home & Kitchen,6,13.57,81.45
2024-04-09,Store B,Beauty,4,40.92,163.68
2024-04-09,Store C,Electronics,9,117.51,1057.6
2024-04-09,Store C,Clothing,10,19.22,192.18
2024-04-09,Store C,Groceries,11,16.42,180.63
2024-04-09,Store C,Home & Kitchen,6,26.72,160.31
2024-04-09,Store C,Beauty,7,54.8,383.63
2024-04-10,Store A,Electronics,8,340.15,2721.17
2024-04-10,Store A,Clothing,8,62.36,498.86
2024-04-10,Store A,Groceries,13,9.86,128.17
2024-04-10,Store A,Home & Kitchen,5,30.78,153.9
2024-04-10,Store A,Beauty,3,51.72,155.17
2024-04-10,Store B,Electronics,10,73.28,732.79
2024-04-10,Store B,Clothing,6,46.35,278.09
2024-04-10,Store B,Groceries,9,11.76,105.82
2024-04-10,Store B,Home & Kitchen,7,109.56,766.9
2024-04-10,Store B,Beauty,6,8.97,53.83
2024-04-10,Store C,Electronics,4,285.57,1142.28
2024-04-10,Store C,Clothing,13,51.08,664.01
2024-04-10,Store C,Groceries,12,10.73,128.71
2024-04-10,Store C,Home & Kitchen,4,90.28,361.12
2024-04-10,Store C,Beauty,5,52.16,260.82
2024-04-11,Store A,Electronics,9,259.23,2333.05
2024-04-11,Store A,Clothing,9,38.67,348.06
2024-04-11,Store A,Groceries,11,7.26,79.88
2024-04-11,Store A,Home & Kitchen,6,99.87,599.21
2024-04-11,Store A,Beauty,6,51.48,308.9
2024-04-11,Store B,Electronics,4,330.19,1320.78
2024-04-11,Store B,Clothing,8,53.07,424.54
2024-04-11,Store B,Groceries,14,7.08,99.08
2024-04-11,Store B,Home & Kitchen,10,23.52,235.2
2024-04-11,Store B,Beauty,3,38.08,114.25
2024-04-11,Store C,Electronics,13,306.44,3983.67
2024-04-11,Store C,Clothing,8,21.84,174.74
2024-04-11,Store C,Groceries,11,9.77,107.51
2024-04-11,Store C,Home & Kitchen,4,115.08,460.31
2024-04-11,Store C,Beauty,6,40.24,241.42
2024-04-12,Store A,Electronics,19,167.23,3177.44
2024-04-12,Store A,Clothing,16,71.32,1141.11
2024-04-12,Store A,Groceries,10,9.77,97.74
2024-04-12,Store A,Home & Kitchen,12,52.17,626.09
2024-04-12,Store A,Beauty,11,5.29,58.2
2024-04-12,Store B,Electronics,6,244.57,1467.44
2024-04-12,Store B,Clothing,7,42.12,294.81
2024-04-12,Store B,Groceries,12,22.06,264.67
2024-04-12,Store B,Home & Kitchen,7,52.19,365.31
2024-04-12,Store B,Beauty,7,54.52,381.62
2024-04-12,Store C,Electronics,11,113.41,1247.49
2024-04-12,Store C,Clothing,5,55.08,275.41
2024-04-12,Store C,Groceries,13,3.71,48.18
2024-04-12,Store C,Home & Kitchen,10,53.42,534.16
2024-04-12,Store C,Beauty,2,46.71,93.42
2024-04-13,Store A,Electronics,11,106.26,1168.84
2024-04-13,Store A,Clothing,16,46.33,741.23
2024-04-13,Store A,Groceries,19,5.82,110.53
2024-04-13,Store A,Home & Kitchen,13,34.52,448.81
2024-04-13,Store A,Beauty,6,25.49,152.95
2024-04-13,Store B,Electronics,13,332.9,4327.64
2024-04-13,Store B,Clothing,12,28.41,340.94
2024-04-13,Store B,Groceries,15,10.33,154.9
2024-04-13,Store B,Home & Kitchen,3,95.87,287.62
2024-04-13,Store B,Beauty,11,33.37,367.02
2024-04-13,Store C,Electronics,13,369.59,4804.62
2024-04-13,Store C,Clothing,12,50.38,604.55
2024-04-13,Store C,Groceries,6,8.99,53.93
2024-04-13,Store C,Home & Kitchen,6,107.32,643.93
2024-04-13,Store C,Beauty,6,53.16,318.99
2024-04-14,Store A,Electronics,13,364.34,4736.44
2024-04-14,Store A,Clothing,8,23.52,188.16
2024-04-14,Store A,Groceries,20,4.59,91.77
2024-04-14,Store A,Home & Kitchen,6,70.18,421.06
2024-04-14,Store A,Beauty,7,55.0,385.01
2024-04-14,Store B,Electronics,8,63.99,511.89
2024-04-14,Store B,Clothing,7,15.26,106.84
2024-04-14,Store B,Groceries,11,5.94,65.37
2024-04-14,Store B,Home & Kitchen,15,102.84,1542.58
2024-04-14,Store B,Beauty,6,18.86,113.13
2024-04-14,Store C,Electronics,15,65.76,986.41
2024-04-14,Store C,Clothing,11,56.17,617.86
2024-04-14,Store C,Groceries,15,3.46,51.96
2024-04-14,Store C,Home & Kitchen,7,77.7,543.89
2024-04-14,Store C,Beauty,5,30.75,153.73
2024-04-15,Store A,Electronics,15,378.68,5680.22
2024-04-15,Store A,Clothing,8,67.52,540.16
2024-04-15,Store A,Groceries,15,8.88,133.18
2024-04-15,Store A,Home & Kitchen,4,24.11,96.43
2024-04-15,Store A,Beauty,3,45.92,137.75
2024-04-15,Store B,Electronics,10,220.03,2200.29
2024-04-15,Store B,Clothing,10,27.01,270.14
2024-04-15,Store B,Groceries,11,24.54,269.98
2024-04-15,Store B,Home & Kitchen,4,90.36,361.44
2024-04-15,Store B,Beauty,4,11.88,47.52
2024-04-15,Store C,Electronics,11,54.95,604.45
2024-04-15,Store C,Clothing,10,45.06,450.63
2024-04-15,Store C,Groceries,11,20.71,227.8
2024-04-15,Store C,Home & Kitchen,7,10.02,70.15
2024-04-15,Store C,Beauty,4,20.94,83.75
2024-04-16,Store A,Electronics,14,238.27,3335.85
2024-04-16,Store A,Clothing,12,16.5,197.96
2024-04-16,Store A,Groceries,14,8.26,115.59
2024-04-16,Store A,Home & Kitchen,10,74.26,742.61
2024-04-16,Store A,Beauty,6,52.15,312.88
2024-04-16,Store B,Electronics,11,272.48,2997.33
2024-04-16,Store B,Clothing,5,34.85,174.26
2024-04-16,Store B,Groceries,16,20.89,334.22
2024-04-16,Store B,Home & Kitchen,2,100.91,201.81
2024-04-16,Store B,Beauty,9,52.25,470.27
2024-04-16,Store C,Electronics,12,270.89,3250.74
2024-04-16,Store C,Clothing,4,32.87,131.49
2024-04-16,Store C,Groceries,9,19.1,171.89
2024-04-16,Store C,Home & Kitchen,9,30.33,272.96
2024-04-16,Store C,Beauty,5,39.85,199.23
2024-04-17,Store A,Electronics,11,71.37,785.12
2024-04-17,Store A,Clothing,9,23.73,213.55
2024-04-17,Store A,Groceries,18,23.19,417.33
2024-04-17,Store A,Home & Kitchen,5,58.78,293.89
2024-04-17,Store A,Beauty,11,17.61,193.69
2024-04-17,Store B,Electronics,8,361.1,2888.81
2024-04-17,Store B,Clothing,3,61.45,184.34
2024-04-17,Store B,Groceries,16,24.84,397.44
2024-04-17,Store B,Home & Kitchen,9,13.04,117.34
2024-04-17,Store B,Beauty,6,36.14,216.85
2024-04-17,Store C,Electronics,9,310.78,2797.04
2024-04-17,Store C,Clothing,5,55.55,277.74
2024-04-17,Store C,Groceries,15,2.31,34.7
2024-04-17,Store C,Home & Kitchen,7,87.31,611.15
2024-04-17,Store C,Beauty,7,59.17,414.21
2024-04-18,Store A,Electronics,7,373.81,2616.68
2024-04-18,Store A,Clothing,15,19.63,294.52
2024-04-18,Store A,Groceries,21,21.33,447.98
2024-04-18,Store A,Home & Kitchen,7,62.07,434.51
2024-04-18,Store A,Beauty,9,43.69,393.21
2024-04-18,Store B,Electronics,11,78.9,867.92
2024-04-18,Store B,Clothing,6,27.19,163.11
2024-04-18,Store B,Groceries,10,7.76,77.63
2024-04-18,Store B,Home & Kitchen,9,118.39,1065.48
2024-04-18,Store B,Beauty,7,22.08,154.58
2024-04-18,Store C,Electronics,9,100.27,902.45
2024-04-18,Store C,Clothing,8,18.35,146.77
2024-04-18,Store C,Groceries,12,23.25,279.04
2024-04-18,Store C,Home & Kitchen,5,100.46,502.31
2024-04-18,Store C,Beauty,4,12.04,48.14
2024-04-19,Store A,Electronics,10,164.0,1640.0
2024-04-19,Store A,Clothing,9,62.75,564.71
2024-04-19,Store A,Groceries,14,16.89,236.51
2024-04-19,Store A,Home & Kitchen,9,75.51,679.58
2024-04-19,Store A,Beauty,8,44.23,353.81
2024-04-19,Store B,Electronics,16,75.04,1200.7
2024-04-19,Store B,Clothing,8,77.42,619.39
2024-04-19,Store B,Groceries,11,20.27,222.95
2024-04-19,Store B,Home & Kitchen,9,74.11,666.99
2024-04-19,Store B,Beauty,7,38.34,268.37
2024-04-19,Store C,Electronics,12,151.18,1814.21
2024-04-19,Store C,Clothing,10,59.86,598.58
2024-04-19,Store C,Groceries,10,4.11,41.05
2024-04-19,Store C,Home & Kitchen,7,69.47,486.26
2024-04-19,Store C,Beauty,3,17.97,53.92
2024-04-20,Store A,Electronics,20,86.03,1720.6
2024-04-20,Store A,Clothing,14,51.31,718.33
2024-04-20,Store A,Groceries,36,12.26,441.37
2024-04-20,Store A,Home & Kitchen,15,56.72,850.73
2024-04-20,Store A,Beauty,9,17.24,155.18
2024-04-20,Store B,Electronics,12,296.9,3562.76
2024-04-20,Store B,Clothing,7,79.76,558.29
2024-04-20,Store B,Groceries,10,14.25,142.54
2024-04-20,Store B,Home & Kitchen,10,15.33,153.28
2024-04-20,Store B,Beauty,6,53.93,323.58
2024-04-20,Store C,Electronics,18,104.81,1886.55
2024-04-20,Store C,Clothing,5,61.21,306.06
2024-04-20,Store C,Groceries,13,9.62,125.05
2024-04-20,Store C,Home & Kitchen,5,92.91,464.56
2024-04-20,Store C,Beauty,6,29.55,177.31
2024-04-21,Store A,Electronics,11,170.76,1878.38
2024-04-21,Store A,Clothing,13,32.05,416.69
2024-04-21,Store A,Groceries,20,5.98,119.69
2024-04-21,Store A,Home & Kitchen,9,54.49,490.43
2024-04-21,Store A,Beauty,8,40.21,321.69
2024-04-21,Store B,Electronics,10,392.54,3925.44
2024-04-21,Store B,Clothing,8,28.66,229.29
2024-04-21,Store B,Groceries,15,12.02,180.31
2024-04-21,Store B,Home & Kitchen,11,20.41,224.53
2024-04-21,Store B,Beauty,6,43.21,259.28
2024-04-21,Store C,Electronics,13,337.66,4389.63
2024-04-21,Store C,Clothing,9,39.54,355.9
2024-04-21,Store C,Groceries,12,17.07,204.81
2024-04-21,Store C,Home & Kitchen,9,36.58,329.25
2024-04-21,Store C,Beauty,3,37.95,113.86
2024-04-22,Store A,Electronics,12,137.99,1655.89
2024-04-22,Store A,Clothing,7,44.61,312.3
2024-04-22,Store A,Groceries,18,9.94,178.84
2024-04-22,Store A,Home & Kitchen,6,67.23,403.38
2024-04-22,Store A,Beauty,5,29.98,149.92
2024-04-22,Store B,Electronics,10,171.23,1712.34
2024-04-22,Store B,Clothing,2,50.01,100.03
2024-04-22,Store B,Groceries,11,19.42,213.58
2024-04-22,Store B,Home & Kitchen,10,75.04,750.44
2024-04-22,Store B,Beauty,4,24.39,97.58
2024-04-22,Store C,Electronics,10,329.41,3294.14
2024-04-22,Store C,Clothing,7,42.72,299.01
2024-04-22,Store C,Groceries,6,24.58,147.51
2024-04-22,Store C,Home & Kitchen,3,115.14,345.43
2024-04-22,Store C,Beauty,3,27.39,82.17
2024-04-23,Store A,Electronics,16,96.16,1538.5
2024-04-23,Store A,Clothing,12,30.18,362.17
2024-04-23,Store A,Groceries,10,5.42,54.19
2024-04-23,Store A,Home & Kitchen,13,33.85,440.08
2024-04-23,Store A,Beauty,8,10.36,82.88
2024-04-23,Store B,Electronics,13,197.75,2570.72
2024-04-23,Store B,Clothing,2,55.19,110.39
2024-04-23,Store B,Groceries,8,22.72,181.72
2024-04-23,Store B,Home & Kitchen,6,47.47,284.8
2024-04-23,Store B,Beauty,3,6.98,20.94
2024-04-23,Store C,Electronics,11,194.63,2140.98
2024-04-23,Store C,Clothing,4,76.09,304.35
2024-04-23,Store C,Groceries,13,12.51,162.66
2024-04-23,Store C,Home & Kitchen,7,60.27,421.91
2024-04-23,Store C,Beauty,8,41.78,334.28
2024-04-24,Store A,Electronics,14,252.58,3536.17
2024-04-24,Store A,Clothing,9,64.72,582.5
2024-04-24,Store A,Groceries,8,19.55,156.39
2024-04-24,Store A,Home & Kitchen,7,65.04,455.26
2024-04-24,Store A,Beauty,4,35.35,141.41
2024-04-24,Store B,Electronics,7,63.25,442.75
2024-04-24,Store B,Clothing,5,25.72,128.59
2024-04-24,Store B,Groceries,16,15.63,250.13
2024-04-24,Store B,Home & Kitchen,8,67.68,541.47
2024-04-24,Store B,Beauty,7,24.48,171.37
2024-04-24,Store C,Electronics,5,215.75,1078.76
2024-04-24,Store C,Clothing,6,30.72,184.31
2024-04-24,Store C,Groceries,12,7.29,87.45
2024-04-24,Store C,Home & Kitchen,6,25.49,152.94
2024-04-24,Store C,Beauty,1,31.22,31.22
2024-04-25,Store A,Electronics,10,72.96,729.57
2024-04-25,Store A,Clothing,16,40.42,646.75
2024-04-25,Store A,Groceries,13,5.39,70.09
2024-04-25,Store A,Home & Kitchen,7,69.78,488.48
2024-04-25,Store A,Beauty,1,20.17,20.17
2024-04-25,Store B,Electronics,8,264.68,2117.42
2024-04-25,Store B,Clothing,9,63.56,572.03
2024-04-25,Store B,Groceries,16,7.59,121.42
2024-04-25,Store B,Home & Kitchen,6,37.86,227.18
2024-04-25,Store B,Beauty,6,24.93,149.58
2024-04-25,Store C,Electronics,8,167.66,1341.26
2024-04-25,Store C,Clothing,7,30.91,216.34
2024-04-25,Store C,Groceries,9,6.04,54.33
2024-04-25,Store C,Home & Kitchen,6,84.98,509.9
2024-04-25,Store C,Beauty,6,43.56,261.36
2024-04-26,Store A,Electronics,8,236.0,1888.04
2024-04-26,Store A,Clothing,13,29.93,389.06
2024-04-26,Store A,Groceries,12,12.48,149.78
2024-04-26,Store A,Home & Kitchen,2,107.35,214.7
2024-04-26,Store A,Beauty,13,18.98,246.73
2024-04-26,Store B,Electronics,10,113.41,1134.08
2024-04-26,Store B,Clothing,7,17.51,122.55
2024-04-26,Store B,Groceries,10,12.87,128.73
2024-04-26,Store B,Home & Kitchen,14,73.52,1029.35
2024-04-26,Store B,Beauty,2,35.87,71.73
2024-04-26,Store C,Electronics,4,165.72,662.89
2024-04-26,Store C,Clothing,10,75.12,751.22
2024-04-26,Store C,Groceries,16,5.4,86.36
2024-04-26,Store C,Home & Kitchen,3,41.43,124.3
2024-04-26,Store C,Beauty,4,58.81,235.23
2024-04-27,Store A,Electronics,14,175.78,2460.94
2024-04-27,Store A,Clothing,11,62.38,686.13
2024-04-27,Store A,Groceries,19,16.96,322.25
2024-04-27,Store A,Home & Kitchen,13,38.42,499.45
2024-04-27,Store A,Beauty,7,58.94,412.56
2024-04-27,Store B,Electronics,16,376.88,6030.03
2024-04-27,Store B,Clothing,14,65.65,919.13
2024-04-27,Store B,Groceries,15,22.3,334.43
2024-04-27,Store B,Home & Kitchen,15,27.6,414.01
2024-04-27,Store B,Beauty,14,17.14,239.95
2024-04-27,Store C,Electronics,12,368.95,4427.4
2024-04-27,Store C,Clothing,5,70.99,354.93
2024-04-27,Store C,Groceries,10,22.58,225.76
2024-04-27,Store C,Home & Kitchen,9,119.4,1074.6
2024-04-27,Store C,Beauty,9,17.63,158.64
2024-04-28,Store A,Electronics,18,360.76,6493.71
2024-04-28,Store A,Clothing,12,79.72,956.68
2024-04-28,Store A,Groceries,19,21.39,406.36
2024-04-28,Store A,Home & Kitchen,14,110.0,1540.07
2024-04-28,Store A,Beauty,12,57.69,692.32
2024-04-28,Store B,Electronics,11,360.21,3962.27
2024-04-28,Store B,Clothing,17,76.42,1299.17
2024-04-28,Store B,Groceries,23,13.48,309.99
2024-04-28,Store B,Home & Kitchen,7,67.39,471.76
2024-04-28,Store B,Beauty,3,27.39,82.18
2024-04-28,Store C,Electronics,9,387.06,3483.54
2024-04-28,Store C,Clothing,9,51.84,466.59
2024-04-28,Store C,Groceries,18,4.94,89.0
2024-04-28,Store C,Home & Kitchen,10,58.74,587.43
2024-04-28,Store C,Beauty,6,59.91,359.47
2024-04-29,Store A,Electronics,13,132.9,1727.64
2024-04-29,Store A,Clothing,9,25.13,226.13
2024-04-29,Store A,Groceries,9,21.63,194.66
2024-04-29,Store A,Home & Kitchen,7,108.43,758.98
2024-04-29,Store A,Beauty,5,40.28,201.38
2024-04-29,Store B,Electronics,10,271.29,2712.92
2024-04-29,Store B,Clothing,12,50.48,605.71
2024-04-29,Store B,Groceries,15,10.98,164.76
2024-04-29,Store B,Home & Kitchen,8,116.51,932.08
2024-04-29,Store B,Beauty,8,40.44,323.53
2024-04-29,Store C,Electronics,9,144.06,1296.56
2024-04-29,Store C,Clothing,7,79.97,559.8
2024-04-29,Store C,Groceries,10,17.52,175.21
2024-04-29,Store C,Home & Kitchen,8,23.75,189.98
2024-04-29,Store C,Beauty,5,10.39,51.96
2024-04-30,Store A,Electronics,17,383.43,6518.3
2024-04-30,Store A,Clothing,9,61.42,552.78
2024-04-30,Store A,Groceries,22,23.82,523.93
2024-04-30,Store A,Home & Kitchen,5,86.39,431.97
2024-04-30,Store A,Beauty,6,6.11,36.68
2024-04-30,Store B,Electronics,7,203.59,1425.16
2024-04-30,Store B,Clothing,11,72.65,799.14
2024-04-30,Store B,Groceries,12,13.05,156.61
2024-04-30,Store B,Home & Kitchen,10,113.39,1133.89
2024-04-30,Store B,Beauty,4,8.37,33.49
2024-04-30,Store C,Electronics,11,185.43,2039.71
2024-04-30,Store C,Clothing,8,20.31,162.49
2024-04-30,Store C,Groceries,17,21.96,373.4
2024-04-30,Store C,Home & Kitchen,8,112.71,901.67
2024-04-30,Store C,Beauty,4,44.78,179.11
2024-05-01,Store A,Electronics,15,56.74,851.13
2024-05-01,Store A,Clothing,9,73.64,662.75
2024-05-01,Store A,Groceries,18,23.19,417.43
2024-05-01,Store A,Home & Kitchen,9,41.05,369.46
2024-05-01,Store A,Beauty,8,12.33,98.67
2024-05-01,Store B,Electronics,16,288.15,4610.4
2024-05-01,Store B,Clothing,9,70.99,638.93
2024-05-01,Store B,Groceries,8,11.7,93.57
2024-05-01,Store B,Home & Kitchen,4,82.08,328.34
2024-05-01,Store B,Beauty,4,26.8,107.22
2024-05-01,Store C,Electronics,7,333.49,2334.43
2024-05-01,Store C,Clothing,2,31.22,62.44
2024-05-01,Store C,Groceries,11,11.69,128.63
2024-05-01,Store C,Home & Kitchen,11,68.67,755.33
2024-05-01,Store C,Beauty,8,21.12,168.98
2024-05-02,Store A,Electronics,12,233.47,2801.67
2024-05-02,Store A,Clothing,13,47.06,611.79
2024-05-02,Store A,Groceries,16,5.67,90.66
2024-05-02,Store A,Home & Kitchen,12,109.93,1319.21
2024-05-02,Store A,Beauty,9,14.61,131.52
2024-05-02,Store B,Electronics,14,250.72,3510.11
2024-05-02,Store B,Clothing,12,20.57,246.83
2024-05-02,Store B,Groceries,15,8.19,122.87
2024-05-02,Store B,Home & Kitchen,4,99.06,396.24
2024-05-02,Store B,Beauty,3,12.46,37.37
2024-05-02,Store C,Electronics,10,118.27,1182.67
2024-05-02,Store C,Clothing,6,31.18,187.08
2024-05-02,Store C,Groceries,14,10.19,142.63
2024-05-02,Store C,Home & Kitchen,5,27.77,138.83
2024-05-02,Store C,Beauty,1,17.01,17.01
2024-05-03,Store A,Electronics,21,271.45,5700.52
2024-05-03,Store A,Clothing,5,60.23,301.16
2024-05-03,Store A,Groceries,13,4.48,58.28
2024-05-03,Store A,Home & Kitchen,10,57.97,579.72
2024-05-03,Store A,Beauty,6,45.4,272.38
2024-05-03,Store B,Electronics,12,202.04,2424.49
2024-05-03,Store B,Clothing,6,29.05,174.33
2024-05-03,Store B,Groceries,14,2.99,41.93
2024-05-03,Store B,Home & Kitchen,4,16.47,65.88
2024-05-03,Store B,Beauty,5,35.99,179.97
2024-05-03,Store C,Electronics,9,111.36,1002.21
2024-05-03,Store C,Clothing,5,23.87,119.33
2024-05-03,Store C,Groceries,15,2.68,40.13
2024-05-03,Store C,Home & Kitchen,4,34.78,139.14
2024-05-03,Store C,Beauty,5,54.17,270.86
2024-05-04,Store A,Electronics,11,258.08,2838.84
2024-05-04,Store A,Clothing,9,79.43,714.9
2024-05-04,Store A,Groceries,14,4.3,60.23
2024-05-04,Store A,Home & Kitchen,13,66.29,861.74
2024-05-04,Store A,Beauty,7,59.62,417.35
2024-05-04,Store B,Electronics,19,318.34,6048.42
2024-05-04,Store B,Clothing,7,73.97,517.82
2024-05-04,Store B,Groceries,23,4.81,110.52
2024-05-04,Store B,Home & Kitchen,9,75.47,679.2
2024-05-04,Store B,Beauty,11,45.14,496.5
2024-05-04,Store C,Electronics,13,356.76,4637.86
2024-05-04,Store C,Clothing,15,37.93,569.0
2024-05-04,Store C,Groceries,14,23.83,333.67
2024-05-04,Store C,Home & Kitchen,9,21.62,194.58
2024-05-04,Store C,Beauty,6,10.33,61.96
2024-05-05,Store A,Electronics,9,90.63,815.66
2024-05-05,Store A,Clothing,11,74.57,820.3
2024-05-05,Store A,Groceries,23,15.8,363.4
2024-05-05,Store A,Home & Kitchen,12,84.68,1016.14
2024-05-05,Store A,Beauty,13,28.83,374.84
2024-05-05,Store B,Electronics,14,75.31,1054.37
2024-05-05,Store B,Clothing,8,47.15,377.23
2024-05-05,Store B,Groceries,20,15.19,303.73
2024-05-05,Store B,Home & Kitchen,12,42.71,512.51
2024-05-05,Store B,Beauty,11,28.43,312.75
2024-05-05,Store C,Electronics,9,142.84,1285.54
2024-05-05,Store C,Clothing,4,57.65,230.61
2024-05-05,Store C,Groceries,11,14.58,160.34
2024-05-05,Store C,Home & Kitchen,10,64.43,644.29
2024-05-05,Store C,Beauty,8,43.12,344.97
2024-05-06,Store A,Electronics,15,284.85,4272.68
2024-05-06,Store A,Clothing,15,20.68,310.15
2024-05-06,Store A,Groceries,17,9.63,163.65
2024-05-06,Store A,Home & Kitchen,7,114.28,799.97
2024-05-06,Store A,Beauty,5,28.14,140.72
2024-05-06,Store B,Electronics,14,125.45,1756.36
2024-05-06,Store B,Clothing,6,43.03,258.2
2024-05-06,Store B,Groceries,14,14.7,205.78
2024-05-06,Store B,Home & Kitchen,12,24.0,287.95
2024-05-06,Store B,Beauty,5,10.94,54.68
2024-05-06,Store C,Electronics,5,58.39,291.93
2024-05-06,Store C,Clothing,7,55.02,385.14
2024-05-06,Store C,Groceries,10,12.33,123.26
2024-05-06,Store C,Home & Kitchen,4,79.15,316.58
2024-05-06,Store C,Beauty,4,6.95,27.78
2024-05-07,Store A,Electronics,12,302.41,3628.9
2024-05-07,Store A,Clothing,3,62.75,188.24
2024-05-07,Store A,Groceries,12,23.43,281.16
2024-05-07,Store A,Home & Kitchen,13,104.4,1357.15
2024-05-07,Store A,Beauty,9,36.53,328.75
2024-05-07,Store B,Electronics,12,282.43,3389.15
2024-05-07,Store B,Clothing,7,28.6,200.19
2024-05-07,Store B,Groceries,10,3.22,32.22
2024-05-07,Store B,Home & Kitchen,4,47.63,190.52
2024-05-07,Store B,Beauty,4,9.16,36.64
2024-05-07,Store C,Electronics,14,109.0,1525.96
2024-05-07,Store C,Clothing,8,69.66,557.29
2024-05-07,Store C,Groceries,11,16.24,178.69
2024-05-07,Store C,Home & Kitchen,2,67.53,135.05
2024-05-07,Store C,Beauty,4,44.03,176.11
2024-05-08,Store A,Electronics,12,282.96,3395.57
2024-05-08,Store A,Clothing,10,50.0,500.02
2024-05-08,Store A,Groceries,12,22.79,273.52
2024-05-08,Store A,Home & Kitchen,8,95.77,766.13
2024-05-08,Store A,Beauty,5,28.45,142.25
2024-05-08,Store B,Electronics,19,386.73,7347.9
2024-05-08,Store B,Clothing,8,79.82,638.53
2024-05-08,Store B,Groceries,10,21.53,215.26
2024-05-08,Store B,Home & Kitchen,5,73.9,369.52
2024-05-08,Store B,Beauty,9,30.62,275.55
2024-05-08,Store C,Electronics,9,172.9,1556.1
2024-05-08,Store C,Clothing,9,49.77,447.94
2024-05-08,Store C,Groceries,7,4.71,32.98
2024-05-08,Store C,Home & Kitchen,5,106.53,532.63
2024-05-08,Store C,Beauty,5,6.98,34.9
2024-05-09,Store A,Electronics,8,157.18,1257.42
2024-05-09,Store A,Clothing,12,69.19,830.25
2024-05-09,Store A,Groceries,18,13.61,245.02
2024-05-09,Store A,Home & Kitchen,8,45.4,363.19
2024-05-09,Store A,Beauty,4,15.63,62.5
2024-05-09,Store B,Electronics,10,175.97,1759.75
2024-05-09,Store B,Clothing,7,64.66,452.59
2024-05-09,Store B,Groceries,13,22.38,290.96
2024-05-09,Store B,Home & Kitchen,6,24.3,145.81
2024-05-09,Store B,Beauty,6,6.52,39.12
2024-05-09,Store C,Electronics,8,381.31,3050.52
2024-05-09,Store C,Clothing,7,73.64,515.48
2024-05-09,Store C,Groceries,11,7.05,77.59
2024-05-09,Store C,Home & Kitchen,5,21.08,105.4
2024-05-09,Store C,Beauty,5,45.94,229.71
2024-05-10,Store A,Electronics,16,306.75,4907.95
2024-05-10,Store A,Clothing,10,72.43,724.27
2024-05-10,Store A,Groceries,14,9.42,131.89
2024-05-10,Store A,Home & Kitchen,10,32.52,325.24
2024-05-10,Store A,Beauty,6,6.07,36.4
2024-05-10,Store B,Electronics,12,397.86,4774.36
2024-05-10,Store B,Clothing,8,60.85,486.81
2024-05-10,Store B,Groceries,8,10.56,84.47
2024-05-10,Store B,Home & Kitchen,3,96.99,290.96
2024-05-10,Store B,Beauty,5,51.03,255.15
2024-05-10,Store C,Electronics,6,76.45,458.72
2024-05-10,Store C,Clothing,9,39.38,354.45
2024-05-10,Store C,Groceries,8,10.78,86.24
2024-05-10,Store C,Home & Kitchen,3,60.81,182.42
2024-05-10,Store C,Beauty,7,28.28,197.98
2024-05-11,Store A,Electronics,18,206.1,3709.87
2024-05-11,Store A,Clothing,9,65.26,587.36
2024-05-11,Store A,Groceries,27,3.95,106.56
2024-05-11,Store A,Home & Kitchen,11,48.96,538.6
2024-05-11,Store A,Beauty,10,43.37,433.66
2024-05-11,Store B,Electronics,18,314.88,5667.8
2024-05-11,Store B,Clothing,10,41.92,419.17
2024-05-11,Store B,Groceries,12,6.2,74.41
2024-05-11,Store B,Home & Kitchen,8,46.73,373.86
2024-05-11,Store B,Beauty,9,59.99,539.87
2024-05-11,Store C,Electronics,15,131.05,1965.75
2024-05-11,Store C,Clothing,9,46.71,420.35
2024-05-11,Store C,Groceries,15,18.03,270.47
2024-05-11,Store C,Home & Kitchen,6,29.41,176.44
2024-05-11,Store C,Beauty,6,45.38,272.29
2024-05-12,Store A,Electronics,16,343.49,5495.76
2024-05-12,Store A,Clothing,13,27.59,358.73
2024-05-12,Store A,Groceries,31,10.65,330.13
2024-05-12,Store A,Home & Kitchen,20,24.19,483.87
2024-05-12,Store A,Beauty,7,25.28,176.93
2024-05-12,Store B,Electronics,13,84.28,1095.67
2024-05-12,Store B,Clothing,11,19.9,218.85
2024-05-12,Store B,Groceries,13,20.66,268.59
2024-05-12,Store B,Home & Kitchen,4,22.55,90.2
2024-05-12,Store B,Beauty,11,30.95,340.45
2024-05-12,Store C,Electronics,6,228.73,1372.35
2024-05-12,Store C,Clothing,9,69.39,624.55
2024-05-12,Store C,Groceries,13,7.88,102.46
2024-05-12,Store C,Home & Kitchen,10,91.59,915.93
2024-05-12,Store C,Beauty,10,19.3,193.03
2024-05-13,Store A,Electronics,9,163.25,1469.22
2024-05-13,Store A,Clothing,12,74.59,895.08
2024-05-13,Store A,Groceries,20,16.38,327.67
2024-05-13,Store A,Home & Kitchen,8,32.95,263.57
2024-05-13,Store A,Beauty,6,58.05,348.31
2024-05-13,Store B,Electronics,10,357.03,3570.34
2024-05-13,Store B,Clothing,10,53.44,534.4
2024-05-13,Store B,Groceries,19,17.02,323.44
2024-05-13,Store B,Home & Kitchen,7,104.2,729.37
2024-05-13,Store B,Beauty,2,36.93,73.87
2024-05-13,Store C,Electronics,8,192.53,1540.27
2024-05-13,Store C,Clothing,7,78.55,549.83
2024-05-13,Store C,Groceries,14,24.36,341.11
2024-05-13,Store C,Home & Kitchen,9,103.61,932.51
2024-05-13,Store C,Beauty,3,18.95,56.85
2024-05-14,Store A,Electronics,16,56.8,908.84
2024-05-14,Store A,Clothing,13,55.11,716.48
2024-05-14,Store A,Groceries,16,20.44,326.97
2024-05-14,Store A,Home & Kitchen,9,37.17,334.57
2024-05-14,Store A,Beauty,6,52.15,312.89
2024-05-14,Store B,Electronics,14,102.3,1432.25
2024-05-14,Store B,Clothing,7,52.69,368.86
2024-05-14,Store B,Groceries,21,9.54,200.29
2024-05-14,Store B,Home & Kitchen,15,14.03,210.48
2024-05-14,Store B,Beauty,5,26.89,134.46
2024-05-14,Store C,Electronics,6,90.63,543.79
2024-05-14,Store C,Clothing,5,57.66,288.28
2024-05-14,Store C,Groceries,10,18.33,183.33
2024-05-14,Store C,Home & Kitchen,7,10.54,73.77
2024-05-14,Store C,Beauty,2,5.94,11.88
2024-05-15,Store A,Electronics,9,187.0,1683.02
2024-05-15,Store A,Clothing,10,54.64,546.43
2024-05-15,Store A,Groceries,11,10.29,113.14
2024-05-15,Store A,Home & Kitchen,9,88.93,800.4
2024-05-15,Store A,Beauty,3,39.7,119.1
2024-05-15,Store B,Electronics,6,295.04,1770.22
2024-05-15,Store B,Clothing,5,40.72,203.59
2024-05-15,Store B,Groceries,18,12.33,222.0
2024-05-15,Store B,Home & Kitchen,6,65.79,394.72
2024-05-15,Store B,Beauty,6,56.61,339.65
2024-05-15,Store C,Electronics,13,79.37,1031.82
2024-05-15,Store C,Clothing,5,15.65,78.25
2024-05-15,Store C,Groceries,12,16.41,196.91
2024-05-15,Store C,Home & Kitchen,7,73.07,511.52
2024-05-15,Store C,Beauty,4,25.56,102.25
2024-05-16,Store A,Electronics,12,305.78,3669.32
2024-05-16,Store A,Clothing,9,22.5,202.51
2024-05-16,Store A,Groceries,19,11.57,219.75
2024-05-16,Store A,Home & Kitchen,14,113.41,1587.71
2024-05-16,Store A,Beauty,6,43.07,258.41
2024-05-16,Store B,Electronics,12,295.01,3540.12
2024-05-16,Store B,Clothing,9,73.41,660.71
2024-05-16,Store B,Groceries,21,23.61,495.82
2024-05-16,Store B,Home & Kitchen,7,15.76,110.35
2024-05-16,Store B,Beauty,5,10.03,50.14
2024-05-16,Store C,Electronics,14,67.08,939.08
2024-05-16,Store C,Clothing,5,28.82,144.1
2024-05-16,Store C,Groceries,13,16.68,216.79
2024-05-16,Store C,Home & Kitchen,7,89.29,625.05
2024-05-16,Store C,Beauty,2,12.35,24.7
2024-05-17,Store A,Electronics,13,352.6,4583.74
2024-05-17,Store A,Clothing,10,58.11,581.13
2024-05-17,Store A,Groceries,14,10.61,148.57
2024-05-17,Store A,Home & Kitchen,9,61.24,551.15
2024-05-17,Store A,Beauty,10,11.03,110.3
2024-05-17,Store B,Electronics,8,338.41,2707.29
2024-05-17,Store B,Clothing,8,51.5,412.03
2024-05-17,Store B,Groceries,16,13.74,219.81
2024-05-17,Store B,Home & Kitchen,8,79.08,632.67
2024-05-17,Store B,Beauty,5,50.8,253.98
2024-05-17,Store C,Electronics,6,175.12,1050.73
2024-05-17,Store C,Clothing,9,71.94,647.44
2024-05-17,Store C,Groceries,8,13.93,111.48
2024-05-17,Store C,Home & Kitchen,6,33.47,200.81
2024-05-17,Store C,Beauty,1,36.79,36.79
2024-05-18,Store A,Electronics,17,95.54,1624.23
2024-05-18,Store A,Clothing,10,60.15,601.54
2024-05-18,Store A,Groceries,28,4.09,114.43
2024-05-18,Store A,Home & Kitchen,16,76.01,1216.1
2024-05-18,Store A,Beauty,6,36.61,219.65
2024-05-18,Store B,Electronics,13,348.24,4527.17
2024-05-18,Store B,Clothing,13,27.75,360.77
2024-05-18,Store B,Groceries,14,5.03,70.43
2024-05-18,Store B,Home & Kitchen,12,64.52,774.27
2024-05-18,Store B,Beauty,12,36.72,440.61
2024-05-18,Store C,Electronics,15,165.9,2488.43
2024-05-18,Store C,Clothing,7,55.88,391.14
2024-05-18,Store C,Groceries,22,18.2,400.51
2024-05-18,Store C,Home & Kitchen,9,63.66,572.95
2024-05-18,Store C,Beauty,12,31.82,381.82
2024-05-19,Store A,Electronics,18,123.78,2228.08
2024-05-19,Store A,Clothing,4,24.26,97.03
2024-05-19,Store A,Groceries,13,20.82,270.71
2024-05-19,Store A,Home & Kitchen,11,79.09,870.01
2024-05-19,Store A,Beauty,10,8.86,88.62
2024-05-19,Store B,Electronics,15,372.1,5581.45
2024-05-19,Store B,Clothing,12,52.43,629.2
2024-05-19,Store B,Groceries,9,8.54,76.89
2024-05-19,Store B,Home & Kitchen,8,112.79,902.29
2024-05-19,Store B,Beauty,4,48.26,193.05
2024-05-19,Store C,Electronics,13,188.09,2445.23
2024-05-19,Store C,Clothing,12,69.37,832.39
2024-05-19,Store C,Groceries,11,19.29,212.16
2024-05-19,Store C,Home & Kitchen,9,116.17,1045.57
2024-05-19,Store C,Beauty,9,58.19,523.73
2024-05-20,Store A,Electronics,11,135.29,1488.15
2024-05-20,Store A,Clothing,12,62.27,747.22
2024-05-20,Store A,Groceries,19,18.7,355.32
2024-05-20,Store A,Home & Kitchen,12,31.52,378.21
2024-05-20,Store A,Beauty,11,52.92,582.08
2024-05-20,Store B,Electronics,13,90.67,1178.73
2024-05-20,Store B,Clothing,12,58.58,703.01
2024-05-20,Store B,Groceries,8,4.73,37.81
2024-05-20,Store B,Home & Kitchen,5,22.85,114.26
2024-05-20,Store B,Beauty,5,5.01,25.06
2024-05-20,Store C,Electronics,8,97.83,782.65
2024-05-20,Store C,Clothing,9,30.46,274.17
2024-05-20,Store C,Groceries,7,7.4,51.82
2024-05-20,Store C,Home & Kitchen,5,75.49,377.46
2024-05-20,Store C,Beauty,10,23.08,230.75
2024-05-21,Store A,Electronics,10,93.53,935.3
2024-05-21,Store A,Clothing,14,20.46,286.37
2024-05-21,Store A,Groceries,15,5.08,76.19
2024-05-21,Store A,Home & Kitchen,7,102.97,720.77
2024-05-21,Store A,Beauty,4,17.97,71.89
2024-05-21,Store B,Electronics,15,129.81,1947.1
2024-05-21,Store B,Clothing,10,45.59,455.85
2024-05-21,Store B,Groceries,9,5.77,51.91
2024-05-21,Store B,Home & Kitchen,10,96.76,967.63
2024-05-21,Store B,Beauty,7,33.88,237.18
2024-05-21,Store C,Electronics,13,332.43,4321.54
2024-05-21,Store C,Clothing,8,65.26,522.09
2024-05-21,Store C,Groceries,11,20.31,223.37
2024-05-21,Store C,Home & Kitchen,7,46.36,324.49
2024-05-21,Store C,Beauty,1,36.62,36.62
2024-05-22,Store A,Electronics,18,281.57,5068.24
2024-05-22,Store A,Clothing,8,59.98,479.8
2024-05-22,Store A,Groceries,17,13.73,233.33
2024-05-22,Store A,Home & Kitchen,13,32.6,423.75
2024-05-22,Store A,Beauty,4,23.29,93.15
2024-05-22,Store B,Electronics,12,117.0,1403.97
2024-05-22,Store B,Clothing,5,76.21,381.03
2024-05-22,Store B,Groceries,10,15.96,159.56
2024-05-22,Store B,Home & Kitchen,7,111.21,778.45
2024-05-22,Store B,Beauty,5,55.45,277.25
2024-05-22,Store C,Electronics,9,314.75,2832.75
2024-05-22,Store C,Clothing,9,71.8,646.2
2024-05-22,Store C,Groceries,15,16.31,244.58
2024-05-22,Store C,Home & Kitchen,5,19.0,95.0
2024-05-22,Store C,Beauty,3,27.03,81.09
2024-05-23,Store A,Electronics,9,105.77,951.96
2024-05-23,Store A,Clothing,7,32.85,229.96
2024-05-23,Store A,Groceries,21,6.58,138.19
2024-05-23,Store A,Home & Kitchen,10,80.21,802.13
2024-05-23,Store A,Beauty,5,52.9,264.52
2024-05-23,Store B,Electronics,14,242.71,3397.93
2024-05-23,Store B,Clothing,8,59.73,477.86
2024-05-23,Store B,Groceries,11,17.39,191.28
2024-05-23,Store B,Home & Kitchen,10,35.57,355.69
2024-05-23,Store B,Beauty,7,33.04,231.28
2024-05-23,Store C,Electronics,11,195.31,2148.44
2024-05-23,Store C,Clothing,5,60.81,304.07
2024-05-23,Store C,Groceries,14,2.39,33.43
2024-05-23,Store C,Home & Kitchen,4,84.74,338.97
2024-05-23,Store C,Beauty,4,43.33,173.32
2024-05-24,Store A,Electronics,14,216.37,3029.21
2024-05-24,Store A,Clothing,4,16.48,65.93
2024-05-24,Store A,Groceries,13,5.4,70.19
2024-05-24,Store A,Home & Kitchen,8,109.42,875.36
2024-05-24,Store A,Beauty,10,26.69,266.91
2024-05-24,Store B,Electronics,10,390.47,3904.65
2024-05-24,Store B,Clothing,7,24.98,174.83
2024-05-24,Store B,Groceries,7,2.86,20.02
2024-05-24,Store B,Home & Kitchen,2,76.12,152.24
2024-05-24,Store B,Beauty,4,26.58,106.32
2024-05-24,Store C,Electronics,13,166.46,2163.94
2024-05-24,Store C,Clothing,4,46.21,184.83
2024-05-24,Store C,Groceries,9,11.21,100.87
2024-05-24,Store C,Home & Kitchen,6,75.25,451.47
2024-05-24,Store C,Beauty,5,43.69,218.46
2024-05-25,Store A,Electronics,15,332.04,4980.53
2024-05-25,Store A,Clothing,21,67.84,1424.65
2024-05-25,Store A,Groceries,14,24.67,345.42
2024-05-25,Store A,Home & Kitchen,15,105.75,1586.3
2024-05-25,Store A,Beauty,13,14.86,193.14
2024-05-25,Store B,Electronics,15,129.27,1939.06
2024-05-25,Store B,Clothing,10,73.99,739.9
2024-05-25,Store B,Groceries,16,6.95,111.13
2024-05-25,Store B,Home & Kitchen,7,118.04,826.28
2024-05-25,Store B,Beauty,8,59.43,475.42
2024-05-25,Store C,Electronics,10,102.82,1028.19
2024-05-25,Store C,Clothing,13,39.46,512.98
2024-05-25,Store C,Groceries,17,19.99,339.85
2024-05-25,Store C,Home & Kitchen,7,43.54,304.77
2024-05-25,Store C,Beauty,4,49.07,196.27
2024-05-26,Store A,Electronics,20,351.6,7031.97
2024-05-26,Store A,Clothing,14,78.1,1093.44
2024-05-26,Store A,Groceries,24,4.28,102.63
2024-05-26,Store A,Home & Kitchen,10,25.8,258.0
2024-05-26,Store A,Beauty,6,17.23,103.39
2024-05-26,Store B,Electronics,8,268.82,2150.57
2024-05-26,Store B,Clothing,14,67.17,940.37
2024-05-26,Store B,Groceries,12,19.39,232.73
2024-05-26,Store B,Home & Kitchen,16,82.41,1318.58
2024-05-26,Store C,Electronics,8,54.58,436.65
2024-05-26,Store C,Clothing,6,60.7,364.17
2024-05-26,Store C,Groceries,18,22.82,410.73
2024-05-26,Store C,Home & Kitchen,9,54.22,488.01
2024-05-26,Store C,Beauty,9,34.56,311.03
2024-05-27,Store A,Electronics,11,370.04,4070.4
2024-05-27,Store A,Clothing,9,37.51,337.59
2024-05-27,Store A,Groceries,13,7.59,98.73
2024-05-27,Store A,Home & Kitchen,10,49.96,499.59
2024-05-27,Store A,Beauty,6,43.27,259.64
2024-05-27,Store B,Electronics,9,372.89,3355.97
2024-05-27,Store B,Clothing,8,48.43,387.44
2024-05-27,Store B,Groceries,14,11.14,155.9
2024-05-27,Store B,Home & Kitchen,8,92.66,741.3
2024-05-27,Store B,Beauty,10,58.99,589.89
2024-05-27,Store C,Electronics,6,109.8,658.8
2024-05-27,Store C,Clothing,7,42.41,296.88
2024-05-27,Store C,Groceries,12,18.13,217.52
2024-05-27,Store C,Home & Kitchen,5,44.27,221.35
2024-05-27,Store C,Beauty,2,25.01,50.01
2024-05-28,Store A,Electronics,13,224.1,2913.26
2024-05-28,Store A,Clothing,7,68.3,478.09
2024-05-28,Store A,Groceries,27,11.99,323.65
2024-05-28,Store A,Home & Kitchen,8,69.65,557.17
2024-05-28,Store A,Beauty,4,17.58,70.33
2024-05-28,Store B,Electronics,17,84.71,1440.01
2024-05-28,Store B,Clothing,8,19.39,155.14
2024-05-28,Store B,Groceries,13,23.44,304.78
2024-05-28,Store B,Home & Kitchen,8,118.25,946.0
2024-05-28,Store B,Beauty,7,39.27,274.87
2024-05-28,Store C,Electronics,14,383.56,5369.85
2024-05-28,Store C,Clothing,5,60.54,302.7
2024-05-28,Store C,Groceries,12,14.07,168.8
2024-05-28,Store C,Home & Kitchen,4,113.04,452.16
2024-05-28,Store C,Beauty,6,15.65,93.89
2024-05-29,Store A,Electronics,13,381.23,4955.97
2024-05-29,Store A,Clothing,13,64.11,833.41
2024-05-29,Store A,Groceries,15,14.78,221.75
2024-05-29,Store A,Home & Kitchen,6,23.57,141.43
2024-05-29,Store A,Beauty,10,16.5,164.98
2024-05-29,Store B,Electronics,17,207.91,3534.43
2024-05-29,Store B,Clothing,12,29.01,348.15
2024-05-29,Store B,Groceries,13,3.16,41.13
2024-05-29,Store B,Home & Kitchen,6,92.28,553.68
2024-05-29,Store B,Beauty,6,30.79,184.74
2024-05-29,Store C,Electronics,9,343.76,3093.85
2024-05-29,Store C,Clothing,6,54.34,326.03
2024-05-29,Store C,Groceries,8,7.0,55.97
2024-05-29,Store C,Home & Kitchen,5,50.0,250.01
2024-05-29,Store C,Beauty,7,41.31,289.16
2024-05-30,Store A,Electronics,12,238.14,2857.67
2024-05-30,Store A,Clothing,10,44.5,444.99
2024-05-30,Store A,Groceries,11,13.75,151.29
2024-05-30,Store A,Home & Kitchen,11,91.15,1002.61
2024-05-30,Store A,Beauty,5,42.65,213.24
2024-05-30,Store B,Electronics,15,243.16,3647.33
2024-05-30,Store B,Clothing,9,56.17,505.5
2024-05-30,Store B,Groceries,8,16.09,128.69
2024-05-30,Store B,Home & Kitchen,6,87.43,524.58
2024-05-30,Store B,Beauty,6,44.9,269.38
2024-05-30,Store C,Electronics,6,175.02,1050.1
2024-05-30,Store C,Clothing,8,50.5,404.0
2024-05-30,Store C,Groceries,8,18.97,151.75
2024-05-30,Store C,Home & Kitchen,4,110.43,441.72
2024-05-30,Store C,Beauty,2,11.21,22.41
2024-05-31,Store A,Electronics,15,79.7,1195.57
2024-05-31,Store A,Clothing,5,15.15,75.75
2024-05-31,Store A,Groceries,15,8.19,122.79
2024-05-31,Store A,Home & Kitchen,7,14.44,101.11
2024-05-31,Store A,Beauty,6,47.71,286.29
2024-05-31,Store B,Electronics,9,306.47,2758.22
2024-05-31,Store B,Clothing,12,27.16,325.93
2024-05-31,Store B,Groceries,12,3.96,47.55
2024-05-31,Store B,Home & Kitchen,5,56.72,283.59
2024-05-31,Store B,Beauty,9,56.25,506.26
2024-05-31,Store C,Electronics,5,138.61,693.07
2024-05-31,Store C,Clothing,8,30.06,240.47
2024-05-31,Store C,Groceries,2,17.41,34.81
2024-05-31,Store C,Home & Kitchen,4,37.57,150.27
2024-05-31,Store C,Beauty,4,10.81,43.23
2024-06-01,Store A,Electronics,25,305.67,7641.7
2024-06-01,Store A,Clothing,18,34.11,613.98
2024-06-01,Store A,Groceries,24,17.7,424.7
2024-06-01,Store A,Home & Kitchen,9,34.88,313.89
2024-06-01,Store A,Beauty,7,48.84,341.88
2024-06-01,Store B,Electronics,16,233.42,3734.71
2024-06-01,Store B,Clothing,12,68.32,819.81
2024-06-01,Store B,Groceries,23,19.39,445.88
2024-06-01,Store B,Home & Kitchen,8,35.66,285.24
2024-06-01,Store B,Beauty,8,24.07,192.54
2024-06-01,Store C,Electronics,7,257.04,1799.31
2024-06-01,Store C,Clothing,10,56.89,568.95
2024-06-01,Store C,Groceries,14,12.19,170.64
2024-06-01,Store C,Home & Kitchen,7,114.99,804.96
2024-06-01,Store C,Beauty,9,50.39,453.48
2024-06-02,Store A,Electronics,20,254.17,5083.47
2024-06-02,Store A,Clothing,9,71.94,647.43
2024-06-02,Store A,Groceries,25,4.29,107.16
2024-06-02,Store A,Home & Kitchen,14,86.21,1206.97
2024-06-02,Store A,Beauty,7,44.41,310.87
2024-06-02,Store B,Electronics,13,100.45,1305.85
2024-06-02,Store B,Clothing,8,57.45,459.61
2024-06-02,Store B,Groceries,19,9.33,177.23
2024-06-02,Store B,Home & Kitchen,7,30.13,210.91
2024-06-02,Store B,Beauty,5,51.41,257.07
2024-06-02,Store C,Electronics,22,370.61,8153.39
2024-06-02,Store C,Clothing,7,69.24,484.71
2024-06-02,Store C,Groceries,10,7.66,76.62
2024-06-02,Store C,Home & Kitchen,9,101.07,909.66
2024-06-02,Store C,Beauty,5,7.49,37.43
2024-06-03,Store A,Electronics,16,332.35,5317.58
2024-06-03,Store A,Clothing,11,41.79,459.69
2024-06-03,Store A,Groceries,10,24.79,247.9
2024-06-03,Store A,Home & Kitchen,14,37.49,524.82
2024-06-03,Store A,Beauty,9,9.43,84.84
2024-06-03,Store B,Electronics,18,150.04,2700.67
2024-06-03,Store B,Clothing,8,20.52,164.12
2024-06-03,Store B,Groceries,13,14.51,188.61
2024-06-03,Store B,Home & Kitchen,4,47.01,188.06
2024-06-03,Store B,Beauty,8,59.15,473.22
2024-06-03,Store C,Electronics,16,265.81,4252.9
2024-06-03,Store C,Clothing,6,49.9,299.4
2024-06-03,Store C,Groceries,9,15.69,141.23
2024-06-03,Store C,Home & Kitchen,9,94.11,846.99
2024-06-03,Store C,Beauty,1,50.11,50.11
2024-06-04,Store A,Electronics,7,377.05,2639.35
2024-06-04,Store A,Clothing,14,47.85,669.91
2024-06-04,Store A,Groceries,15,22.96,344.39
2024-06-04,Store A,Home & Kitchen,11,73.19,805.06
2024-06-04,Store A,Beauty,9,46.19,415.68
2024-06-04,Store B,Electronics,11,219.36,2413.01
2024-06-04,Store B,Clothing,4,37.6,150.38
2024-06-04,Store B,Groceries,9,8.87,79.85
2024-06-04,Store B,Home & Kitchen,4,28.9,115.6
2024-06-04,Store B,Beauty,1,59.22,59.22
2024-06-04,Store C,Electronics,10,233.27,2332.74
2024-06-04,Store C,Clothing,4,49.26,197.04
2024-06-04,Store C,Groceries,10,13.47,134.72
2024-06-04,Store C,Home & Kitchen,10,49.64,496.42
2024-06-04,Store C,Beauty,7,28.81,201.69
2024-06-05,Store A,Electronics,10,127.17,1271.7
2024-06-05,Store A,Clothing,10,49.41,494.14
2024-06-05,Store A,Groceries,21,3.97,83.28
2024-06-05,Store A,Home & Kitchen,9,28.52,256.72
2024-06-05,Store A,Beauty,8,19.57,156.55
2024-06-05,Store B,Electronics,7,191.82,1342.72
2024-06-05,Store B,Clothing,7,47.97,335.76
2024-06-05,Store B,Groceries,15,8.46,126.96
2024-06-05,Store B,Home & Kitchen,9,40.79,367.12
2024-06-05,Store B,Beauty,7,50.26,351.79
2024-06-05,Store C,Electronics,7,137.25,960.77
2024-06-05,Store C,Clothing,4,79.11,316.44
2024-06-05,Store C,Groceries,6,12.47,74.84
2024-06-05,Store C,Home & Kitchen,4,18.45,73.81
2024-06-05,Store C,Beauty,5,15.99,79.95
2024-06-06,Store A,Electronics,17,161.53,2746.08
2024-06-06,Store A,Clothing,8,72.99,583.9
2024-06-06,Store A,Groceries,9,23.34,210.05
2024-06-06,Store A,Home & Kitchen,7,38.23,267.59
2024-06-06,Store A,Beauty,7,33.59,235.1
2024-06-06,Store B,Electronics,12,392.78,4713.39
2024-06-06,Store B,Clothing,10,30.91,309.12
2024-06-06,Store B,Groceries,12,7.7,92.43
2024-06-06,Store B,Home & Kitchen,9,85.03,765.23
2024-06-06,Store B,Beauty,6,9.29,55.72
2024-06-06,Store C,Electronics,11,152.37,1676.05
2024-06-06,Store C,Clothing,8,16.01,128.08
2024-06-06,Store C,Groceries,9,22.46,202.12
2024-06-06,Store C,Home & Kitchen,8,47.45,379.57
2024-06-06,Store C,Beauty,5,16.14,80.68
2024-06-07,Store A,Electronics,5,330.54,1652.7
2024-06-07,Store A,Clothing,9,47.13,424.19
2024-06-07,Store A,Groceries,18,7.85,141.26
2024-06-07,Store A,Home & Kitchen,8,13.84,110.71
2024-06-07,Store A,Beauty,3,39.79,119.37
2024-06-07,Store B,Electronics,12,390.28,4683.32
2024-06-07,Store B,Clothing,11,25.21,277.31
2024-06-07,Store B,Groceries,11,6.08,66.87
2024-06-07,Store B,Home & Kitchen,6,59.38,356.3
2024-06-07,Store B,Beauty,10,13.25,132.47
2024-06-07,Store C,Electronics,7,214.53,1501.7
2024-06-07,Store C,Clothing,10,16.45,164.51
2024-06-07,Store C,Groceries,13,2.01,26.08
2024-06-07,Store C,Home & Kitchen,2,17.1,34.2
2024-06-07,Store C,Beauty,4,21.2,84.78
2024-06-08,Store A,Electronics,15,275.43,4131.5
2024-06-08,Store A,Clothing,12,70.0,839.99
2024-06-08,Store A,Groceries,27,5.38,145.34
2024-06-08,Store A,Home & Kitchen,13,43.08,560.01
2024-06-08,Store A,Beauty,9,44.59,401.27
2024-06-08,Store B,Electronics,11,99.24,1091.63
2024-06-08,Store B,Clothing,10,26.76,267.6
2024-06-08,Store B,Groceries,16,9.72,155.45
2024-06-08,Store B,Home & Kitchen,17,56.49,960.25
2024-06-08,Store B,Beauty,7,36.93,258.51
2024-06-08,Store C,Electronics,14,343.21,4804.9
2024-06-08,Store C,Clothing,19,50.68,962.95
2024-06-08,Store C,Groceries,18,4.27,76.8
2024-06-08,Store C,Home & Kitchen,7,101.47,710.29
2024-06-08,Store C,Beauty,5,46.49,232.45
2024-06-09,Store A,Electronics,15,268.14,4022.14
2024-06-09,Store A,Clothing,10,51.67,516.68
2024-06-09,Store A,Groceries,12,8.04,96.5
2024-06-09,Store A,Home & Kitchen,9,102.01,918.13
2024-06-09,Store A,Beauty,10,47.59,475.85
2024-06-09,Store B,Electronics,16,205.53,3288.42
2024-06-09,Store B,Clothing,8,66.11,528.91
2024-06-09,Store B,Groceries,18,21.6,388.85
2024-06-09,Store B,Home & Kitchen,8,73.64,589.16
2024-06-09,Store B,Beauty,6,6.06,36.34
2024-06-09,Store C,Electronics,9,258.65,2327.85
2024-06-09,Store C,Clothing,8,37.59,300.7
2024-06-09,Store C,Groceries,13,18.74,243.57
2024-06-09,Store C,Home & Kitchen,4,107.16,428.63
2024-06-09,Store C,Beauty,6,29.52,177.12
2024-06-10,Store A,Electronics,11,65.65,722.16
2024-06-10,Store A,Clothing,6,59.2,355.22
2024-06-10,Store A,Groceries,14,14.77,206.74
2024-06-10,Store A,Home & Kitchen,21,87.6,1839.61
2024-06-10,Store A,Beauty,8,55.38,443.05
2024-06-10,Store B,Electronics,8,363.76,2910.11
2024-06-10,Store B,Clothing,7,18.92,132.44
2024-06-10,Store B,Groceries,4,23.5,94.0
2024-06-10,Store B,Home & Kitchen,12,97.18,1166.1
2024-06-10,Store B,Beauty,11,33.18,365.02
2024-06-10,Store C,Electronics,8,54.12,432.94
2024-06-10,Store C,Clothing,6,57.56,345.35
2024-06-10,Store C,Groceries,10,15.32,153.16
2024-06-10,Store C,Home & Kitchen,6,83.78,502.68
2024-06-10,Store C,Beauty,5,23.32,116.61
2024-06-11,Store A,Electronics,18,386.57,6958.29
2024-06-11,Store A,Clothing,12,35.25,423.04
2024-06-11,Store A,Groceries,15,19.59,293.84
2024-06-11,Store A,Home & Kitchen,8,119.26,954.1
2024-06-11,Store A,Beauty,10,16.58,165.81
2024-06-11,Store B,Electronics,7,113.21,792.5
2024-06-11,Store B,Clothing,10,57.42,574.23
2024-06-11,Store B,Groceries,10,8.52,85.16
2024-06-11,Store B,Home & Kitchen,5,52.32,261.59
2024-06-11,Store B,Beauty,4,33.57,134.28
2024-06-11,Store C,Electronics,11,238.03,2618.32
2024-06-11,Store C,Clothing,9,22.09,198.83
2024-06-11,Store C,Groceries,10,6.81,68.09
2024-06-11,Store C,Home & Kitchen,13,35.46,460.96
2024-06-11,Store C,Beauty,6,31.62,189.73
2024-06-12,Store A,Electronics,12,348.7,4184.37
2024-06-12,Store A,Clothing,11,45.17,496.88
2024-06-12,Store A,Groceries,14,5.05,70.64
2024-06-12,Store A,Home & Kitchen,14,32.83,459.64
2024-06-12,Store A,Beauty,6,11.92,71.54
2024-06-12,Store B,Electronics,15,274.72,4120.76
2024-06-12,Store B,Clothing,7,75.02,525.16
2024-06-12,Store B,Groceries,6,24.79,148.74
2024-06-12,Store B,Home & Kitchen,8,44.89,359.15
2024-06-12,Store B,Beauty,4,26.65,106.61
2024-06-12,Store C,Electronics,10,136.56,1365.57
2024-06-12,Store C,Clothing,3,62.42,187.26
2024-06-12,Store C,Groceries,12,20.52,246.23
2024-06-12,Store C,Home & Kitchen,6,89.47,536.83
2024-06-12,Store C,Beauty,4,56.34,225.34
2024-06-13,Store A,Electronics,15,108.87,1633.02
2024-06-13,Store A,Clothing,10,20.57,205.66
2024-06-13,Store A,Groceries,12,6.49,77.91
2024-06-13,Store A,Home & Kitchen,12,85.25,1022.99
2024-06-13,Store A,Beauty,7,30.66,214.64
2024-06-13,Store B,Electronics,12,209.22,2510.68
2024-06-13,Store B,Clothing,8,23.31,186.48
2024-06-13,Store B,Groceries,14,7.39,103.44
2024-06-13,Store B,Home & Kitchen,10,78.45,784.48
2024-06-13,Store B,Beauty,3,21.71,65.12
2024-06-13,Store C,Electronics,9,240.14,2161.27
2024-06-13,Store C,Clothing,5,44.25,221.26
2024-06-13,Store C,Groceries,7,11.6,81.18
2024-06-13,Store C,Home & Kitchen,3,106.38,319.15
2024-06-13,Store C,Beauty,5,44.73,223.67
2024-06-14,Store A,Electronics,15,122.13,1831.92
2024-06-14,Store A,Clothing,10,63.51,635.12
2024-06-14,Store A,Groceries,11,4.72,51.97
2024-06-14,Store A,Home & Kitchen,6,49.66,297.93
2024-06-14,Store A,Beauty,4,12.97,51.89
2024-06-14,Store B,Electronics,15,398.24,5973.6
2024-06-14,Store B,Clothing,6,36.04,216.22
2024-06-14,Store B,Groceries,12,21.56,258.69
2024-06-14,Store B,Home & Kitchen,8,53.68,429.43
2024-06-14,Store B,Beauty,6,50.5,302.99
2024-06-14,Store C,Electronics,8,173.58,1388.62
2024-06-14,Store C,Clothing,5,46.14,230.71
2024-06-14,Store C,Groceries,12,6.72,80.69
2024-06-14,Store C,Home & Kitchen,6,114.92,689.52
2024-06-14,Store C,Beauty,3,40.05,120.14
2024-06-15,Store A,Electronics,19,245.13,4657.38
2024-06-15,Store A,Clothing,13,33.08,429.98
2024-06-15,Store A,Groceries,22,15.92,350.14
2024-06-15,Store A,Home & Kitchen,12,34.65,415.84
2024-06-15,Store A,Beauty,7,50.39,352.74
2024-06-15,Store B,Electronics,11,114.45,1258.9
2024-06-15,Store B,Clothing,10,27.98,279.75
2024-06-15,Store B,Groceries,19,6.81,129.45
2024-06-15,Store B,Home & Kitchen,8,46.44,371.53
2024-06-15,Store B,Beauty,11,48.44,532.79
2024-06-15,Store C,Electronics,6,142.28,853.71
2024-06-15,Store C,Clothing,9,51.12,460.12
2024-06-15,Store C,Groceries,18,6.47,116.38
2024-06-15,Store C,Home & Kitchen,11,83.45,917.99
2024-06-15,Store C,Beauty,5,38.31,191.54
2024-06-16,Store A,Electronics,20,220.49,4409.76
2024-06-16,Store A,Clothing,16,66.2,1059.23
2024-06-16,Store A,Groceries,21,13.83,290.53
2024-06-16,Store A,Home & Kitchen,11,113.08,1243.88
2024-06-16,Store A,Beauty,9,53.97,485.69
2024-06-16,Store B,Electronics,17,75.11,1276.82
2024-06-16,Store B,Clothing,8,19.21,153.66
2024-06-16,Store B,Groceries,12,12.19,146.28
2024-06-16,Store B,Home & Kitchen,10,26.7,267.05
2024-06-16,Store B,Beauty,8,52.78,422.27
2024-06-16,Store C,Electronics,11,361.39,3975.32
2024-06-16,Store C,Clothing,11,15.24,167.62
2024-06-16,Store C,Groceries,10,15.05,150.51
2024-06-16,Store C,Home & Kitchen,15,80.31,1204.72
2024-06-16,Store C,Beauty,2,33.02,66.04
2024-06-17,Store A,Electronics,8,263.52,2108.2
2024-06-17,Store A,Clothing,7,60.69,424.86
2024-06-17,Store A,Groceries,18,6.45,116.1
2024-06-17,Store A,Home & Kitchen,10,14.41,144.07
2024-06-17,Store A,Beauty,9,18.94,170.47
2024-06-17,Store B,Electronics,12,390.68,4688.17
2024-06-17,Store B,Clothing,4,24.69,98.75
2024-06-17,Store B,Groceries,12,9.51,114.14
2024-06-17,Store B,Home & Kitchen,8,63.41,507.25
2024-06-17,Store B,Beauty,8,34.31,274.48
2024-06-17,Store C,Electronics,9,374.58,3371.26
2024-06-17,Store C,Clothing,6,44.21,265.27
2024-06-17,Store C,Groceries,13,5.34,69.4
2024-06-17,Store C,Home & Kitchen,7,106.68,746.76
2024-06-17,Store C,Beauty,2,21.6,43.21
2024-06-18,Store A,Electronics,13,325.87,4236.26
2024-06-18,Store A,Clothing,6,38.63,231.79
2024-06-18,Store A,Groceries,18,5.0,89.94
2024-06-18,Store A,Home & Kitchen,9,100.47,904.2
2024-06-18,Store A,Beauty,4,47.12,188.49
2024-06-18,Store B,Electronics,8,80.48,643.86
2024-06-18,Store B,Clothing,10,48.83,488.35
2024-06-18,Store B,Groceries,14,19.03,266.44
2024-06-18,Store B,Home & Kitchen,3,112.78,338.35
2024-06-18,Store B,Beauty,4,35.07,140.26
2024-06-18,Store C,Electronics,12,288.81,3465.74
2024-06-18,Store C,Clothing,8,29.98,239.87
2024-06-18,Store C,Groceries,10,23.27,232.71
2024-06-18,Store C,Home & Kitchen,7,79.68,557.73
2024-06-18,Store C,Beauty,7,11.18,78.25
2024-06-19,Store A,Electronics,18,238.06,4285.1
2024-06-19,Store A,Clothing,6,28.26,169.59
2024-06-19,Store A,Groceries,12,20.06,240.74
2024-06-19,Store A,Home & Kitchen,10,70.48,704.85
2024-06-19,Store A,Beauty,6,51.17,307.04
2024-06-19,Store B,Electronics,11,396.27,4358.96
2024-06-19,Store B,Clothing,6,69.1,414.61
2024-06-19,Store B,Groceries,13,10.48,136.3
2024-06-19,Store B,Home & Kitchen,10,75.12,751.23
2024-06-19,Store B,Beauty,4,18.36,73.43
2024-06-19,Store C,Electronics,13,80.96,1052.51
2024-06-19,Store C,Clothing,4,15.86,63.43
2024-06-19,Store C,Groceries,11,20.66,227.31
2024-06-19,Store C,Home & Kitchen,5,63.49,317.44
2024-06-19,Store C,Beauty,3,58.16,174.48
2024-06-20,Store A,Electronics,14,318.58,4460.15
2024-06-20,Store A,Clothing,13,15.02,195.25
2024-06-20,Store A,Groceries,10,21.45,214.48
2024-06-20,Store A,Home & Kitchen,9,14.75,132.72
2024-06-20,Store A,Beauty,2,21.06,42.13
2024-06-20,Store B,Electronics,4,152.86,611.42
2024-06-20,Store B,Clothing,6,23.77,142.63
2024-06-20,Store B,Groceries,11,15.86,174.48
2024-06-20,Store B,Home & Kitchen,8,20.02,160.15
2024-06-20,Store B,Beauty,6,12.24,73.46
2024-06-20,Store C,Electronics,7,259.72,1818.01
2024-06-20,Store C,Clothing,11,69.97,769.63
2024-06-20,Store C,Groceries,10,18.4,184.05
2024-06-20,Store C,Home & Kitchen,7,59.79,418.52
2024-06-20,Store C,Beauty,3,20.85,62.55
2024-06-21,Store A,Electronics,11,144.68,1591.52
2024-06-21,Store A,Clothing,9,29.84,268.6
2024-06-21,Store A,Groceries,18,2.75,49.58
2024-06-21,Store A,Home & Kitchen,8,91.09,728.69
2024-06-21,Store A,Beauty,3,21.72,65.17
2024-06-21,Store B,Electronics,8,124.88,999.05
2024-06-21,Store B,Clothing,7,57.42,401.95
2024-06-21,Store B,Groceries,13,4.47,58.16
2024-06-21,Store B,Home & Kitchen,11,72.19,794.04
2024-06-21,Store B,Beauty,5,20.35,101.74
2024-06-21,Store C,Electronics,5,325.13,1625.65
2024-06-21,Store C,Clothing,4,27.84,111.34
2024-06-21,Store C,Groceries,8,12.99,103.95
2024-06-21,Store C,Home & Kitchen,9,110.56,995.04
2024-06-21,Store C,Beauty,7,38.16,267.09
2024-06-22,Store A,Electronics,15,237.63,3564.48
2024-06-22,Store A,Clothing,7,54.37,380.59
2024-06-22,Store A,Groceries,22,9.08,199.79
2024-06-22,Store A,Home & Kitchen,13,33.72,438.32
2024-06-22,Store A,Beauty,7,46.37,324.61
2024-06-22,Store B,Electronics,8,52.34,418.72
2024-06-22,Store B,Clothing,12,60.54,726.49
2024-06-22,Store B,Groceries,15,8.18,122.64
2024-06-22,Store B,Home & Kitchen,11,31.19,343.14
2024-06-22,Store B,Beauty,6,8.24,49.46
2024-06-22,Store C,Electronics,14,117.25,1641.48
2024-06-22,Store C,Clothing,8,22.13,177.01
2024-06-22,Store C,Groceries,15,23.44,351.65
2024-06-22,Store C,Home & Kitchen,7,60.94,426.61
2024-06-22,Store C,Beauty,7,41.13,287.9
2024-06-23,Store A,Electronics,17,50.81,863.77
2024-06-23,Store A,Clothing,15,78.34,1175.12
2024-06-23,Store A,Groceries,18,7.98,143.59
2024-06-23,Store A,Home & Kitchen,12,81.34,976.09
2024-06-23,Store A,Beauty,12,35.89,430.72
2024-06-23,Store B,Electronics,17,304.06,5169.04
2024-06-23,Store B,Clothing,13,45.81,595.55
2024-06-23,Store B,Groceries,13,5.08,65.99
2024-06-23,Store B,Home & Kitchen,8,11.64,93.1
2024-06-23,Store B,Beauty,5,43.39,216.96
2024-06-23,Store C,Electronics,7,310.58,2174.09
2024-06-23,Store C,Clothing,8,22.17,177.32
2024-06-23,Store C,Groceries,6,24.11,144.68
2024-06-23,Store C,Home & Kitchen,6,119.99,719.94
2024-06-23,Store C,Beauty,9,13.55,121.93
2024-06-24,Store A,Electronics,11,392.7,4319.66
2024-06-24,Store A,Clothing,11,25.84,284.28
2024-06-24,Store A,Groceries,15,22.67,340.04
2024-06-24,Store A,Home & Kitchen,5,28.59,142.96
2024-06-24,Store A,Beauty,1,34.08,34.08
2024-06-24,Store B,Electronics,14,235.34,3294.72
2024-06-24,Store B,Clothing,11,36.2,398.15
2024-06-24,Store B,Groceries,18,20.74,373.4
2024-06-24,Store B,Home & Kitchen,5,16.56,82.82
2024-06-24,Store B,Beauty,4,42.49,169.96
2024-06-24,Store C,Electronics,14,103.24,1445.38
2024-06-24,Store C,Clothing,6,23.42,140.52
2024-06-24,Store C,Groceries,14,16.87,236.14
2024-06-24,Store C,Home & Kitchen,7,11.05,77.38
2024-06-24,Store C,Beauty,5,12.11,60.57
2024-06-25,Store A,Electronics,12,112.13,1345.54
2024-06-25,Store A,Clothing,9,46.28,416.55
2024-06-25,Store A,Groceries,12,9.59,115.04
2024-06-25,Store A,Home & Kitchen,2,41.68,83.36
2024-06-25,Store A,Beauty,9,24.11,217.03
2024-06-25,Store B,Electronics,11,230.55,2536.1
2024-06-25,Store B,Clothing,5,18.87,94.34
2024-06-25,Store B,Groceries,10,21.85,218.54
2024-06-25,Store B,Home & Kitchen,10,27.07,270.73
2024-06-25,Store B,Beauty,3,18.5,55.49
2024-06-25,Store C,Electronics,8,129.23,1033.82
2024-06-25,Store C,Clothing,2,31.36,62.71
2024-06-25,Store C,Groceries,13,10.41,135.34
2024-06-25,Store C,Home & Kitchen,9,78.55,706.97
2024-06-25,Store C,Beauty,5,14.46,72.29
2024-06-26,Store A,Electronics,10,330.25,3302.54
2024-06-26,Store A,Clothing,11,50.84,559.2
2024-06-26,Store A,Groceries,6,9.69,58.12
2024-06-26,Store A,Home & Kitchen,13,62.55,813.18
2024-06-26,Store A,Beauty,7,38.5,269.53
2024-06-26,Store B,Electronics,5,59.18,295.89
2024-06-26,Store B,Clothing,7,37.12,259.81
2024-06-26,Store B,Groceries,5,13.73,68.66
2024-06-26,Store B,Home & Kitchen,12,114.96,1379.49
2024-06-26,Store B,Beauty,8,25.04,200.31
2024-06-26,Store C,Electronics,6,82.03,492.15
2024-06-26,Store C,Clothing,7,58.77,411.37
2024-06-26,Store C,Groceries,11,15.38,169.14
2024-06-26,Store C,Home & Kitchen,5,100.2,500.98
2024-06-26,Store C,Beauty,3,38.37,115.1
2024-06-27,Store A,Electronics,13,184.15,2394.01
2024-06-27,Store A,Clothing,8,67.45,539.63
2024-06-27,Store A,Groceries,19,16.03,304.53
2024-06-27,Store A,Home & Kitchen,7,87.06,609.4
2024-06-27,Store A,Beauty,10,29.08,290.83
2024-06-27,Store B,Electronics,9,130.21,1171.85
2024-06-27,Store B,Clothing,6,54.24,325.45
2024-06-27,Store B,Groceries,17,19.51,331.68
2024-06-27,Store B,Home & Kitchen,8,74.09,592.71
2024-06-27,Store B,Beauty,6,23.48,140.9
2024-06-27,Store C,Electronics,9,281.15,2530.35
2024-06-27,Store C,Clothing,7,59.04,413.26
2024-06-27,Store C,Groceries,6,6.06,36.37
2024-06-27,Store C,Home & Kitchen,1,67.75,67.75
2024-06-27,Store C,Beauty,2,12.8,25.59
2024-06-28,Store A,Electronics,8,320.4,2563.19
2024-06-28,Store A,Clothing,9,25.07,225.67
2024-06-28,Store A,Groceries,11,23.98,263.75
2024-06-28,Store A,Home & Kitchen,5,57.54,287.7
2024-06-28,Store A,Beauty,7,51.07,357.51
2024-06-28,Store B,Electronics,9,206.88,1861.91
2024-06-28,Store B,Clothing,13,64.46,837.94
2024-06-28,Store B,Groceries,11,4.69,51.64
2024-06-28,Store B,Home & Kitchen,10,74.33,743.27
2024-06-28,Store B,Beauty,10,11.13,111.32
2024-06-28,Store C,Electronics,7,71.89,503.21
2024-06-28,Store C,Clothing,4,47.25,188.99
2024-06-28,Store C,Groceries,11,6.75,74.24
2024-06-28,Store C,Home & Kitchen,4,45.87,183.47
2024-06-28,Store C,Beauty,4,34.74,138.96
2024-06-29,Store A,Electronics,18,262.88,4731.78
2024-06-29,Store A,Clothing,12,21.02,252.2
2024-06-29,Store A,Groceries,36,4.71,169.45
2024-06-29,Store A,Home & Kitchen,7,68.29,478.06
2024-06-29,Store A,Beauty,9,37.11,333.99
2024-06-29,Store B,Electronics,12,183.51,2202.07
2024-06-29,Store B,Clothing,11,22.06,242.62
2024-06-29,Store B,Groceries,12,15.12,181.43
2024-06-29,Store B,Home & Kitchen,12,37.43,449.12
2024-06-29,Store B,Beauty,4,40.56,162.26
2024-06-29,Store C,Electronics,13,61.74,802.59
2024-06-29,Store C,Clothing,7,18.57,129.98
2024-06-29,Store C,Groceries,7,6.9,48.33
2024-06-29,Store C,Home & Kitchen,8,51.77,414.18
2024-06-29,Store C,Beauty,7,24.65,172.54
2024-06-30,Store A,Electronics,15,288.21,4323.14
2024-06-30,Store A,Clothing,8,42.48,339.8
2024-06-30,Store A,Groceries,15,20.48,307.15
2024-06-30,Store A,Home & Kitchen,5,15.75,78.74
2024-06-30,Store A,Beauty,6,44.35,266.11
2024-06-30,Store B,Electronics,9,112.79,1015.12
2024-06-30,Store B,Clothing,14,26.65,373.07
2024-06-30,Store B,Groceries,11,8.23,90.49
2024-06-30,Store B,Home & Kitchen,8,107.63,861.04
2024-06-30,Store B,Beauty,2,57.24,114.47
2024-06-30,Store C,Electronics,13,184.71,2401.2
2024-06-30,Store C,Clothing,12,38.88,466.54
2024-06-30,Store C,Groceries,16,6.34,101.48
2024-06-30,Store C,Home & Kitchen,6,95.06,570.38
2024-06-30,Store C,Beauty,5,56.7,283.52
2024-07-01,Store A,Electronics,8,374.87,2998.93
2024-07-01,Store A,Clothing,11,79.77,877.48
2024-07-01,Store A,Groceries,26,10.68,277.81
2024-07-01,Store A,Home & Kitchen,9,56.21,505.93
2024-07-01,Store A,Beauty,6,44.6,267.57
2024-07-01,Store B,Electronics,18,286.54,5157.69
2024-07-01,Store B,Clothing,9,43.18,388.66
2024-07-01,Store B,Groceries,15,16.92,253.81
2024-07-01,Store B,Home & Kitchen,10,81.24,812.38
2024-07-01,Store B,Beauty,8,17.2,137.58
2024-07-01,Store C,Electronics,17,348.49,5924.35
2024-07-01,Store C,Clothing,6,51.66,309.93
2024-07-01,Store C,Groceries,10,10.08,100.81
2024-07-01,Store C,Home & Kitchen,3,37.34,112.01
2024-07-01,Store C,Beauty,3,16.65,49.95
2024-07-02,Store A,Electronics,7,396.31,2774.17
2024-07-02,Store A,Clothing,7,59.1,413.71
2024-07-02,Store A,Groceries,14,2.47,34.64
2024-07-02,Store A,Home & Kitchen,9,105.4,948.57
2024-07-02,Store A,Beauty,5,16.34,81.7
2024-07-02,Store B,Electronics,11,301.11,3312.22
2024-07-02,Store B,Clothing,6,66.9,401.41
2024-07-02,Store B,Groceries,11,22.41,246.52
2024-07-02,Store B,Home & Kitchen,7,89.64,627.47
2024-07-02,Store B,Beauty,6,49.23,295.36
2024-07-02,Store C,Electronics,4,198.71,794.84
2024-07-02,Store C,Clothing,6,59.99,359.95
2024-07-02,Store C,Groceries,11,20.45,224.92
2024-07-02,Store C,Home & Kitchen,7,109.59,767.12
2024-07-02,Store C,Beauty,7,58.59,410.11
2024-07-03,Store A,Electronics,18,357.45,6434.16
2024-07-03,Store A,Clothing,9,30.16,271.4
2024-07-03,Store A,Groceries,17,17.26,293.49
2024-07-03,Store A,Home & Kitchen,6,62.82,376.94
2024-07-03,Store A,Beauty,9,15.48,139.29
2024-07-03,Store B,Electronics,13,136.57,1775.42
2024-07-03,Store B,Clothing,3,75.43,226.29
2024-07-03,Store B,Groceries,18,24.9,448.2
2024-07-03,Store B,Home & Kitchen,5,33.25,166.26
2024-07-03,Store B,Beauty,7,49.7,347.92
2024-07-03,Store C,Electronics,10,316.6,3165.97
2024-07-03,Store C,Clothing,5,62.72,313.58
2024-07-03,Store C,Groceries,14,15.1,211.45
2024-07-03,Store C,Home & Kitchen,4,32.38,129.5
2024-07-03,Store C,Beauty,6,53.19,319.12
2024-07-04,Store A,Electronics,12,374.61,4495.28
2024-07-04,Store A,Clothing,14,34.66,485.2
2024-07-04,Store A,Groceries,20,17.2,343.99
2024-07-04,Store A,Home & Kitchen,8,91.27,730.14
2024-07-04,Store A,Beauty,16,8.86,141.72
2024-07-04,Store B,Electronics,10,259.36,2593.62
2024-07-04,Store B,Clothing,7,32.69,228.82
2024-07-04,Store B,Groceries,12,2.47,29.7
2024-07-04,Store B,Home & Kitchen,10,37.15,371.46
2024-07-04,Store B,Beauty,4,12.83,51.32
2024-07-04,Store C,Electronics,7,260.33,1822.3
2024-07-04,Store C,Clothing,5,73.51,367.57
2024-07-04,Store C,Groceries,9,18.34,165.08
2024-07-04,Store C,Home & Kitchen,5,69.33,346.66
2024-07-04,Store C,Beauty,5,33.3,166.48
2024-07-05,Store A,Electronics,15,249.38,3740.74
2024-07-05,Store A,Clothing,9,49.05,441.43
2024-07-05,Store A,Groceries,12,5.52,66.19
2024-07-05,Store A,Home & Kitchen,8,36.94,295.5
2024-07-05,Store A,Beauty,3,57.06,171.18
2024-07-05,Store B,Electronics,10,85.65,856.51
2024-07-05,Store B,Clothing,8,41.18,329.46
2024-07-05,Store B,Groceries,15,24.74,371.16
2024-07-05,Store B,Home & Kitchen,3,108.88,326.64
2024-07-05,Store B,Beauty,7,35.43,248.0
2024-07-05,Store C,Electronics,9,359.58,3236.26
2024-07-05,Store C,Clothing,8,74.62,596.94
2024-07-05,Store C,Groceries,11,11.7,128.65
2024-07-05,Store C,Home & Kitchen,4,96.91,387.65
2024-07-05,Store C,Beauty,6,50.18,301.08
2024-07-06,Store A,Electronics,21,61.82,1298.28
2024-07-06,Store A,Clothing,18,51.7,930.65
2024-07-06,Store A,Groceries,17,3.74,63.53
2024-07-06,Store A,Home & Kitchen,8,64.13,513.02
2024-07-06,Store A,Beauty,13,40.65,528.48
2024-07-06,Store B,Electronics,19,360.56,6850.56
2024-07-06,Store B,Clothing,10,54.7,547.04
2024-07-06,Store B,Groceries,15,14.2,212.97
2024-07-06,Store B,Home & Kitchen,8,11.58,92.66
2024-07-06,Store B,Beauty,9,21.18,190.61
2024-07-06,Store C,Electronics,5,331.07,1655.37
2024-07-06,Store C,Clothing,13,49.05,637.59
2024-07-06,Store C,Groceries,20,23.49,469.86
2024-07-06,Store C,Home & Kitchen,12,61.36,736.36
2024-07-06,Store C,Beauty,6,24.82,148.9
2024-07-07,Store A,Electronics,13,192.25,2499.25
2024-07-07,Store A,Clothing,16,34.72,555.45
2024-07-07,Store A,Groceries,25,16.36,408.99
2024-07-07,Store A,Home & Kitchen,11,10.84,119.29
2024-07-07,Store A,Beauty,8,37.09,296.74
2024-07-07,Store B,Electronics,14,290.59,4068.24
2024-07-07,Store B,Clothing,13,18.02,234.28
2024-07-07,Store B,Groceries,17,15.61,265.43
2024-07-07,Store B,Home & Kitchen,16,39.89,638.28
2024-07-07,Store B,Beauty,11,30.81,338.87
2024-07-07,Store C,Electronics,10,183.41,1834.14
2024-07-07,Store C,Clothing,5,69.74,348.69
2024-07-07,Store C,Groceries,18,21.69,390.43
2024-07-07,Store C,Home & Kitchen,7,40.4,282.79
2024-07-07,Store C,Beauty,10,36.57,365.68
2024-07-08,Store A,Electronics,16,181.53,2904.49
2024-07-08,Store A,Clothing,17,44.65,759.03
2024-07-08,Store A,Groceries,10,8.94,89.37
2024-07-08,Store A,Home & Kitchen,6,88.86,533.13
2024-07-08,Store A,Beauty,4,27.6,110.38
2024-07-08,Store B,Electronics,5,398.47,1992.36
2024-07-08,Store B,Clothing,6,46.98,281.86
2024-07-08,Store B,Groceries,14,19.07,266.92
2024-07-08,Store B,Home & Kitchen,8,63.0,504.01
2024-07-08,Store B,Beauty,5,6.2,31.02
2024-07-08,Store C,Electronics,7,151.41,1059.87
2024-07-08,Store C,Clothing,12,39.91,478.9
2024-07-08,Store C,Groceries,10,17.63,176.33
2024-07-08,Store C,Home & Kitchen,4,41.86,167.45
2024-07-08,Store C,Beauty,2,7.9,15.8
2024-07-09,Store A,Electronics,12,185.25,2223.02
2024-07-09,Store A,Clothing,8,68.87,550.92
2024-07-09,Store A,Groceries,13,11.27,146.53
2024-07-09,Store A,Home & Kitchen,9,16.37,147.33
2024-07-09,Store A,Beauty,9,16.11,144.95
2024-07-09,Store B,Electronics,13,219.45,2852.83
2024-07-09,Store B,Clothing,10,38.79,387.89
2024-07-09,Store B,Groceries,8,11.66,93.26
2024-07-09,Store B,Home & Kitchen,9,115.51,1039.58
2024-07-09,Store B,Beauty,9,29.83,268.46
2024-07-09,Store C,Electronics,4,338.52,1354.07
2024-07-09,Store C,Clothing,4,21.63,86.53
2024-07-09,Store C,Groceries,13,18.35,238.55
2024-07-09,Store C,Home & Kitchen,6,10.43,62.58
2024-07-09,Store C,Beauty,4,53.86,215.42
2024-07-10,Store A,Electronics,13,356.5,4634.56
2024-07-10,Store A,Clothing,13,74.99,974.83
2024-07-10,Store A,Groceries,8,17.66,141.25
2024-07-10,Store A,Home & Kitchen,7,18.76,131.29
2024-07-10,Store A,Beauty,3,29.42,88.27
2024-07-10,Store B,Electronics,13,228.71,2973.24
2024-07-10,Store B,Clothing,9,77.83,700.48
2024-07-10,Store B,Groceries,10,10.73,107.3
2024-07-10,Store B,Home & Kitchen,7,102.14,714.97
2024-07-10,Store B,Beauty,5,8.51,42.57
2024-07-10,Store C,Electronics,7,359.54,2516.76
2024-07-10,Store C,Clothing,5,65.35,326.73
2024-07-10,Store C,Groceries,11,24.07,264.82
2024-07-10,Store C,Home & Kitchen,3,57.3,171.89
2024-07-10,Store C,Beauty,6,6.77,40.6
2024-07-11,Store A,Electronics,14,350.31,4904.27
2024-07-11,Store A,Clothing,4,69.17,276.69
2024-07-11,Store A,Groceries,13,15.89,206.57
2024-07-11,Store A,Home & Kitchen,7,87.12,609.81
2024-07-11,Store A,Beauty,6,39.56,237.35
2024-07-11,Store B,Electronics,7,137.17,960.21
2024-07-11,Store B,Clothing,6,69.2,415.22
2024-07-11,Store B,Groceries,10,3.71,37.1
2024-07-11,Store B,Home & Kitchen,5,23.27,116.35
2024-07-11,Store B,Beauty,11,24.84,273.19
2024-07-11,Store C,Electronics,4,53.04,212.15
2024-07-11,Store C,Clothing,11,15.77,173.46
2024-07-11,Store C,Groceries,11,14.87,163.59
2024-07-11,Store C,Home & Kitchen,6,109.79,658.74
2024-07-11,Store C,Beauty,5,35.82,179.1
2024-07-12,Store A,Electronics,6,329.78,1978.69
2024-07-12,Store A,Clothing,12,56.01,672.07
2024-07-12,Store A,Groceries,19,6.32,120.16
2024-07-12,Store A,Home & Kitchen,11,75.1,826.14
2024-07-12,Store A,Beauty,3,42.41,127.23
2024-07-12,Store B,Electronics,7,265.52,1858.64
2024-07-12,Store B,Clothing,8,35.72,285.73
2024-07-12,Store B,Groceries,6,8.36,50.18
2024-07-12,Store B,Home & Kitchen,7,25.36,177.52
2024-07-12,Store B,Beauty,7,8.99,62.91
2024-07-12,Store C,Electronics,11,156.23,1718.56
2024-07-12,Store C,Clothing,10,45.07,450.74
2024-07-12,Store C,Groceries,3,7.33,21.99
2024-07-12,Store C,Home & Kitchen,3,32.0,95.99
2024-07-12,Store C,Beauty,4,46.36,185.44
2024-07-13,Store A,Electronics,16,122.67,1962.71
2024-07-13,Store A,Clothing,17,59.09,1004.53
2024-07-13,Store A,Groceries,20,5.72,114.44
2024-07-13,Store A,Home & Kitchen,11,111.81,1229.9
2024-07-13,Store A,Beauty,8,42.05,336.36
2024-07-13,Store B,Electronics,21,126.48,2656.1
2024-07-13,Store B,Clothing,11,24.42,268.61
2024-07-13,Store B,Groceries,20,11.9,238.03
2024-07-13,Store B,Home & Kitchen,4,34.37,137.47
2024-07-13,Store B,Beauty,8,39.69,317.49
2024-07-13,Store C,Electronics,14,191.28,2677.88
2024-07-13,Store C,Clothing,4,52.69,210.74
2024-07-13,Store C,Groceries,14,2.39,33.41
2024-07-13,Store C,Home & Kitchen,10,32.05,320.45
2024-07-13,Store C,Beauty,4,7.11,28.44
2024-07-14,Store A,Electronics,13,70.6,917.78
2024-07-14,Store A,Clothing,12,18.8,225.63
2024-07-14,Store A,Groceries,22,17.31,380.74
2024-07-14,Store A,Home & Kitchen,9,99.94,899.48
2024-07-14,Store A,Beauty,13,26.84,348.89
2024-07-14,Store B,Electronics,18,346.08,6229.43
2024-07-14,Store B,Clothing,13,73.96,961.47
2024-07-14,Store B,Groceries,19,22.91,435.31
2024-07-14,Store B,Home & Kitchen,4,83.4,333.61
2024-07-14,Store B,Beauty,7,13.79,96.53
2024-07-14,Store C,Electronics,8,125.54,1004.29
2024-07-14,Store C,Clothing,6,79.73,478.36
2024-07-14,Store C,Groceries,10,4.09,40.88
2024-07-14,Store C,Home & Kitchen,2,79.09,158.18
2024-07-15,Store A,Electronics,11,276.97,3046.7
2024-07-15,Store A,Clothing,8,43.42,347.36
2024-07-15,Store A,Groceries,17,2.2,37.4
2024-07-15,Store A,Home & Kitchen,8,81.21,649.69
2024-07-15,Store A,Beauty,5,22.34,111.71
2024-07-15,Store B,Electronics,10,259.76,2597.59
2024-07-15,Store B,Clothing,9,24.56,221.01
2024-07-15,Store B,Groceries,7,11.48,80.35
2024-07-15,Store B,Home & Kitchen,6,25.54,153.22
2024-07-15,Store B,Beauty,5,8.54,42.71
2024-07-15,Store C,Electronics,10,263.05,2630.51
2024-07-15,Store C,Groceries,8,13.27,106.14
2024-07-15,Store C,Home & Kitchen,8,106.54,852.33
2024-07-15,Store C,Beauty,3,6.89,20.68
2024-07-16,Store A,Electronics,14,220.33,3084.59
2024-07-16,Store A,Clothing,7,30.1,210.7
2024-07-16,Store A,Groceries,22,21.63,475.8
2024-07-16,Store A,Home & Kitchen,9,47.94,431.48
2024-07-16,Store A,Beauty,8,36.32,290.57
2024-07-16,Store B,Electronics,9,365.57,3290.16
2024-07-16,Store B,Clothing,8,29.06,232.44
2024-07-16,Store B,Groceries,11,23.34,256.73
2024-07-16,Store B,Home & Kitchen,7,84.61,592.3
2024-07-16,Store B,Beauty,2,44.87,89.73
2024-07-16,Store C,Electronics,6,341.41,2048.44
2024-07-16,Store C,Clothing,7,26.02,182.11
2024-07-16,Store C,Groceries,11,16.58,182.37
2024-07-16,Store C,Home & Kitchen,9,74.25,668.22
2024-07-16,Store C,Beauty,4,38.24,152.96
2024-07-17,Store A,Electronics,13,119.93,1559.11
2024-07-17,Store A,Clothing,8,72.27,578.19
2024-07-17,Store A,Groceries,12,19.32,231.82
2024-07-17,Store A,Home & Kitchen,7,118.65,830.54
2024-07-17,Store A,Beauty,4,57.27,229.09
2024-07-17,Store B,Electronics,7,376.75,2637.28
2024-07-17,Store B,Clothing,7,45.26,316.85
2024-07-17,Store B,Groceries,11,11.43,125.73
2024-07-17,Store B,Home & Kitchen,7,16.5,115.47
2024-07-17,Store B,Beauty,8,50.43,403.47
2024-07-17,Store C,Electronics,5,147.33,736.66
2024-07-17,Store C,Clothing,9,36.71,330.43
2024-07-17,Store C,Groceries,9,22.21,199.9
2024-07-17,Store C,Home & Kitchen,9,12.71,114.42
2024-07-17,Store C,Beauty,4,27.07,108.27
2024-07-18,Store A,Electronics,18,150.36,2706.57
2024-07-18,Store A,Clothing,10,43.32,433.19
2024-07-18,Store A,Groceries,12,11.66,139.91
2024-07-18,Store A,Home & Kitchen,4,99.51,398.05
2024-07-18,Store A,Beauty,7,34.18,239.29
2024-07-18,Store B,Electronics,16,370.93,5934.9
2024-07-18,Store B,Clothing,6,74.83,448.99
2024-07-18,Store B,Groceries,15,20.58,308.69
2024-07-18,Store B,Home & Kitchen,7,60.98,426.89
2024-07-18,Store B,Beauty,2,7.11,14.22
2024-07-18,Store C,Electronics,10,277.81,2778.08
2024-07-18,Store C,Clothing,6,22.51,135.05
2024-07-18,Store C,Groceries,11,17.95,197.42
2024-07-18,Store C,Home & Kitchen,3,119.87,359.62
2024-07-18,Store C,Beauty,3,27.8,83.4
2024-07-19,Store A,Electronics,7,102.82,719.71
2024-07-19,Store A,Clothing,10,56.6,565.98
2024-07-19,Store A,Groceries,19,23.09,438.75
2024-07-19,Store A,Home & Kitchen,2,89.0,178.0
2024-07-19,Store A,Beauty,5,50.52,252.62
2024-07-19,Store B,Electronics,6,391.89,2351.35
2024-07-19,Store B,Clothing,4,49.22,196.87
2024-07-19,Store B,Groceries,9,20.31,182.82
2024-07-19,Store B,Home & Kitchen,9,97.23,875.11
2024-07-19,Store B,Beauty,6,58.82,352.91
2024-07-19,Store C,Electronics,13,133.07,1729.87
2024-07-19,Store C,Clothing,8,62.26,498.1
2024-07-19,Store C,Groceries,14,15.19,212.71
2024-07-19,Store C,Home & Kitchen,8,115.85,926.79
2024-07-20,Store A,Electronics,14,162.92,2280.88
2024-07-20,Store A,Clothing,14,34.74,486.31
2024-07-20,Store A,Groceries,12,16.31,195.75
2024-07-20,Store A,Home & Kitchen,5,53.18,265.88
2024-07-20,Store A,Beauty,15,58.39,875.86
2024-07-20,Store B,Electronics,12,102.76,1233.07
2024-07-20,Store B,Clothing,7,67.59,473.14
2024-07-20,Store B,Groceries,16,6.16,98.6
2024-07-20,Store B,Home & Kitchen,9,64.9,584.11
2024-07-20,Store B,Beauty,10,8.67,86.72
2024-07-20,Store C,Electronics,10,301.78,3017.83
2024-07-20,Store C,Clothing,7,17.38,121.65
2024-07-20,Store C,Groceries,18,13.25,238.48
2024-07-20,Store C,Home & Kitchen,7,104.95,734.67
2024-07-20,Store C,Beauty,6,14.01,84.08
2024-07-21,Store A,Electronics,12,114.97,1379.66
2024-07-21,Store A,Clothing,9,77.83,700.51
2024-07-21,Store A,Groceries,23,24.7,568.2
2024-07-21,Store A,Home & Kitchen,12,50.25,602.96
2024-07-21,Store A,Beauty,5,7.63,38.15
2024-07-21,Store B,Electronics,12,50.76,609.14
2024-07-21,Store B,Clothing,14,35.93,503.08
2024-07-21,Store B,Groceries,14,14.09,197.2
2024-07-21,Store B,Home & Kitchen,8,40.94,327.54
2024-07-21,Store B,Beauty,8,31.94,255.52
2024-07-21,Store C,Electronics,8,123.01,984.09
2024-07-21,Store C,Clothing,5,57.5,287.49
2024-07-21,Store C,Groceries,13,10.38,134.93
2024-07-21,Store C,Home & Kitchen,7,47.09,329.65
2024-07-21,Store C,Beauty,5,30.21,151.03
2024-07-22,Store A,Electronics,11,227.41,2501.52
2024-07-22,Store A,Clothing,11,38.38,422.23
2024-07-22,Store A,Groceries,11,10.2,112.25
2024-07-22,Store A,Home & Kitchen,10,54.08,540.79
2024-07-22,Store A,Beauty,4,14.15,56.6
2024-07-22,Store B,Electronics,10,112.91,1129.06
2024-07-22,Store B,Clothing,6,22.09,132.57
2024-07-22,Store B,Groceries,14,7.31,102.36
2024-07-22,Store B,Home & Kitchen,5,59.24,296.19
2024-07-22,Store B,Beauty,8,37.95,303.58
2024-07-22,Store C,Electronics,14,178.68,2501.52
2024-07-22,Store C,Clothing,8,45.13,361.07
2024-07-22,Store C,Groceries,9,6.17,55.5
2024-07-22,Store C,Home & Kitchen,3,117.55,352.65
2024-07-22,Store C,Beauty,6,6.97,41.8
2024-07-23,Store A,Electronics,13,319.47,4153.11
2024-07-23,Store A,Clothing,9,21.93,197.36
2024-07-23,Store A,Groceries,26,16.72,434.72
2024-07-23,Store A,Home & Kitchen,3,30.29,90.88
2024-07-23,Store A,Beauty,3,24.44,73.32
2024-07-23,Store B,Electronics,7,135.55,948.85
2024-07-23,Store B,Clothing,4,24.28,97.13
2024-07-23,Store B,Groceries,19,12.36,234.84
2024-07-23,Store B,Home & Kitchen,9,18.02,162.19
2024-07-23,Store B,Beauty,3,53.67,161.02
2024-07-23,Store C,Electronics,6,224.38,1346.27
2024-07-23,Store C,Clothing,4,58.92,235.67
2024-07-23,Store C,Groceries,15,10.7,160.55
2024-07-23,Store C,Home & Kitchen,5,103.71,518.56
2024-07-23,Store C,Beauty,5,56.44,282.19
2024-07-24,Store A,Electronics,12,65.57,786.8
2024-07-24,Store A,Clothing,13,49.66,645.6
2024-07-24,Store A,Groceries,11,21.68,238.53
2024-07-24,Store A,Home & Kitchen,9,64.75,582.73
2024-07-24,Store A,Beauty,4,11.88,47.54
2024-07-24,Store B,Electronics,10,238.64,2386.38
2024-07-24,Store B,Clothing,6,31.98,191.88
2024-07-24,Store B,Groceries,19,12.23,232.28
2024-07-24,Store B,Home & Kitchen,11,17.27,189.98
2024-07-24,Store B,Beauty,4,42.8,171.19
2024-07-24,Store C,Electronics,5,100.29,501.44
2024-07-24,Store C,Clothing,7,67.73,474.12
2024-07-24,Store C,Groceries,8,4.05,32.4
2024-07-24,Store C,Home & Kitchen,4,54.47,217.89
2024-07-24,Store C,Beauty,3,52.77,158.31
2024-07-25,Store A,Electronics,12,343.82,4125.87
2024-07-25,Store A,Clothing,10,32.02,320.24
2024-07-25,Store A,Groceries,18,20.06,361.14
2024-07-25,Store A,Home & Kitchen,5,53.27,266.33
2024-07-25,Store A,Beauty,7,38.38,268.64
2024-07-25,Store B,Electronics,8,259.85,2078.8
2024-07-25,Store B,Clothing,5,66.04,330.19
2024-07-25,Store B,Groceries,12,24.33,292.0
2024-07-25,Store B,Home & Kitchen,9,94.5,850.51
2024-07-25,Store B,Beauty,3,13.64,40.92
2024-07-25,Store C,Electronics,7,154.46,1081.21
2024-07-25,Store C,Clothing,4,16.56,66.24
2024-07-25,Store C,Groceries,8,7.71,61.7
2024-07-25,Store C,Home & Kitchen,4,96.07,384.27
2024-07-25,Store C,Beauty,8,57.2,457.59
2024-07-26,Store A,Electronics,15,186.65,2799.76
2024-07-26,Store A,Clothing,8,17.52,140.12
2024-07-26,Store A,Groceries,12,23.39,280.71
2024-07-26,Store A,Home & Kitchen,4,40.01,160.05
2024-07-26,Store A,Beauty,5,30.77,153.87
2024-07-26,Store B,Electronics,6,149.49,896.96
2024-07-26,Store B,Clothing,6,77.34,464.04
2024-07-26,Store B,Groceries,16,7.18,114.89
2024-07-26,Store B,Home & Kitchen,5,118.5,592.48
2024-07-26,Store B,Beauty,5,58.45,292.24
2024-07-26,Store C,Electronics,7,331.38,2319.67
2024-07-26,Store C,Clothing,3,16.37,49.11
2024-07-26,Store C,Groceries,5,12.51,62.53
2024-07-26,Store C,Home & Kitchen,6,92.75,556.48
2024-07-26,Store C,Beauty,6,28.28,169.66
2024-07-27,Store A,Electronics,10,65.51,655.12
2024-07-27,Store A,Clothing,11,52.64,579.04
2024-07-27,Store A,Groceries,14,19.24,269.41
2024-07-27,Store A,Home & Kitchen,9,106.07,954.64
2024-07-27,Store A,Beauty,10,58.1,580.98
2024-07-27,Store B,Electronics,9,382.86,3445.77
2024-07-27,Store B,Clothing,7,36.38,254.69
2024-07-27,Store B,Groceries,12,12.47,149.59
2024-07-27,Store B,Home & Kitchen,6,79.56,477.34
2024-07-27,Store B,Beauty,6,51.8,310.81
2024-07-27,Store C,Electronics,6,100.4,602.38
2024-07-27,Store C,Clothing,7,66.93,468.51
2024-07-27,Store C,Groceries,11,15.22,167.44
2024-07-27,Store C,Home & Kitchen,7,66.32,464.25
2024-07-27,Store C,Beauty,4,27.91,111.63
2024-07-28,Store A,Electronics,17,361.85,6151.41
2024-07-28,Store A,Clothing,20,32.94,658.83
2024-07-28,Store A,Groceries,27,18.24,492.45
2024-07-28,Store A,Home & Kitchen,12,36.69,440.3
2024-07-28,Store A,Beauty,10,44.01,440.07
2024-07-28,Store B,Electronics,17,175.65,2986.06
2024-07-28,Store B,Clothing,12,22.36,268.31
2024-07-28,Store B,Groceries,10,5.99,59.89
2024-07-28,Store B,Home & Kitchen,6,27.3,163.78
2024-07-28,Store B,Beauty,9,52.14,469.24
2024-07-28,Store C,Electronics,6,205.39,1232.32
2024-07-28,Store C,Clothing,10,53.63,536.32
2024-07-28,Store C,Groceries,11,24.12,265.3
2024-07-28,Store C,Home & Kitchen,6,107.55,645.32
2024-07-28,Store C,Beauty,9,55.08,495.71
2024-07-29,Store A,Electronics,15,271.45,4071.72
2024-07-29,Store A,Clothing,10,29.53,295.33
2024-07-29,Store A,Groceries,18,20.03,360.57
2024-07-29,Store A,Home & Kitchen,10,30.45,304.47
2024-07-29,Store A,Beauty,4,17.91,71.63
2024-07-29,Store B,Electronics,11,74.42,818.64
2024-07-29,Store B,Clothing,5,40.96,204.79
2024-07-29,Store B,Groceries,16,13.26,212.11
2024-07-29,Store B,Home & Kitchen,6,51.81,310.86
2024-07-29,Store B,Beauty,7,7.97,55.76
2024-07-29,Store C,Electronics,5,312.2,1561.0
2024-07-29,Store C,Clothing,5,25.34,126.71
2024-07-29,Store C,Groceries,11,4.76,52.37
2024-07-29,Store C,Home & Kitchen,7,43.22,302.51
2024-07-29,Store C,Beauty,6,17.64,105.81
2024-07-30,Store A,Electronics,11,356.6,3922.63
2024-07-30,Store A,Clothing,12,78.42,941.06
2024-07-30,Store A,Groceries,15,4.51,67.7
2024-07-30,Store A,Home & Kitchen,8,15.34,122.71
2024-07-30,Store A,Beauty,9,25.6,230.4
2024-07-30,Store B,Electronics,10,201.08,2010.79
2024-07-30,Store B,Clothing,9,35.69,321.18
2024-07-30,Store B,Groceries,10,24.64,246.41
2024-07-30,Store B,Home & Kitchen,9,105.53,949.77
2024-07-30,Store C,Electronics,11,303.46,3338.09
2024-07-30,Store C,Clothing,7,69.17,484.21
2024-07-30,Store C,Groceries,6,13.94,83.62
2024-07-30,Store C,Home & Kitchen,1,26.53,26.53
2024-07-30,Store C,Beauty,3,50.17,150.5
2024-07-31,Store A,Electronics,8,205.23,1641.82
2024-07-31,Store A,Clothing,6,71.23,427.37
2024-07-31,Store A,Groceries,12,11.47,137.62
2024-07-31,Store A,Home & Kitchen,7,25.68,179.73
2024-07-31,Store A,Beauty,6,40.91,245.44
2024-07-31,Store B,Electronics,10,289.68,2896.76
2024-07-31,Store B,Clothing,7,41.9,293.27
2024-07-31,Store B,Groceries,10,17.46,174.65
2024-07-31,Store B,Home & Kitchen,6,45.42,272.54
2024-07-31,Store B,Beauty,7,53.85,376.96
2024-07-31,Store C,Electronics,5,161.95,809.77
2024-07-31,Store C,Clothing,5,67.84,339.21
2024-07-31,Store C,Groceries,8,3.64,29.11
2024-07-31,Store C,Home & Kitchen,3,83.57,250.72
2024-07-31,Store C,Beauty,3,51.73,155.2
2024-08-01,Store A,Electronics,13,392.2,5098.54
2024-08-01,Store A,Clothing,11,59.78,657.55
2024-08-01,Store A,Groceries,13,17.98,233.7
2024-08-01,Store A,Home & Kitchen,10,48.59,485.89
2024-08-01,Store A,Beauty,6,35.72,214.33
2024-08-01,Store B,Electronics,3,108.37,325.11
2024-08-01,Store B,Clothing,2,22.52,45.04
2024-08-01,Store B,Groceries,9,6.9,62.09
2024-08-01,Store B,Home & Kitchen,8,32.25,257.98
2024-08-01,Store B,Beauty,3,15.15,45.45
2024-08-01,Store C,Electronics,6,307.61,1845.66
2024-08-01,Store C,Clothing,8,33.49,267.94
2024-08-01,Store C,Groceries,10,10.95,109.48
2024-08-01,Store C,Home & Kitchen,5,113.69,568.46
2024-08-01,Store C,Beauty,4,39.17,156.69
2024-08-02,Store A,Electronics,8,391.1,3128.82
2024-08-02,Store A,Clothing,5,41.84,209.19
2024-08-02,Store A,Groceries,15,2.24,33.54
2024-08-02,Store A,Home & Kitchen,7,91.91,643.39
2024-08-02,Store A,Beauty,12,53.1,637.16
2024-08-02,Store B,Electronics,6,279.92,1679.51
2024-08-02,Store B,Clothing,7,19.87,139.12
2024-08-02,Store B,Groceries,14,22.26,311.68
2024-08-02,Store B,Home & Kitchen,10,109.51,1095.09
2024-08-02,Store B,Beauty,8,13.9,111.18
2024-08-02,Store C,Electronics,10,110.72,1107.17
2024-08-02,Store C,Clothing,3,77.73,233.18
2024-08-02,Store C,Groceries,11,17.81,195.89
2024-08-02,Store C,Home & Kitchen,5,96.22,481.09
2024-08-02,Store C,Beauty,5,17.4,87.02
2024-08-03,Store A,Electronics,9,82.81,745.29
2024-08-03,Store A,Clothing,13,25.38,329.93
2024-08-03,Store A,Groceries,19,14.42,274.07
2024-08-03,Store A,Home & Kitchen,9,95.52,859.72
2024-08-03,Store A,Beauty,7,50.44,353.06
2024-08-03,Store B,Electronics,11,159.34,1752.79
2024-08-03,Store B,Clothing,11,67.86,746.45
2024-08-03,Store B,Groceries,14,3.46,48.46
2024-08-03,Store B,Home & Kitchen,11,96.55,1062.05
2024-08-03,Store B,Beauty,10,16.58,165.79
2024-08-03,Store C,Electronics,9,315.21,2836.91
2024-08-03,Store C,Clothing,11,24.74,272.15
2024-08-03,Store C,Groceries,15,10.35,155.29
2024-08-03,Store C,Home & Kitchen,8,72.96,583.66
2024-08-03,Store C,Beauty,6,45.47,272.81
2024-08-04,Store A,Electronics,12,167.87,2014.4
2024-08-04,Store A,Clothing,15,62.98,944.71
2024-08-04,Store A,Groceries,30,20.09,602.69
2024-08-04,Store A,Home & Kitchen,11,13.2,145.23
2024-08-04,Store A,Beauty,7,26.47,185.31
2024-08-04,Store B,Electronics,12,373.16,4477.97
2024-08-04,Store B,Clothing,7,31.87,223.08
2024-08-04,Store B,Groceries,14,5.97,83.59
2024-08-04,Store B,Home & Kitchen,10,88.58,885.79
2024-08-04,Store B,Beauty,5,5.92,29.62
2024-08-04,Store C,Electronics,7,119.66,837.62
2024-08-04,Store C,Clothing,8,63.42,507.39
2024-08-04,Store C,Groceries,17,19.03,323.45
2024-08-04,Store C,Home & Kitchen,9,91.34,822.1
2024-08-04,Store C,Beauty,10,53.42,534.2
2024-08-05,Store A,Electronics,11,208.34,2291.72
2024-08-05,Store A,Clothing,9,18.22,163.98
2024-08-05,Store A,Groceries,10,18.43,184.31
2024-08-05,Store A,Home & Kitchen,11,107.17,1178.87
2024-08-05,Store A,Beauty,2,19.64,39.29
2024-08-05,Store B,Electronics,13,326.24,4241.1
2024-08-05,Store B,Clothing,9,69.34,624.06
2024-08-05,Store B,Groceries,10,8.12,81.22
2024-08-05,Store B,Home & Kitchen,4,36.08,144.3
2024-08-05,Store B,Beauty,7,29.35,205.45
2024-08-05,Store C,Electronics,4,137.18,548.7
2024-08-05,Store C,Clothing,8,53.0,424.04
2024-08-05,Store C,Groceries,10,18.49,184.88
2024-08-05,Store C,Home & Kitchen,1,92.78,92.78
2024-08-05,Store C,Beauty,1,50.46,50.46
2024-08-06,Store A,Electronics,12,217.36,2608.34
2024-08-06,Store A,Clothing,14,78.13,1093.75
2024-08-06,Store A,Groceries,18,22.7,408.55
2024-08-06,Store A,Home & Kitchen,13,46.68,606.88
2024-08-06,Store A,Beauty,5,17.12,85.58
2024-08-06,Store B,Electronics,10,62.88,628.78
2024-08-06,Store B,Clothing,11,46.24,508.69
2024-08-06,Store B,Groceries,14,3.96,55.38
2024-08-06,Store B,Home & Kitchen,3,118.51,355.52
2024-08-06,Store B,Beauty,6,54.91,329.45
2024-08-06,Store C,Electronics,6,104.19,625.17
2024-08-06,Store C,Clothing,11,18.23,200.56
2024-08-06,Store C,Groceries,11,18.24,200.61
2024-08-06,Store C,Home & Kitchen,8,64.04,512.33
2024-08-06,Store C,Beauty,6,39.85,239.11
2024-08-07,Store A,Electronics,18,115.49,2078.74
2024-08-07,Store A,Clothing,8,29.73,237.8
2024-08-07,Store A,Groceries,14,13.6,190.37
2024-08-07,Store A,Home & Kitchen,12,11.85,142.25
2024-08-07,Store A,Beauty,6,41.71,250.26
2024-08-07,Store B,Electronics,10,379.21,3792.14
2024-08-07,Store B,Clothing,10,41.75,417.46
2024-08-07,Store B,Groceries,9,21.95,197.56
2024-08-07,Store B,Home & Kitchen,10,79.24,792.35
2024-08-07,Store B,Beauty,5,7.5,37.48
2024-08-07,Store C,Electronics,3,240.24,720.71
2024-08-07,Store C,Clothing,5,60.61,303.05
2024-08-07,Store C,Groceries,7,2.41,16.86
2024-08-07,Store C,Home & Kitchen,7,115.64,809.51
2024-08-07,Store C,Beauty,6,10.03,60.21
2024-08-08,Store A,Electronics,17,267.92,4554.58
2024-08-08,Store A,Clothing,10,45.71,457.14
2024-08-08,Store A,Groceries,13,10.24,133.1
2024-08-08,Store A,Home & Kitchen,9,50.35,453.19
2024-08-08,Store A,Beauty,4,46.45,185.78
2024-08-08,Store B,Electronics,4,67.5,269.98
2024-08-08,Store B,Clothing,11,25.51,280.57
2024-08-08,Store B,Groceries,7,11.1,77.71
2024-08-08,Store B,Home & Kitchen,3,87.58,262.74
2024-08-08,Store B,Beauty,3,20.1,60.29
2024-08-08,Store C,Electronics,6,223.72,1342.29
2024-08-08,Store C,Clothing,4,48.88,195.51
2024-08-08,Store C,Groceries,7,16.34,114.39
2024-08-08,Store C,Home & Kitchen,3,17.71,53.14
2024-08-08,Store C,Beauty,2,57.06,114.12
2024-08-09,Store A,Electronics,6,392.66,2355.95
2024-08-09,Store A,Clothing,10,74.06,740.64
2024-08-09,Store A,Groceries,20,16.7,333.9
2024-08-09,Store A,Home & Kitchen,3,113.4,340.19
2024-08-09,Store A,Beauty,5,53.45,267.26
2024-08-09,Store B,Electronics,7,279.79,1958.52
2024-08-09,Store B,Clothing,4,29.31,117.23
2024-08-09,Store B,Groceries,16,13.03,208.53
2024-08-09,Store B,Home & Kitchen,8,109.34,874.73
2024-08-09,Store B,Beauty,5,9.88,49.4
2024-08-09,Store C,Electronics,3,66.71,200.13
2024-08-09,Store C,Clothing,2,68.17,136.34
2024-08-09,Store C,Groceries,3,16.31,48.94
2024-08-09,Store C,Home & Kitchen,9,65.75,591.78
2024-08-09,Store C,Beauty,2,32.68,65.37
2024-08-10,Store A,Electronics,15,313.51,4702.7
2024-08-10,Store A,Clothing,16,17.85,285.58
2024-08-10,Store A,Groceries,15,2.24,33.62
2024-08-10,Store A,Home & Kitchen,8,53.46,427.66
2024-08-10,Store A,Beauty,6,24.49,146.91
2024-08-10,Store B,Electronics,12,201.52,2418.2
2024-08-10,Store B,Clothing,8,67.82,542.55
2024-08-10,Store B,Groceries,12,10.28,123.35
2024-08-10,Store B,Home & Kitchen,11,32.35,355.85
2024-08-10,Store B,Beauty,7,29.56,206.95
2024-08-10,Store C,Electronics,7,157.11,1099.74
2024-08-10,Store C,Clothing,9,57.45,517.01
2024-08-10,Store C,Groceries,13,8.95,116.31
2024-08-10,Store C,Home & Kitchen,9,107.04,963.38
2024-08-10,Store C,Beauty,8,17.86,142.85
2024-08-11,Store A,Electronics,10,128.36,1283.6
2024-08-11,Store A,Clothing,8,17.81,142.48
2024-08-11,Store A,Groceries,11,21.91,240.97
2024-08-11,Store A,Home & Kitchen,8,53.84,430.69
2024-08-11,Store A,Beauty,5,35.25,176.23
2024-08-11,Store B,Electronics,12,384.57,4614.82
2024-08-11,Store B,Clothing,15,71.76,1076.37
2024-08-11,Store B,Groceries,13,22.22,288.86
2024-08-11,Store B,Home & Kitchen,12,20.26,243.13
2024-08-11,Store B,Beauty,7,25.34,177.37
2024-08-11,Store C,Electronics,7,354.34,2480.37
2024-08-11,Store C,Clothing,7,51.4,359.83
2024-08-11,Store C,Groceries,8,4.14,33.09
2024-08-11,Store C,Home & Kitchen,5,75.77,378.86
2024-08-11,Store C,Beauty,3,36.62,109.85
2024-08-12,Store A,Electronics,7,308.82,2161.74
2024-08-12,Store A,Clothing,6,47.18,283.11
2024-08-12,Store A,Groceries,15,9.73,145.9
2024-08-12,Store A,Home & Kitchen,4,11.16,44.62
2024-08-12,Store A,Beauty,7,22.63,158.38
2024-08-12,Store B,Electronics,5,364.67,1823.37
2024-08-12,Store B,Clothing,8,70.29,562.32
2024-08-12,Store B,Groceries,8,6.85,54.82
2024-08-12,Store B,Home & Kitchen,10,83.97,839.7
2024-08-12,Store B,Beauty,3,28.55,85.64
2024-08-12,Store C,Electronics,11,309.14,3400.56
2024-08-12,Store C,Clothing,6,32.58,195.47
2024-08-12,Store C,Groceries,7,17.73,124.11
2024-08-12,Store C,Home & Kitchen,5,71.11,355.57
2024-08-12,Store C,Beauty,3,24.69,74.06
2024-08-13,Store A,Electronics,7,169.38,1185.64
2024-08-13,Store A,Clothing,8,46.52,372.15
2024-08-13,Store A,Groceries,17,11.69,198.76
2024-08-13,Store A,Home & Kitchen,9,109.16,982.47
2024-08-13,Store A,Beauty,3,20.88,62.64
2024-08-13,Store B,Electronics,7,117.98,825.83
2024-08-13,Store B,Clothing,9,56.87,511.8
2024-08-13,Store B,Groceries,15,2.33,34.91
2024-08-13,Store B,Home & Kitchen,6,14.4,86.41
2024-08-13,Store B,Beauty,4,44.35,177.39
2024-08-13,Store C,Electronics,5,147.34,736.71
2024-08-13,Store C,Clothing,4,42.27,169.08
2024-08-13,Store C,Groceries,5,13.17,65.87
2024-08-13,Store C,Home & Kitchen,9,46.62,419.57
2024-08-13,Store C,Beauty,2,21.85,43.7
2024-08-14,Store A,Electronics,10,200.25,2002.49
2024-08-14,Store A,Clothing,8,54.34,434.75
2024-08-14,Store A,Groceries,17,23.53,400.07
2024-08-14,Store A,Home & Kitchen,5,60.84,304.19
2024-08-14,Store A,Beauty,8,39.88,319.02
2024-08-14,Store B,Electronics,6,326.3,1957.81
2024-08-14,Store B,Clothing,4,69.23,276.92
2024-08-14,Store B,Groceries,9,5.4,48.58
2024-08-14,Store B,Home & Kitchen,4,44.84,179.35
2024-08-14,Store B,Beauty,2,28.34,56.67
2024-08-14,Store C,Electronics,8,151.97,1215.73
2024-08-14,Store C,Clothing,3,73.63,220.89
2024-08-14,Store C,Groceries,4,6.81,27.25
2024-08-14,Store C,Home & Kitchen,5,19.88,99.38
2024-08-14,Store C,Beauty,4,47.85,191.39
2024-08-15,Store A,Electronics,5,184.97,924.85
2024-08-15,Store A,Clothing,6,48.41,290.46
2024-08-15,Store A,Groceries,12,18.77,225.3
2024-08-15,Store A,Home & Kitchen,8,32.86,262.92
2024-08-15,Store A,Beauty,6,39.32,235.91
2024-08-15,Store B,Electronics,12,322.26,3867.13
2024-08-15,Store B,Clothing,8,66.56,532.49
2024-08-15,Store B,Groceries,18,5.86,105.48
2024-08-15,Store B,Home & Kitchen,6,30.8,184.81
2024-08-15,Store B,Beauty,5,46.59,232.96
2024-08-15,Store C,Electronics,6,202.04,1212.24
2024-08-15,Store C,Clothing,10,17.47,174.7
2024-08-15,Store C,Groceries,8,10.12,80.93
2024-08-15,Store C,Home & Kitchen,7,55.76,390.3
2024-08-15,Store C,Beauty,4,39.26,157.04
2024-08-16,Store A,Electronics,12,127.86,1534.27
2024-08-16,Store A,Clothing,5,77.31,386.56
2024-08-16,Store A,Groceries,15,16.81,252.15
2024-08-16,Store A,Home & Kitchen,4,58.36,233.42
2024-08-16,Store A,Beauty,5,16.3,81.49
2024-08-16,Store B,Electronics,5,231.53,1157.66
2024-08-16,Store B,Clothing,3,29.19,87.56
2024-08-16,Store B,Groceries,13,17.4,226.23
2024-08-16,Store B,Home & Kitchen,5,117.74,588.68
2024-08-16,Store B,Beauty,1,37.84,37.84
2024-08-16,Store C,Electronics,5,272.67,1363.34
2024-08-16,Store C,Clothing,5,75.97,379.84
2024-08-16,Store C,Groceries,4,22.37,89.49
2024-08-16,Store C,Home & Kitchen,7,86.43,605.03
2024-08-16,Store C,Beauty,3,53.86,161.58
2024-08-17,Store A,Electronics,15,138.1,2071.56
2024-08-17,Store A,Clothing,9,78.85,709.69
2024-08-17,Store A,Groceries,17,4.04,68.72
2024-08-17,Store A,Home & Kitchen,9,51.16,460.4
2024-08-17,Store A,Beauty,8,10.57,84.57
2024-08-17,Store B,Electronics,11,116.93,1286.26
2024-08-17,Store B,Clothing,7,58.44,409.11
2024-08-17,Store B,Groceries,15,13.13,196.97
2024-08-17,Store B,Home & Kitchen,2,38.39,76.78
2024-08-17,Store B,Beauty,7,29.62,207.36
2024-08-17,Store C,Electronics,8,344.68,2757.42
2024-08-17,Store C,Clothing,12,27.77,333.24
2024-08-17,Store C,Groceries,12,8.92,107.04
2024-08-17,Store C,Home & Kitchen,5,99.32,496.61
2024-08-17,Store C,Beauty,1,26.75,26.75
2024-08-18,Store A,Electronics,21,137.55,2888.62
2024-08-18,Store A,Clothing,5,62.71,313.57
2024-08-18,Store A,Groceries,12,18.45,221.42
2024-08-18,Store A,Home & Kitchen,14,32.07,449.01
2024-08-18,Store A,Beauty,3,22.41,67.24
2024-08-18,Store B,Electronics,10,281.92,2819.16
2024-08-18,Store B,Clothing,9,40.86,367.78
2024-08-18,Store B,Groceries,16,13.52,216.36
2024-08-18,Store B,Home & Kitchen,6,66.5,399.03
2024-08-18,Store B,Beauty,5,37.55,187.77
2024-08-18,Store C,Electronics,6,56.7,340.22
2024-08-18,Store C,Clothing,7,56.64,396.5
2024-08-18,Store C,Groceries,9,8.08,72.68
2024-08-18,Store C,Home & Kitchen,3,94.31,282.94
2024-08-18,Store C,Beauty,14,46.35,648.93
2024-08-19,Store A,Electronics,15,394.96,5924.39
2024-08-19,Store A,Clothing,11,62.19,684.12
2024-08-19,Store A,Groceries,9,23.77,213.97
2024-08-19,Store A,Home & Kitchen,7,110.42,772.97
2024-08-19,Store A,Beauty,7,31.09,217.62
2024-08-19,Store B,Electronics,6,206.96,1241.77
2024-08-19,Store B,Clothing,8,64.68,517.44
2024-08-19,Store B,Groceries,12,18.55,222.62
2024-08-19,Store B,Home & Kitchen,9,78.05,702.42
2024-08-19,Store B,Beauty,6,36.28,217.66
2024-08-19,Store C,Electronics,13,376.11,4889.46
2024-08-19,Store C,Clothing,5,34.11,170.57
2024-08-19,Store C,Groceries,7,16.96,118.75
2024-08-19,Store C,Home & Kitchen,9,30.62,275.55
2024-08-19,Store C,Beauty,5,35.38,176.89
2024-08-20,Store A,Electronics,7,347.25,2430.72
2024-08-20,Store A,Clothing,4,66.57,266.29
2024-08-20,Store A,Groceries,11,16.77,184.47
2024-08-20,Store A,Home & Kitchen,4,34.21,136.84
2024-08-20,Store A,Beauty,8,14.91,119.3
2024-08-20,Store B,Electronics,7,62.38,436.64
2024-08-20,Store B,Clothing,9,17.02,153.21
2024-08-20,Store B,Groceries,12,16.5,197.95
2024-08-20,Store B,Home & Kitchen,6,95.03,570.19
2024-08-20,Store B,Beauty,4,8.73,34.91
2024-08-20,Store C,Electronics,6,359.67,2158.0
2024-08-20,Store C,Clothing,1,72.54,72.54
2024-08-20,Store C,Groceries,7,11.73,82.12
2024-08-20,Store C,Home & Kitchen,6,115.12,690.73
2024-08-20,Store C,Beauty,3,56.37,169.12
2024-08-21,Store A,Electronics,9,216.95,1952.51
2024-08-21,Store A,Clothing,10,23.51,235.07
2024-08-21,Store A,Groceries,13,23.97,311.6
2024-08-21,Store A,Home & Kitchen,8,90.46,723.68
2024-08-21,Store A,Beauty,7,42.62,298.34
2024-08-21,Store B,Electronics,10,277.86,2778.58
2024-08-21,Store B,Clothing,6,32.34,194.06
2024-08-21,Store B,Groceries,15,18.7,280.55
2024-08-21,Store B,Home & Kitchen,9,28.86,259.71
2024-08-21,Store B,Beauty,3,49.35,148.06
2024-08-21,Store C,Electronics,7,188.97,1322.81
2024-08-21,Store C,Clothing,7,33.17,232.21
2024-08-21,Store C,Groceries,12,8.06,96.7
2024-08-21,Store C,Home & Kitchen,5,61.14,305.72
2024-08-21,Store C,Beauty,1,56.13,56.13
2024-08-22,Store A,Electronics,9,191.38,1722.46
2024-08-22,Store A,Clothing,11,60.41,664.52
2024-08-22,Store A,Groceries,13,12.23,158.93
2024-08-22,Store A,Home & Kitchen,11,85.84,944.22
2024-08-22,Store A,Beauty,3,40.05,120.14
2024-08-22,Store B,Electronics,8,72.61,580.88
2024-08-22,Store B,Clothing,7,59.05,413.36
2024-08-22,Store B,Groceries,11,10.04,110.47
2024-08-22,Store B,Home & Kitchen,3,43.15,129.46
2024-08-22,Store B,Beauty,3,8.74,26.23
2024-08-22,Store C,Electronics,4,137.62,550.48
2024-08-22,Store C,Clothing,5,26.83,134.17
2024-08-22,Store C,Groceries,14,21.45,300.3
2024-08-22,Store C,Home & Kitchen,7,20.25,141.77
2024-08-22,Store C,Beauty,7,28.24,197.69
2024-08-23,Store A,Electronics,14,370.45,5186.35
2024-08-23,Store A,Clothing,7,21.31,149.14
2024-08-23,Store A,Groceries,10,14.92,149.24
2024-08-23,Store A,Home & Kitchen,4,77.18,308.72
2024-08-23,Store A,Beauty,5,14.27,71.35
2024-08-23,Store B,Electronics,6,91.14,546.84
2024-08-23,Store B,Clothing,8,49.02,392.2
2024-08-23,Store B,Groceries,7,18.07,126.52
2024-08-23,Store B,Home & Kitchen,6,28.94,173.66
2024-08-23,Store B,Beauty,5,42.3,211.5
2024-08-23,Store C,Electronics,7,306.19,2143.34
2024-08-23,Store C,Clothing,9,21.07,189.63
2024-08-23,Store C,Groceries,5,2.05,10.26
2024-08-23,Store C,Home & Kitchen,2,43.56,87.12
2024-08-23,Store C,Beauty,5,58.6,293.02
2024-08-24,Store A,Electronics,10,324.39,3243.92
2024-08-24,Store A,Clothing,6,17.99,107.93
2024-08-24,Store A,Groceries,19,4.46,84.76
2024-08-24,Store A,Home & Kitchen,13,39.63,515.15
2024-08-24,Store A,Beauty,6,54.99,329.95
2024-08-24,Store B,Electronics,14,284.28,3979.97
2024-08-24,Store B,Clothing,10,61.93,619.31
2024-08-24,Store B,Groceries,16,11.01,176.2
2024-08-24,Store B,Home & Kitchen,2,27.74,55.48
2024-08-24,Store B,Beauty,5,40.62,203.08
2024-08-24,Store C,Electronics,11,263.09,2893.96
2024-08-24,Store C,Clothing,6,54.1,324.6
2024-08-24,Store C,Groceries,7,6.6,46.2
2024-08-24,Store C,Home & Kitchen,6,23.43,140.6
2024-08-24,Store C,Beauty,6,30.18,181.1
2024-08-25,Store A,Electronics,12,190.51,2286.16
2024-08-25,Store A,Clothing,5,33.94,169.69
2024-08-25,Store A,Groceries,20,2.79,55.81
2024-08-25,Store A,Home & Kitchen,10,80.51,805.13
2024-08-25,Store A,Beauty,7,38.22,267.56
2024-08-25,Store B,Electronics,10,104.26,1042.65
2024-08-25,Store B,Clothing,5,18.02,90.08
2024-08-25,Store B,Groceries,14,4.36,61.03
2024-08-25,Store B,Home & Kitchen,6,83.06,498.36
2024-08-25,Store B,Beauty,6,20.88,125.26
2024-08-25,Store C,Electronics,3,66.68,200.03
2024-08-25,Store C,Clothing,2,27.99,55.97
2024-08-25,Store C,Groceries,8,5.86,46.86
2024-08-25,Store C,Home & Kitchen,9,22.99,206.93
2024-08-25,Store C,Beauty,6,35.62,213.73
2024-08-26,Store A,Electronics,10,206.12,2061.22
2024-08-26,Store A,Clothing,6,52.55,315.3
2024-08-26,Store A,Groceries,10,19.07,190.72
2024-08-26,Store A,Home & Kitchen,5,62.92,314.61
2024-08-26,Store A,Beauty,3,35.39,106.18
2024-08-26,Store B,Electronics,9,206.08,1854.71
2024-08-26,Store B,Clothing,2,69.74,139.47
2024-08-26,Store B,Groceries,12,11.96,143.52
2024-08-26,Store B,Home & Kitchen,6,104.34,626.07
2024-08-26,Store B,Beauty,5,46.27,231.37
2024-08-26,Store C,Electronics,8,57.66,461.29
2024-08-26,Store C,Clothing,2,40.54,81.09
2024-08-26,Store C,Groceries,7,16.14,112.96
2024-08-26,Store C,Home & Kitchen,2,43.35,86.69
2024-08-26,Store C,Beauty,1,41.67,41.67
2024-08-27,Store A,Electronics,4,222.34,889.37
2024-08-27,Store A,Clothing,6,15.12,90.72
2024-08-27,Store A,Groceries,16,11.32,181.19
2024-08-27,Store A,Home & Kitchen,10,13.01,130.14
2024-08-27,Store A,Beauty,6,31.15,186.9
2024-08-27,Store B,Electronics,14,285.74,4000.36
2024-08-27,Store B,Clothing,6,47.88,287.26
2024-08-27,Store B,Groceries,15,6.3,94.46
2024-08-27,Store B,Home & Kitchen,4,40.72,162.89
2024-08-27,Store B,Beauty,7,51.97,363.82
2024-08-27,Store C,Electronics,4,50.89,203.58
2024-08-27,Store C,Clothing,3,78.83,236.49
2024-08-27,Store C,Groceries,8,10.98,87.85
2024-08-27,Store C,Home & Kitchen,3,84.56,253.68
2024-08-27,Store C,Beauty,5,38.67,193.33
2024-08-28,Store A,Electronics,10,359.86,3598.65
2024-08-28,Store A,Clothing,9,18.72,168.45
2024-08-28,Store A,Groceries,11,15.39,169.27
2024-08-28,Store A,Home & Kitchen,10,78.48,784.84
2024-08-28,Store A,Beauty,5,38.77,193.84
2024-08-28,Store B,Electronics,9,394.82,3553.42
2024-08-28,Store B,Clothing,9,78.14,703.26
2024-08-28,Store B,Groceries,8,3.07,24.56
2024-08-28,Store B,Home & Kitchen,4,66.63,266.53
2024-08-28,Store B,Beauty,3,45.91,137.72
2024-08-28,Store C,Electronics,6,131.43,788.57
2024-08-28,Store C,Clothing,5,58.02,290.08
2024-08-28,Store C,Groceries,10,24.59,245.86
2024-08-28,Store C,Home & Kitchen,3,92.45,277.34
2024-08-28,Store C,Beauty,8,41.33,330.67
2024-08-29,Store A,Electronics,9,338.78,3049.04
2024-08-29,Store A,Clothing,5,18.74,93.71
2024-08-29,Store A,Groceries,14,4.64,64.93
2024-08-29,Store A,Home & Kitchen,5,12.33,61.65
2024-08-29,Store A,Beauty,5,8.83,44.16
2024-08-29,Store B,Electronics,3,235.97,707.91
2024-08-29,Store B,Clothing,7,24.43,171.01
2024-08-29,Store B,Groceries,7,19.44,136.11
2024-08-29,Store B,Home & Kitchen,4,104.72,418.88
2024-08-29,Store B,Beauty,8,15.33,122.67
2024-08-29,Store C,Electronics,7,378.64,2650.47
2024-08-29,Store C,Clothing,5,23.61,118.06
2024-08-29,Store C,Groceries,7,19.39,135.75
2024-08-29,Store C,Home & Kitchen,5,97.66,488.29
2024-08-29,Store C,Beauty,4,13.77,55.1
2024-08-30,Store A,Electronics,8,241.01,1928.05
2024-08-30,Store A,Clothing,4,45.62,182.49
2024-08-30,Store A,Groceries,12,21.94,263.33
2024-08-30,Store A,Home & Kitchen,7,41.51,290.58
2024-08-30,Store A,Beauty,5,45.53,227.66
2024-08-30,Store B,Electronics,8,246.63,1973.03
2024-08-30,Store B,Clothing,9,33.3,299.74
2024-08-30,Store B,Groceries,7,12.18,85.29
2024-08-30,Store B,Home & Kitchen,6,92.05,552.32
2024-08-30,Store B,Beauty,2,35.68,71.35
2024-08-30,Store C,Electronics,10,80.94,809.39
2024-08-30,Store C,Clothing,5,52.82,264.11
2024-08-30,Store C,Groceries,7,2.26,15.81
2024-08-30,Store C,Home & Kitchen,5,50.74,253.72
2024-08-30,Store C,Beauty,3,27.09,81.28
2024-08-31,Store A,Electronics,14,141.33,1978.55
2024-08-31,Store A,Clothing,4,65.66,262.64
2024-08-31,Store A,Groceries,10,14.51,145.08
2024-08-31,Store A,Home & Kitchen,10,28.79,287.87
2024-08-31,Store A,Beauty,7,44.04,308.29
2024-08-31,Store B,Electronics,9,105.24,947.12
2024-08-31,Store B,Clothing,5,30.27,151.33
2024-08-31,Store B,Groceries,18,15.75,283.58
2024-08-31,Store B,Home & Kitchen,6,73.39,440.36
2024-08-31,Store B,Beauty,5,16.73,83.64
2024-08-31,Store C,Electronics,8,90.69,725.48
2024-08-31,Store C,Clothing,4,35.23,140.92
2024-08-31,Store C,Groceries,12,4.08,48.93
2024-08-31,Store C,Home & Kitchen,3,25.64,76.92
2024-08-31,Store C,Beauty,5,15.6,78.02
2024-09-01,Store A,Electronics,9,170.15,1531.32
2024-09-01,Store A,Clothing,7,26.93,188.52
2024-09-01,Store A,Groceries,10,12.38,123.84
2024-09-01,Store A,Home & Kitchen,3,84.94,254.81
2024-09-01,Store A,Beauty,6,49.3,295.82
2024-09-01,Store B,Electronics,6,180.84,1085.05
2024-09-01,Store B,Clothing,9,21.3,191.72
2024-09-01,Store B,Groceries,11,16.68,183.47
2024-09-01,Store B,Home & Kitchen,6,70.41,422.44
2024-09-01,Store B,Beauty,3,36.84,110.53
2024-09-01,Store C,Electronics,8,235.92,1887.34
2024-09-01,Store C,Clothing,6,55.66,333.96
2024-09-01,Store C,Groceries,9,5.91,53.2
2024-09-01,Store C,Home & Kitchen,6,85.34,512.02
2024-09-01,Store C,Beauty,6,53.03,318.2
2024-09-02,Store A,Electronics,18,245.21,4413.7
2024-09-02,Store A,Clothing,3,36.81,110.42
2024-09-02,Store A,Groceries,22,5.53,121.63
2024-09-02,Store A,Home & Kitchen,9,68.96,620.65
2024-09-02,Store A,Beauty,4,39.02,156.07
2024-09-02,Store B,Electronics,9,371.63,3344.67
2024-09-02,Store B,Clothing,5,15.49,77.47
2024-09-02,Store B,Groceries,9,24.85,223.63
2024-09-02,Store B,Home & Kitchen,6,37.02,222.11
2024-09-02,Store B,Beauty,5,26.17,130.86
2024-09-02,Store C,Electronics,8,93.31,746.46
2024-09-02,Store C,Clothing,2,52.33,104.65
2024-09-02,Store C,Groceries,7,7.33,51.28
2024-09-02,Store C,Home & Kitchen,2,115.6,231.21
2024-09-02,Store C,Beauty,2,18.73,37.45
2024-09-03,Store A,Electronics,9,344.83,3103.46
2024-09-03,Store A,Clothing,7,76.32,534.26
2024-09-03,Store A,Groceries,12,13.47,161.62
2024-09-03,Store A,Home & Kitchen,6,58.98,353.86
2024-09-03,Store A,Beauty,5,30.52,152.61
2024-09-03,Store B,Electronics,4,152.07,608.28
2024-09-03,Store B,Clothing,4,19.9,79.62
2024-09-03,Store B,Groceries,7,13.57,94.99
2024-09-03,Store B,Home & Kitchen,5,99.5,497.5
2024-09-03,Store B,Beauty,6,39.53,237.2
2024-09-03,Store C,Electronics,3,235.21,705.63
2024-09-03,Store C,Clothing,5,50.33,251.66
2024-09-03,Store C,Groceries,6,19.0,113.98
2024-09-03,Store C,Home & Kitchen,8,54.27,434.18
2024-09-03,Store C,Beauty,2,30.23,60.46
2024-09-04,Store A,Electronics,5,234.49,1172.43
2024-09-04,Store A,Clothing,6,77.54,465.26
2024-09-04,Store A,Groceries,8,20.34,162.72
2024-09-04,Store A,Home & Kitchen,7,104.29,730.02
2024-09-04,Store B,Electronics,11,116.79,1284.67
2024-09-04,Store B,Clothing,10,26.17,261.67
2024-09-04,Store B,Groceries,9,2.9,26.14
2024-09-04,Store B,Home & Kitchen,2,19.04,38.09
2024-09-04,Store B,Beauty,2,30.37,60.74
2024-09-04,Store C,Electronics,7,160.26,1121.8
2024-09-04,Store C,Clothing,7,69.06,483.42
2024-09-04,Store C,Groceries,8,23.32,186.6
2024-09-04,Store C,Home & Kitchen,4,78.9,315.6
2024-09-04,Store C,Beauty,2,30.38,60.75
2024-09-05,Store A,Electronics,5,135.51,677.53
2024-09-05,Store A,Clothing,8,76.49,611.91
2024-09-05,Store A,Groceries,9,16.38,147.45
2024-09-05,Store A,Home & Kitchen,6,13.39,80.36
2024-09-05,Store A,Beauty,4,12.09,48.35
2024-09-05,Store B,Electronics,10,366.63,3666.33
2024-09-05,Store B,Clothing,8,31.02,248.15
2024-09-05,Store B,Groceries,11,21.06,231.7
2024-09-05,Store B,Home & Kitchen,5,103.32,516.59
2024-09-05,Store B,Beauty,4,14.46,57.83
2024-09-05,Store C,Electronics,4,245.49,981.94
2024-09-05,Store C,Clothing,5,66.96,334.81
2024-09-05,Store C,Groceries,5,2.85,14.26
2024-09-05,Store C,Home & Kitchen,6,86.36,518.18
2024-09-05,Store C,Beauty,5,30.18,150.91
2024-09-06,Store A,Electronics,9,333.41,3000.73
2024-09-06,Store A,Clothing,7,33.32,233.24
2024-09-06,Store A,Groceries,11,10.56,116.16
2024-09-06,Store A,Home & Kitchen,5,75.72,378.62
2024-09-06,Store A,Beauty,6,9.11,54.69
2024-09-06,Store B,Electronics,4,199.6,798.39
2024-09-06,Store B,Clothing,3,61.0,183.0
2024-09-06,Store B,Groceries,9,19.05,171.42
2024-09-06,Store B,Home & Kitchen,5,56.68,283.41
2024-09-06,Store B,Beauty,3,58.69,176.07
2024-09-06,Store C,Electronics,12,120.63,1447.56
2024-09-06,Store C,Clothing,6,56.39,338.36
2024-09-06,Store C,Groceries,8,8.71,69.69
2024-09-06,Store C,Home & Kitchen,2,97.7,195.4
2024-09-06,Store C,Beauty,3,28.3,84.91
2024-09-07,Store A,Electronics,15,76.96,1154.36
2024-09-07,Store A,Clothing,9,45.82,412.38
2024-09-07,Store A,Groceries,11,13.07,143.74
2024-09-07,Store A,Home & Kitchen,4,115.72,462.9
2024-09-07,Store A,Beauty,8,11.83,94.68
2024-09-07,Store B,Electronics,7,259.83,1818.79
2024-09-07,Store B,Clothing,5,39.87,199.36
2024-09-07,Store B,Groceries,17,7.73,131.49
2024-09-07,Store B,Home & Kitchen,8,86.98,695.81
2024-09-07,Store B,Beauty,6,50.54,303.22
2024-09-07,Store C,Electronics,15,94.11,1411.62
2024-09-07,Store C,Clothing,10,50.42,504.23
2024-09-07,Store C,Groceries,6,23.93,143.59
2024-09-07,Store C,Home & Kitchen,7,54.76,383.35
2024-09-07,Store C,Beauty,4,28.11,112.46
2024-09-08,Store A,Electronics,13,181.82,2363.6
2024-09-08,Store A,Clothing,8,41.25,329.96
2024-09-08,Store A,Groceries,11,21.43,235.74
2024-09-08,Store A,Home & Kitchen,7,96.0,672.01
2024-09-08,Store A,Beauty,8,51.4,411.17
2024-09-08,Store B,Electronics,7,234.38,1640.66
2024-09-08,Store B,Clothing,6,67.99,407.94
2024-09-08,Store B,Groceries,12,17.62,211.49
2024-09-08,Store B,Home & Kitchen,5,69.94,349.72
2024-09-08,Store B,Beauty,7,20.27,141.88
2024-09-08,Store C,Electronics,5,325.34,1626.72
2024-09-08,Store C,Clothing,16,69.72,1115.57
2024-09-08,Store C,Groceries,9,23.55,211.92
2024-09-08,Store C,Home & Kitchen,4,91.1,364.41
2024-09-08,Store C,Beauty,3,16.83,50.5
2024-09-09,Store A,Electronics,5,354.35,1771.76
2024-09-09,Store A,Clothing,6,23.96,143.78
2024-09-09,Store A,Groceries,20,16.0,319.99
2024-09-09,Store A,Home & Kitchen,7,64.57,451.99
2024-09-09,Store A,Beauty,3,14.47,43.42
2024-09-09,Store B,Electronics,7,52.28,365.95
2024-09-09,Store B,Clothing,4,66.84,267.35
2024-09-09,Store B,Groceries,5,3.36,16.78
2024-09-09,Store B,Home & Kitchen,4,22.39,89.56
2024-09-09,Store B,Beauty,6,31.26,187.57
2024-09-09,Store C,Electronics,5,334.9,1674.52
2024-09-09,Store C,Clothing,3,78.13,234.38
2024-09-09,Store C,Groceries,4,24.53,98.13
2024-09-09,Store C,Home & Kitchen,6,81.1,486.6
2024-09-09,Store C,Beauty,1,53.96,53.96
2024-09-10,Store A,Electronics,4,282.03,1128.13
2024-09-10,Store A,Clothing,4,49.96,199.84
2024-09-10,Store A,Groceries,15,18.68,280.24
2024-09-10,Store A,Home & Kitchen,7,88.99,622.96
2024-09-10,Store A,Beauty,8,10.89,87.15
2024-09-10,Store B,Electronics,4,108.92,435.67
2024-09-10,Store B,Clothing,7,15.04,105.31
2024-09-10,Store B,Groceries,13,13.43,174.61
2024-09-10,Store B,Home & Kitchen,5,31.03,155.14
2024-09-10,Store B,Beauty,6,39.03,234.15
2024-09-10,Store C,Electronics,1,65.76,65.76
2024-09-10,Store C,Clothing,6,64.56,387.37
2024-09-10,Store C,Groceries,7,19.87,139.1
2024-09-10,Store C,Home & Kitchen,2,56.58,113.16
2024-09-10,Store C,Beauty,4,35.97,143.88
2024-09-11,Store A,Electronics,7,109.86,769.04
2024-09-11,Store A,Clothing,8,40.41,323.32
2024-09-11,Store A,Groceries,8,24.12,192.96
2024-09-11,Store A,Home & Kitchen,5,11.58,57.91
2024-09-11,Store A,Beauty,4,30.17,120.66
2024-09-11,Store B,Electronics,5,105.27,526.35
2024-09-11,Store B,Clothing,7,17.24,120.71
2024-09-11,Store B,Groceries,4,19.35,77.4
2024-09-11,Store B,Home & Kitchen,8,119.62,957.0
2024-09-11,Store B,Beauty,4,10.07,40.27
2024-09-11,Store C,Electronics,5,205.32,1026.6
2024-09-11,Store C,Clothing,7,56.96,398.75
2024-09-11,Store C,Groceries,5,11.07,55.37
2024-09-11,Store C,Home & Kitchen,2,99.34,198.68
2024-09-11,Store C,Beauty,2,13.12,26.25
2024-09-12,Store A,Electronics,6,357.15,2142.91
2024-09-12,Store A,Clothing,5,75.36,376.79
2024-09-12,Store A,Groceries,10,8.81,88.14
2024-09-12,Store A,Home & Kitchen,6,119.36,716.19
2024-09-12,Store A,Beauty,3,57.48,172.45
2024-09-12,Store B,Electronics,3,177.98,533.94
2024-09-12,Store B,Clothing,3,37.87,113.61
2024-09-12,Store B,Groceries,10,2.93,29.33
2024-09-12,Store B,Home & Kitchen,4,75.38,301.51
2024-09-12,Store B,Beauty,4,52.18,208.7
2024-09-12,Store C,Electronics,4,159.41,637.65
2024-09-12,Store C,Clothing,6,33.18,199.06
2024-09-12,Store C,Groceries,3,23.38,70.13
2024-09-12,Store C,Home & Kitchen,6,31.64,189.84
2024-09-13,Store A,Electronics,4,202.65,810.59
2024-09-13,Store A,Clothing,7,59.81,418.68
2024-09-13,Store A,Groceries,11,14.59,160.44
2024-09-13,Store A,Home & Kitchen,11,91.04,1001.4
2024-09-13,Store A,Beauty,6,32.82,196.93
2024-09-13,Store B,Electronics,5,181.5,907.52
2024-09-13,Store B,Clothing,5,54.82,274.1
2024-09-13,Store B,Groceries,10,17.76,177.64
2024-09-13,Store B,Home & Kitchen,4,106.92,427.66
2024-09-13,Store B,Beauty,3,50.55,151.66
2024-09-13,Store C,Electronics,1,82.86,82.86
2024-09-13,Store C,Clothing,4,66.45,265.8
2024-09-13,Store C,Groceries,4,10.6,42.39
2024-09-13,Store C,Home & Kitchen,7,116.15,813.04
2024-09-13,Store C,Beauty,2,52.53,105.05
2024-09-14,Store A,Electronics,11,178.72,1965.92
2024-09-14,Store A,Clothing,11,69.52,764.74
2024-09-14,Store A,Groceries,11,4.37,48.08
2024-09-14,Store A,Home & Kitchen,5,16.71,83.57
2024-09-14,Store A,Beauty,5,39.3,196.52
2024-09-14,Store B,Electronics,13,54.37,706.85
2024-09-14,Store B,Clothing,2,76.64,153.28
2024-09-14,Store B,Groceries,10,16.38,163.76
2024-09-14,Store B,Home & Kitchen,4,47.62,190.46
2024-09-14,Store B,Beauty,9,27.58,248.2
2024-09-14,Store C,Electronics,11,242.05,2662.51
2024-09-14,Store C,Clothing,8,36.95,295.63
2024-09-14,Store C,Groceries,9,3.31,29.81
2024-09-14,Store C,Home & Kitchen,5,14.25,71.27
2024-09-14,Store C,Beauty,6,17.19,103.14
2024-09-15,Store A,Electronics,8,208.09,1664.7
2024-09-15,Store A,Clothing,4,37.84,151.38
2024-09-15,Store A,Groceries,8,19.49,155.92
2024-09-15,Store A,Home & Kitchen,4,118.05,472.2
2024-09-15,Store A,Beauty,6,18.93,113.58
2024-09-15,Store B,Electronics,11,148.49,1633.44
2024-09-15,Store B,Clothing,5,65.72,328.59
2024-09-15,Store B,Groceries,12,2.51,30.08
2024-09-15,Store B,Home & Kitchen,8,77.04,616.32
2024-09-15,Store B,Beauty,8,40.21,321.67
2024-09-15,Store C,Electronics,2,171.32,342.63
2024-09-15,Store C,Clothing,5,38.87,194.37
2024-09-15,Store C,Groceries,10,6.54,65.42
2024-09-15,Store C,Home & Kitchen,11,96.14,1057.54
2024-09-15,Store C,Beauty,7,8.49,59.45
2024-09-16,Store A,Electronics,6,209.08,1254.5
2024-09-16,Store A,Clothing,7,44.15,309.07
2024-09-16,Store A,Groceries,10,24.62,246.21
2024-09-16,Store A,Beauty,4,22.84,91.36
2024-09-16,Store B,Electronics,7,247.76,1734.35
2024-09-16,Store B,Clothing,6,15.11,90.68
2024-09-16,Store B,Groceries,10,19.82,198.17
2024-09-16,Store B,Home & Kitchen,10,57.82,578.18
2024-09-16,Store C,Electronics,6,106.93,641.56
2024-09-16,Store C,Clothing,5,34.43,172.14
2024-09-16,Store C,Groceries,2,8.25,16.5
2024-09-16,Store C,Home & Kitchen,4,25.26,101.04
2024-09-16,Store C,Beauty,5,45.85,229.26
2024-09-17,Store A,Electronics,8,344.76,2758.05
2024-09-17,Store A,Clothing,4,29.58,118.3
2024-09-17,Store A,Groceries,13,18.73,243.48
2024-09-17,Store A,Home & Kitchen,8,29.21,233.65
2024-09-17,Store A,Beauty,7,39.18,274.28
2024-09-17,Store B,Electronics,10,373.12,3731.24
2024-09-17,Store B,Clothing,5,55.26,276.29
2024-09-17,Store B,Groceries,9,4.34,39.07
2024-09-17,Store B,Home & Kitchen,5,23.92,119.61
2024-09-17,Store B,Beauty,5,14.34,71.69
2024-09-17,Store C,Electronics,4,253.53,1014.1
2024-09-17,Store C,Clothing,3,40.3,120.91
2024-09-17,Store C,Groceries,3,3.73,11.2
2024-09-17,Store C,Home & Kitchen,7,119.1,833.69
2024-09-17,Store C,Beauty,4,42.89,171.55
2024-09-18,Store A,Electronics,7,235.34,1647.4
2024-09-18,Store A,Clothing,5,72.03,360.14
2024-09-18,Store A,Groceries,6,5.71,34.26
2024-09-18,Store A,Home & Kitchen,4,110.69,442.74
2024-09-18,Store A,Beauty,2,17.96,35.92
2024-09-18,Store B,Electronics,10,183.03,1830.27
2024-09-18,Store B,Clothing,4,31.04,124.14
2024-09-18,Store B,Groceries,14,13.06,182.8
2024-09-18,Store B,Home & Kitchen,4,17.14,68.57
2024-09-18,Store B,Beauty,5,41.32,206.62
2024-09-18,Store C,Electronics,6,236.42,1418.53
2024-09-18,Store C,Clothing,1,53.3,53.3
2024-09-18,Store C,Groceries,10,22.27,222.7
2024-09-18,Store C,Home & Kitchen,4,25.39,101.56
2024-09-18,Store C,Beauty,3,56.96,170.87
2024-09-19,Store A,Electronics,10,186.6,1866.02
2024-09-19,Store A,Clothing,10,71.99,719.91
2024-09-19,Store A,Groceries,13,7.11,92.44
2024-09-19,Store A,Home & Kitchen,6,14.63,87.76
2024-09-19,Store A,Beauty,9,21.88,196.92
2024-09-19,Store B,Electronics,3,80.09,240.26
2024-09-19,Store B,Clothing,8,57.22,457.79
2024-09-19,Store B,Groceries,13,20.09,261.12
2024-09-19,Store B,Home & Kitchen,9,57.17,514.56
2024-09-19,Store C,Electronics,2,221.84,443.67
2024-09-19,Store C,Clothing,5,16.54,82.68
2024-09-19,Store C,Groceries,6,20.09,120.55
2024-09-19,Store C,Beauty,1,40.12,40.12
2024-09-20,Store A,Electronics,7,65.05,455.36
2024-09-20,Store A,Clothing,4,29.33,117.33
2024-09-20,Store A,Groceries,6,13.28,79.65
2024-09-20,Store A,Home & Kitchen,5,99.26,496.31
2024-09-20,Store A,Beauty,6,14.21,85.25
2024-09-20,Store B,Electronics,5,147.62,738.12
2024-09-20,Store B,Clothing,10,77.41,774.12
2024-09-20,Store B,Groceries,10,12.31,123.05
2024-09-20,Store B,Home & Kitchen,10,94.15,941.49
2024-09-20,Store B,Beauty,6,47.6,285.63
2024-09-20,Store C,Electronics,7,372.91,2610.34
2024-09-20,Store C,Clothing,2,33.1,66.21
2024-09-20,Store C,Groceries,6,20.54,123.22
2024-09-20,Store C,Home & Kitchen,2,54.12,108.25
2024-09-20,Store C,Beauty,4,43.74,174.98
2024-09-21,Store A,Electronics,6,372.74,2236.42
2024-09-21,Store A,Clothing,4,26.91,107.65
2024-09-21,Store A,Groceries,13,11.29,146.77
2024-09-21,Store A,Home & Kitchen,10,44.9,448.96
2024-09-21,Store A,Beauty,3,42.81,128.44
2024-09-21,Store B,Electronics,2,165.97,331.95
2024-09-21,Store B,Clothing,8,67.91,543.3
2024-09-21,Store B,Groceries,6,13.76,82.59
2024-09-21,Store B,Home & Kitchen,4,66.55,266.2
2024-09-21,Store B,Beauty,4,30.51,122.04
2024-09-21,Store C,Electronics,5,310.35,1551.77
2024-09-21,Store C,Clothing,8,23.96,191.71
2024-09-21,Store C,Groceries,8,18.58,148.64
2024-09-21,Store C,Home & Kitchen,4,11.36,45.45
2024-09-22,Store A,Electronics,11,72.05,792.54
2024-09-22,Store A,Clothing,12,56.35,676.18
2024-09-22,Store A,Groceries,6,24.56,147.35
2024-09-22,Store A,Home & Kitchen,9,14.16,127.46
2024-09-22,Store A,Beauty,4,31.85,127.42
2024-09-22,Store B,Electronics,8,132.06,1056.52
2024-09-22,Store B,Clothing,6,22.75,136.49
2024-09-22,Store B,Groceries,10,17.18,171.84
2024-09-22,Store B,Home & Kitchen,7,108.66,760.63
2024-09-22,Store B,Beauty,3,23.32,69.96
2024-09-22,Store C,Electronics,8,375.81,3006.51
2024-09-22,Store C,Clothing,6,55.26,331.58
2024-09-22,Store C,Groceries,8,19.31,154.45
2024-09-22,Store C,Home & Kitchen,2,33.65,67.3
2024-09-22,Store C,Beauty,4,27.59,110.35
2024-09-23,Store A,Electronics,8,167.81,1342.51
2024-09-23,Store A,Clothing,4,68.18,272.73
2024-09-23,Store A,Groceries,6,17.44,104.66
2024-09-23,Store A,Home & Kitchen,4,58.7,234.8
2024-09-23,Store A,Beauty,3,40.75,122.26
2024-09-23,Store B,Electronics,9,222.33,2000.97
2024-09-23,Store B,Clothing,2,48.06,96.13
2024-09-23,Store B,Groceries,4,18.44,73.75
2024-09-23,Store B,Home & Kitchen,3,32.93,98.79
2024-09-23,Store B,Beauty,3,52.97,158.91
2024-09-23,Store C,Electronics,8,155.09,1240.69
2024-09-23,Store C,Clothing,3,16.13,48.38
2024-09-23,Store C,Groceries,5,20.56,102.8
2024-09-23,Store C,Home & Kitchen,2,40.37,80.74
2024-09-23,Store C,Beauty,3,59.34,178.03
2024-09-24,Store A,Electronics,12,243.7,2924.43
2024-09-24,Store A,Clothing,7,62.69,438.85
2024-09-24,Store A,Groceries,9,20.11,180.96
2024-09-24,Store A,Home & Kitchen,3,117.4,352.21
2024-09-24,Store A,Beauty,6,19.78,118.71
2024-09-24,Store B,Electronics,6,305.86,1835.19
2024-09-24,Store B,Clothing,10,28.28,282.77
2024-09-24,Store B,Groceries,7,12.5,87.49
2024-09-24,Store B,Home & Kitchen,1,69.13,69.13
2024-09-24,Store B,Beauty,4,17.5,70.0
2024-09-24,Store C,Electronics,7,351.07,2457.52
2024-09-24,Store C,Clothing,5,64.18,320.89
2024-09-24,Store C,Groceries,6,18.29,109.74
2024-09-24,Store C,Home & Kitchen,3,25.0,75.01
2024-09-24,Store C,Beauty,4,33.02,132.1
2024-09-25,Store A,Electronics,8,82.82,662.53
2024-09-25,Store A,Clothing,6,23.11,138.64
2024-09-25,Store A,Groceries,8,20.44,163.56
2024-09-25,Store A,Home & Kitchen,6,99.98,599.89
2024-09-25,Store A,Beauty,2,45.62,91.23
2024-09-25,Store B,Electronics,6,109.81,658.85
2024-09-25,Store B,Clothing,7,38.27,267.92
2024-09-25,Store B,Groceries,6,21.54,129.25
2024-09-25,Store B,Home & Kitchen,4,60.45,241.81
2024-09-25,Store B,Beauty,7,52.84,369.91
2024-09-25,Store C,Electronics,6,365.78,2194.7
2024-09-25,Store C,Clothing,5,74.44,372.18
2024-09-25,Store C,Groceries,2,12.46,24.92
2024-09-25,Store C,Home & Kitchen,6,98.2,589.21
2024-09-25,Store C,Beauty,4,51.45,205.79
2024-09-26,Store A,Electronics,8,388.52,3108.14
2024-09-26,Store A,Clothing,9,64.44,579.93
2024-09-26,Store A,Groceries,10,21.1,211.01
2024-09-26,Store A,Home & Kitchen,10,63.95,639.47
2024-09-26,Store A,Beauty,1,8.22,8.22
2024-09-26,Store B,Electronics,9,350.55,3154.95
2024-09-26,Store B,Clothing,8,58.88,471.01
2024-09-26,Store B,Groceries,9,22.23,200.09
2024-09-26,Store B,Home & Kitchen,4,56.54,226.18
2024-09-26,Store B,Beauty,4,29.28,117.1
2024-09-26,Store C,Electronics,8,395.1,3160.82
2024-09-26,Store C,Clothing,5,28.05,140.24
2024-09-26,Store C,Groceries,6,3.06,18.38
2024-09-26,Store C,Home & Kitchen,1,89.21,89.21
2024-09-26,Store C,Beauty,3,55.9,167.69
2024-09-27,Store A,Electronics,13,346.35,4502.5
2024-09-27,Store A,Clothing,7,76.06,532.44
2024-09-27,Store A,Groceries,11,18.86,207.48
2024-09-27,Store A,Home & Kitchen,4,92.55,370.2
2024-09-27,Store A,Beauty,6,19.74,118.41
2024-09-27,Store B,Electronics,7,206.98,1448.89
2024-09-27,Store B,Clothing,4,77.46,309.86
2024-09-27,Store B,Groceries,13,14.81,192.53
2024-09-27,Store B,Home & Kitchen,8,29.34,234.75
2024-09-27,Store B,Beauty,1,37.44,37.44
2024-09-27,Store C,Electronics,4,86.14,344.57
2024-09-27,Store C,Clothing,2,53.61,107.23
2024-09-27,Store C,Groceries,1,13.13,13.13
2024-09-27,Store C,Home & Kitchen,4,57.34,229.36
2024-09-27,Store C,Beauty,1,48.7,48.7
2024-09-28,Store A,Electronics,7,208.81,1461.67
2024-09-28,Store A,Clothing,6,36.57,219.44
2024-09-28,Store A,Groceries,18,16.63,299.32
2024-09-28,Store A,Home & Kitchen,4,111.96,447.83
2024-09-28,Store A,Beauty,6,56.04,336.23
2024-09-28,Store B,Electronics,15,129.79,1946.79
2024-09-28,Store B,Clothing,6,25.97,155.85
2024-09-28,Store B,Groceries,13,22.07,286.96
2024-09-28,Store B,Home & Kitchen,4,77.13,308.53
2024-09-28,Store C,Electronics,6,212.66,1275.94
2024-09-28,Store C,Clothing,7,65.46,458.23
2024-09-28,Store C,Groceries,5,2.1,10.52
2024-09-28,Store C,Home & Kitchen,5,103.24,516.19
2024-09-28,Store C,Beauty,10,38.55,385.46
2024-09-29,Store A,Electronics,10,385.94,3859.42
2024-09-29,Store A,Clothing,8,21.29,170.32
2024-09-29,Store A,Groceries,8,19.45,155.57
2024-09-29,Store A,Home & Kitchen,3,57.87,173.62
2024-09-29,Store A,Beauty,8,20.17,161.33
2024-09-29,Store B,Electronics,8,161.57,1292.54
2024-09-29,Store B,Clothing,13,72.13,937.74
2024-09-29,Store B,Groceries,12,9.96,119.49
2024-09-29,Store B,Home & Kitchen,4,89.92,359.66
2024-09-29,Store B,Beauty,6,48.25,289.48
2024-09-29,Store C,Electronics,11,394.7,4341.7
2024-09-29,Store C,Clothing,6,74.35,446.11
2024-09-29,Store C,Groceries,7,12.68,88.78
2024-09-29,Store C,Home & Kitchen,6,41.22,247.3
2024-09-29,Store C,Beauty,9,11.92,107.27
2024-09-30,Store A,Electronics,5,326.64,1633.2
2024-09-30,Store A,Clothing,5,18.96,94.81
2024-09-30,Store A,Groceries,14,17.76,248.58
2024-09-30,Store A,Home & Kitchen,6,86.53,519.2
2024-09-30,Store A,Beauty,9,25.9,233.13
2024-09-30,Store B,Electronics,5,232.22,1161.1
2024-09-30,Store B,Clothing,8,70.75,565.98
2024-09-30,Store B,Groceries,13,12.01,156.16
2024-09-30,Store B,Home & Kitchen,2,56.13,112.26
2024-09-30,Store B,Beauty,2,8.93,17.85
2024-09-30,Store C,Electronics,7,313.59,2195.1
2024-09-30,Store C,Clothing,3,47.94,143.82
2024-09-30,Store C,Groceries,6,15.28,91.69
2024-09-30,Store C,Beauty,1,58.01,58.01
2024-10-01,Store A,Electronics,12,225.61,2707.35
2024-10-01,Store A,Clothing,8,18.05,144.37
2024-10-01,Store A,Groceries,11,13.41,147.55
2024-10-01,Store A,Home & Kitchen,7,68.03,476.18
2024-10-01,Store A,Beauty,1,40.16,40.16
2024-10-01,Store B,Electronics,6,257.59,1545.51
2024-10-01,Store B,Clothing,9,63.9,575.08
2024-10-01,Store B,Groceries,6,11.22,67.32
2024-10-01,Store B,Home & Kitchen,6,94.39,566.33
2024-10-01,Store B,Beauty,6,18.33,110.0
2024-10-01,Store C,Electronics,3,211.79,635.37
2024-10-01,Store C,Clothing,3,46.81,140.42
2024-10-01,Store C,Groceries,8,21.31,170.47
2024-10-01,Store C,Home & Kitchen,5,80.97,404.84
2024-10-01,Store C,Beauty,3,35.67,107.0
2024-10-02,Store A,Electronics,4,159.27,637.09
2024-10-02,Store A,Clothing,5,20.36,101.8
2024-10-02,Store A,Groceries,7,17.38,121.65
2024-10-02,Store A,Home & Kitchen,1,19.77,19.77
2024-10-02,Store A,Beauty,2,36.55,73.1
2024-10-02,Store B,Electronics,8,139.79,1118.36
2024-10-02,Store B,Clothing,7,50.76,355.31
2024-10-02,Store B,Groceries,5,15.04,75.19
2024-10-02,Store B,Home & Kitchen,2,11.03,22.06
2024-10-02,Store B,Beauty,4,52.25,209.02
2024-10-02,Store C,Electronics,4,302.48,1209.92
2024-10-02,Store C,Clothing,3,26.21,78.62
2024-10-02,Store C,Groceries,6,15.86,95.14
2024-10-02,Store C,Home & Kitchen,4,112.78,451.1
2024-10-02,Store C,Beauty,3,23.63,70.9
2024-10-03,Store A,Electronics,8,126.29,1010.34
2024-10-03,Store A,Clothing,6,77.8,466.78
2024-10-03,Store A,Groceries,8,21.87,174.96
2024-10-03,Store A,Home & Kitchen,9,93.16,838.45
2024-10-03,Store A,Beauty,4,45.71,182.84
2024-10-03,Store B,Electronics,6,377.49,2264.92
2024-10-03,Store B,Clothing,6,35.97,215.8
2024-10-03,Store B,Groceries,4,13.77,55.09
2024-10-03,Store B,Home & Kitchen,7,102.3,716.1
2024-10-03,Store B,Beauty,2,37.38,74.76
2024-10-03,Store C,Electronics,2,101.79,203.57
2024-10-03,Store C,Clothing,3,69.97,209.91
2024-10-03,Store C,Groceries,8,21.61,172.89
2024-10-03,Store C,Home & Kitchen,8,37.6,300.76
2024-10-03,Store C,Beauty,1,45.2,45.2
2024-10-04,Store A,Electronics,5,257.1,1285.5
2024-10-04,Store A,Clothing,11,21.81,239.91
2024-10-04,Store A,Groceries,6,22.88,137.27
2024-10-04,Store A,Home & Kitchen,7,50.46,353.2
2024-10-04,Store A,Beauty,3,30.86,92.59
2024-10-04,Store B,Electronics,4,152.04,608.14
2024-10-04,Store B,Clothing,1,56.47,56.47
2024-10-04,Store B,Groceries,9,18.08,162.7
2024-10-04,Store B,Home & Kitchen,1,12.49,12.49
2024-10-04,Store B,Beauty,3,12.2,36.61
2024-10-04,Store C,Electronics,9,295.6,2660.39
2024-10-04,Store C,Clothing,6,70.94,425.62
2024-10-04,Store C,Groceries,6,8.02,48.1
2024-10-04,Store C,Home & Kitchen,3,47.65,142.94
2024-10-04,Store C,Beauty,3,10.21,30.64
2024-10-05,Store A,Electronics,6,183.45,1100.68
2024-10-05,Store A,Clothing,11,51.49,566.36
2024-10-05,Store A,Groceries,12,15.31,183.76
2024-10-05,Store A,Home & Kitchen,5,117.55,587.77
2024-10-05,Store A,Beauty,5,6.35,31.73
2024-10-05,Store B,Electronics,10,324.7,3247.03
2024-10-05,Store B,Clothing,5,60.67,303.34
2024-10-05,Store B,Groceries,10,12.81,128.11
2024-10-05,Store B,Home & Kitchen,7,62.83,439.79
2024-10-05,Store B,Beauty,2,42.19,84.38
2024-10-05,Store C,Electronics,5,350.54,1752.68
2024-10-05,Store C,Clothing,3,67.89,203.67
2024-10-05,Store C,Groceries,6,11.91,71.47
2024-10-05,Store C,Home & Kitchen,5,19.97,99.84
2024-10-05,Store C,Beauty,5,44.22,221.08
2024-10-06,Store A,Electronics,10,389.44,3894.42
2024-10-06,Store A,Clothing,7,54.3,380.12
2024-10-06,Store A,Groceries,10,13.37,133.66
2024-10-06,Store A,Home & Kitchen,3,15.78,47.34
2024-10-06,Store A,Beauty,3,47.13,141.4
2024-10-06,Store B,Electronics,10,316.06,3160.64
2024-10-06,Store B,Clothing,8,58.42,467.34
2024-10-06,Store B,Groceries,4,21.47,85.87
2024-10-06,Store B,Home & Kitchen,2,27.12,54.25
2024-10-06,Store C,Electronics,1,341.77,341.77
2024-10-06,Store C,Clothing,4,76.1,304.38
2024-10-06,Store C,Groceries,11,15.69,172.64
2024-10-06,Store C,Home & Kitchen,6,18.13,108.76
2024-10-06,Store C,Beauty,3,30.51,91.54
2024-10-07,Store A,Electronics,8,191.84,1534.71
2024-10-07,Store A,Clothing,2,42.81,85.61
2024-10-07,Store A,Groceries,9,14.19,127.67
2024-10-07,Store A,Home & Kitchen,7,92.93,650.49
2024-10-07,Store A,Beauty,6,40.36,242.15
2024-10-07,Store B,Electronics,9,359.3,3233.72
2024-10-07,Store B,Clothing,4,40.09,160.36
2024-10-07,Store B,Groceries,8,24.86,198.9
2024-10-07,Store B,Home & Kitchen,4,25.07,100.29
2024-10-07,Store B,Beauty,1,32.96,32.96
2024-10-07,Store C,Electronics,5,137.32,686.6
2024-10-07,Store C,Clothing,6,69.01,414.06
2024-10-07,Store C,Groceries,4,2.91,11.65
2024-10-07,Store C,Home & Kitchen,2,108.14,216.28
2024-10-07,Store C,Beauty,1,59.63,59.63
2024-10-08,Store A,Electronics,8,232.29,1858.29
2024-10-08,Store A,Clothing,5,19.63,98.13
2024-10-08,Store A,Groceries,9,12.12,109.07
2024-10-08,Store A,Home & Kitchen,3,75.05,225.15
2024-10-08,Store A,Beauty,2,53.41,106.82
2024-10-08,Store B,Electronics,8,296.07,2368.57
2024-10-08,Store B,Clothing,5,69.13,345.65
2024-10-08,Store B,Groceries,7,9.56,66.92
2024-10-08,Store B,Home & Kitchen,1,53.39,53.39
2024-10-08,Store B,Beauty,4,11.57,46.28
2024-10-08,Store C,Electronics,8,141.76,1134.12
2024-10-08,Store C,Clothing,4,30.89,123.56
2024-10-08,Store C,Groceries,7,6.51,45.58
2024-10-08,Store C,Home & Kitchen,2,12.25,24.49
2024-10-08,Store C,Beauty,4,5.03,20.12
2024-10-09,Store A,Electronics,4,393.92,1575.68
2024-10-09,Store A,Clothing,4,64.6,258.42
2024-10-09,Store A,Groceries,11,10.98,120.81
2024-10-09,Store A,Home & Kitchen,5,56.72,283.59
2024-10-09,Store A,Beauty,3,25.31,75.92
2024-10-09,Store B,Electronics,10,58.84,588.42
2024-10-09,Store B,Clothing,4,71.35,285.41
2024-10-09,Store B,Groceries,11,12.76,140.36
2024-10-09,Store B,Home & Kitchen,1,100.72,100.72
2024-10-09,Store B,Beauty,2,24.41,48.81
2024-10-09,Store C,Electronics,6,233.91,1403.44
2024-10-09,Store C,Clothing,2,32.03,64.07
2024-10-09,Store C,Groceries,7,16.15,113.05
2024-10-09,Store C,Home & Kitchen,5,18.67,93.36
2024-10-09,Store C,Beauty,2,17.19,34.38
2024-10-10,Store A,Electronics,3,323.49,970.47
2024-10-10,Store A,Clothing,3,58.07,174.22
2024-10-10,Store A,Groceries,8,8.19,65.56
2024-10-10,Store A,Home & Kitchen,9,39.39,354.49
2024-10-10,Store A,Beauty,5,42.74,213.69
2024-10-10,Store B,Electronics,6,200.56,1203.37
2024-10-10,Store B,Clothing,6,74.73,448.39
2024-10-10,Store B,Groceries,10,7.03,70.31
2024-10-10,Store B,Home & Kitchen,4,115.11,460.44
2024-10-10,Store B,Beauty,3,22.14,66.41
2024-10-10,Store C,Electronics,3,348.04,1044.12
2024-10-10,Store C,Clothing,1,61.98,61.98
2024-10-10,Store C,Groceries,7,18.63,130.38
2024-10-10,Store C,Home & Kitchen,1,42.71,42.71
2024-10-10,Store C,Beauty,2,52.17,104.34
2024-10-11,Store A,Electronics,6,379.34,2276.07
2024-10-11,Store A,Clothing,3,20.86,62.57
2024-10-11,Store A,Groceries,4,22.22,88.88
2024-10-11,Store A,Home & Kitchen,5,48.1,240.51
2024-10-11,Store A,Beauty,2,23.26,46.52
2024-10-11,Store B,Electronics,12,288.16,3457.96
2024-10-11,Store B,Clothing,9,60.46,544.14
2024-10-11,Store B,Groceries,9,11.14,100.28
2024-10-11,Store B,Home & Kitchen,4,70.11,280.43
2024-10-11,Store B,Beauty,3,9.55,28.66
2024-10-11,Store C,Electronics,5,261.35,1306.73
2024-10-11,Store C,Clothing,2,27.85,55.71
2024-10-11,Store C,Groceries,4,10.95,43.78
2024-10-11,Store C,Home & Kitchen,3,61.25,183.74
2024-10-12,Store A,Electronics,14,235.73,3300.25
2024-10-12,Store A,Clothing,10,34.2,342.02
2024-10-12,Store A,Groceries,8,20.46,163.67
2024-10-12,Store A,Home & Kitchen,5,59.53,297.64
2024-10-12,Store A,Beauty,3,35.71,107.14
2024-10-12,Store B,Electronics,4,352.71,1410.85
2024-10-12,Store B,Clothing,9,72.94,656.49
2024-10-12,Store B,Groceries,15,10.81,162.22
2024-10-12,Store B,Home & Kitchen,3,64.58,193.74
2024-10-12,Store B,Beauty,3,43.28,129.85
2024-10-12,Store C,Electronics,7,60.74,425.19
2024-10-12,Store C,Clothing,6,69.6,417.63
2024-10-12,Store C,Groceries,8,24.08,192.66
2024-10-12,Store C,Beauty,5,37.14,185.72
2024-10-13,Store A,Electronics,5,312.87,1564.37
2024-10-13,Store A,Clothing,9,79.1,711.92
2024-10-13,Store A,Groceries,8,23.85,190.84
2024-10-13,Store A,Home & Kitchen,6,11.16,66.97
2024-10-13,Store A,Beauty,5,12.57,62.83
2024-10-13,Store B,Electronics,5,157.19,785.93
2024-10-13,Store B,Clothing,3,32.41,97.24
2024-10-13,Store B,Groceries,5,6.9,34.5
2024-10-13,Store B,Home & Kitchen,4,90.61,362.43
2024-10-13,Store B,Beauty,4,25.33,101.32
2024-10-13,Store C,Electronics,4,249.84,999.36
2024-10-13,Store C,Clothing,1,32.5,32.5
2024-10-13,Store C,Groceries,7,18.98,132.89
2024-10-13,Store C,Home & Kitchen,4,27.53,110.12
2024-10-13,Store C,Beauty,5,44.45,222.26
2024-10-14,Store A,Electronics,7,95.42,667.94
2024-10-14,Store A,Clothing,6,15.28,91.7
2024-10-14,Store A,Groceries,6,16.97,101.85
2024-10-14,Store A,Home & Kitchen,6,80.73,484.38
2024-10-14,Store A,Beauty,2,28.78,57.56
2024-10-14,Store B,Electronics,6,177.45,1064.69
2024-10-14,Store B,Clothing,9,25.82,232.36
2024-10-14,Store B,Groceries,7,3.43,24.03
2024-10-14,Store B,Home & Kitchen,5,38.84,194.22
2024-10-14,Store B,Beauty,3,49.33,148.0
2024-10-14,Store C,Clothing,3,70.08,210.23
2024-10-14,Store C,Groceries,3,10.81,32.44
2024-10-14,Store C,Home & Kitchen,2,53.3,106.6
2024-10-14,Store C,Beauty,4,59.35,237.42
2024-10-15,Store A,Electronics,5,220.47,1102.33
2024-10-15,Store A,Clothing,4,60.72,242.88
2024-10-15,Store A,Groceries,4,9.07,36.28
2024-10-15,Store A,Home & Kitchen,2,69.06,138.12
2024-10-15,Store A,Beauty,2,28.55,57.09
2024-10-15,Store B,Electronics,9,87.87,790.83
2024-10-15,Store B,Clothing,2,19.7,39.4
2024-10-15,Store B,Groceries,6,11.24,67.44
2024-10-15,Store B,Home & Kitchen,1,14.47,14.47
2024-10-15,Store B,Beauty,3,17.73,53.18
2024-10-15,Store C,Electronics,2,320.48,640.96
2024-10-15,Store C,Clothing,3,77.33,231.98
2024-10-15,Store C,Groceries,7,5.4,37.83
2024-10-15,Store C,Home & Kitchen,1,14.15,14.15
2024-10-15,Store C,Beauty,6,40.75,244.51
2024-10-16,Store A,Electronics,4,76.81,307.23
2024-10-16,Store A,Clothing,4,79.8,319.2
2024-10-16,Store A,Groceries,9,23.15,208.37
2024-10-16,Store A,Home & Kitchen,2,67.53,135.07
2024-10-16,Store A,Beauty,5,55.95,279.77
2024-10-16,Store B,Electronics,7,176.35,1234.42
2024-10-16,Store B,Clothing,4,63.66,254.64
2024-10-16,Store B,Groceries,5,19.59,97.96
2024-10-16,Store B,Home & Kitchen,6,38.13,228.76
2024-10-16,Store B,Beauty,1,34.69,34.69
2024-10-16,Store C,Electronics,3,343.9,1031.7
2024-10-16,Store C,Clothing,6,38.34,230.06
2024-10-16,Store C,Groceries,5,6.33,31.65
2024-10-16,Store C,Home & Kitchen,3,90.6,271.79
2024-10-16,Store C,Beauty,5,8.72,43.62
2024-10-17,Store A,Electronics,3,386.57,1159.71
2024-10-17,Store A,Clothing,7,29.04,203.29
2024-10-17,Store A,Groceries,10,13.32,133.23
2024-10-17,Store A,Home & Kitchen,6,62.85,377.08
2024-10-17,Store A,Beauty,1,49.37,49.37
2024-10-17,Store B,Electronics,6,139.88,839.28
2024-10-17,Store B,Clothing,1,71.27,71.27
2024-10-17,Store B,Groceries,3,24.17,72.51
2024-10-17,Store B,Home & Kitchen,4,89.3,357.21
2024-10-17,Store C,Electronics,8,325.59,2604.74
2024-10-17,Store C,Clothing,4,71.3,285.21
2024-10-17,Store C,Groceries,3,21.51,64.52
2024-10-17,Store C,Home & Kitchen,2,54.67,109.34
2024-10-17,Store C,Beauty,1,20.56,20.56
2024-10-18,Store A,Electronics,7,380.9,2666.29
2024-10-18,Store A,Clothing,6,18.33,109.99
2024-10-18,Store A,Groceries,6,3.65,21.9
2024-10-18,Store A,Home & Kitchen,6,113.46,680.75
2024-10-18,Store A,Beauty,2,42.17,84.33
2024-10-18,Store B,Electronics,7,230.99,1616.9
2024-10-18,Store B,Clothing,7,49.99,349.94
2024-10-18,Store B,Groceries,7,17.9,125.33
2024-10-18,Store B,Home & Kitchen,3,64.79,194.37
2024-10-18,Store B,Beauty,1,10.08,10.08
2024-10-18,Store C,Electronics,5,247.06,1235.28
2024-10-18,Store C,Groceries,6,5.43,32.59
2024-10-18,Store C,Home & Kitchen,2,65.79,131.57
2024-10-18,Store C,Beauty,2,47.27,94.54
2024-10-19,Store A,Electronics,5,254.82,1274.08
2024-10-19,Store A,Clothing,6,20.92,125.52
2024-10-19,Store A,Groceries,9,19.57,176.13
2024-10-19,Store A,Home & Kitchen,4,84.79,339.15
2024-10-19,Store A,Beauty,6,47.76,286.57
2024-10-19,Store B,Electronics,6,152.34,914.02
2024-10-19,Store B,Clothing,2,59.76,119.51
2024-10-19,Store B,Groceries,11,15.07,165.78
2024-10-19,Store B,Home & Kitchen,7,39.97,279.78
2024-10-19,Store B,Beauty,5,17.72,88.62
2024-10-19,Store C,Electronics,1,87.5,87.5
2024-10-19,Store C,Clothing,7,34.06,238.42
2024-10-19,Store C,Groceries,7,10.65,74.58
2024-10-19,Store C,Home & Kitchen,3,82.3,246.89
2024-10-19,Store C,Beauty,3,5.05,15.14
2024-10-20,Store A,Electronics,8,209.23,1673.81
2024-10-20,Store A,Clothing,6,18.0,108.01
2024-10-20,Store A,Groceries,11,17.33,190.67
2024-10-20,Store A,Home & Kitchen,3,22.33,66.99
2024-10-20,Store A,Beauty,2,13.33,26.66
2024-10-20,Store B,Electronics,9,82.61,743.49
2024-10-20,Store B,Clothing,4,74.34,297.38
2024-10-20,Store B,Groceries,8,14.94,119.49
2024-10-20,Store B,Home & Kitchen,6,96.23,577.38
2024-10-20,Store B,Beauty,1,5.56,5.56
2024-10-20,Store C,Electronics,7,245.18,1716.26
2024-10-20,Store C,Clothing,8,53.9,431.19
2024-10-20,Store C,Groceries,10,3.82,38.25
2024-10-20,Store C,Home & Kitchen,3,118.66,355.97
2024-10-20,Store C,Beauty,3,49.23,147.68
2024-10-21,Store A,Electronics,7,76.82,537.75
2024-10-21,Store A,Clothing,5,61.55,307.75
2024-10-21,Store A,Groceries,10,8.25,82.49
2024-10-21,Store A,Home & Kitchen,4,49.26,197.04
2024-10-21,Store B,Electronics,5,133.53,667.64
2024-10-21,Store B,Clothing,4,51.06,204.23
2024-10-21,Store B,Groceries,6,17.04,102.26
2024-10-21,Store B,Home & Kitchen,2,59.54,119.07
2024-10-21,Store B,Beauty,8,11.27,90.13
2024-10-21,Store C,Electronics,3,224.38,673.13
2024-10-21,Store C,Clothing,3,68.22,204.65
2024-10-21,Store C,Groceries,4,23.93,95.71
2024-10-21,Store C,Home & Kitchen,1,40.72,40.72
2024-10-21,Store C,Beauty,3,38.63,115.89
2024-10-22,Store A,Electronics,3,203.65,610.95
2024-10-22,Store A,Groceries,5,19.24,96.2
2024-10-22,Store A,Home & Kitchen,3,87.91,263.74
2024-10-22,Store A,Beauty,5,24.31,121.56
2024-10-22,Store B,Electronics,3,120.38,361.13
2024-10-22,Store B,Clothing,10,26.05,260.46
2024-10-22,Store B,Groceries,2,19.33,38.66
2024-10-22,Store B,Home & Kitchen,2,94.97,189.93
2024-10-22,Store B,Beauty,4,37.74,150.97
2024-10-22,Store C,Electronics,2,145.93,291.87
2024-10-22,Store C,Clothing,3,23.89,71.66
2024-10-22,Store C,Groceries,6,14.7,88.23
2024-10-22,Store C,Home & Kitchen,2,102.08,204.16
2024-10-22,Store C,Beauty,3,26.48,79.45
2024-10-23,Store A,Electronics,9,289.31,2603.83
2024-10-23,Store A,Clothing,6,35.19,211.14
2024-10-23,Store A,Groceries,9,3.65,32.84
2024-10-23,Store A,Home & Kitchen,10,46.66,466.62
2024-10-23,Store A,Beauty,4,23.48,93.91
2024-10-23,Store B,Electronics,5,240.47,1202.34
2024-10-23,Store B,Clothing,5,76.25,381.24
2024-10-23,Store B,Groceries,7,20.22,141.51
2024-10-23,Store B,Home & Kitchen,4,36.52,146.06
2024-10-23,Store B,Beauty,2,48.27,96.54
2024-10-23,Store C,Electronics,2,184.95,369.9
2024-10-23,Store C,Clothing,2,30.9,61.79
2024-10-23,Store C,Groceries,6,10.67,64.04
2024-10-23,Store C,Home & Kitchen,4,41.0,164.01
2024-10-23,Store C,Beauty,2,24.59,49.19
2024-10-24,Store A,Electronics,1,305.39,305.39
2024-10-24,Store A,Clothing,3,44.13,132.4
2024-10-24,Store A,Groceries,8,24.62,196.95
2024-10-24,Store A,Home & Kitchen,6,86.79,520.72
2024-10-24,Store A,Beauty,1,12.63,12.63
2024-10-24,Store B,Electronics,4,96.1,384.39
2024-10-24,Store B,Clothing,2,24.12,48.24
2024-10-24,Store B,Groceries,3,19.09,57.28
2024-10-24,Store B,Home & Kitchen,3,25.99,77.96
2024-10-24,Store B,Beauty,6,22.25,133.47
2024-10-24,Store C,Electronics,3,175.22,525.67
2024-10-24,Store C,Clothing,1,62.65,62.65
2024-10-24,Store C,Groceries,3,3.11,9.34
2024-10-24,Store C,Home & Kitchen,1,112.95,112.95
2024-10-24,Store C,Beauty,3,19.77,59.31
2024-10-25,Store A,Electronics,7,92.85,649.92
2024-10-25,Store A,Clothing,3,68.44,205.31
2024-10-25,Store A,Groceries,6,16.54,99.25
2024-10-25,Store A,Home & Kitchen,5,26.09,130.47
2024-10-25,Store A,Beauty,5,14.21,71.06
2024-10-25,Store B,Electronics,6,300.41,1802.47
2024-10-25,Store B,Clothing,1,51.38,51.38
2024-10-25,Store B,Groceries,10,12.02,120.24
2024-10-25,Store B,Home & Kitchen,3,44.7,134.09
2024-10-25,Store B,Beauty,4,18.95,75.79
2024-10-25,Store C,Electronics,1,342.51,342.51
2024-10-25,Store C,Clothing,3,32.97,98.92
2024-10-25,Store C,Groceries,5,22.21,111.07
2024-10-25,Store C,Home & Kitchen,4,66.27,265.08
2024-10-25,Store C,Beauty,2,57.5,115.0
2024-10-26,Store A,Electronics,5,74.16,370.78
2024-10-26,Store A,Clothing,6,43.58,261.49
2024-10-26,Store A,Groceries,11,20.82,228.99
2024-10-26,Store A,Home & Kitchen,5,44.32,221.6
2024-10-26,Store A,Beauty,4,26.95,107.79
2024-10-26,Store B,Electronics,3,203.05,609.14
2024-10-26,Store B,Clothing,4,36.17,144.69
2024-10-26,Store B,Groceries,8,11.76,94.09
2024-10-26,Store B,Home & Kitchen,3,64.2,192.61
2024-10-26,Store B,Beauty,2,55.89,111.78
2024-10-26,Store C,Electronics,2,90.92,181.85
2024-10-26,Store C,Clothing,1,50.67,50.67
2024-10-26,Store C,Groceries,6,22.39,134.31
2024-10-26,Store C,Home & Kitchen,1,74.23,74.23
2024-10-26,Store C,Beauty,2,25.5,51.0
2024-10-27,Store A,Electronics,8,51.62,412.95
2024-10-27,Store A,Clothing,7,31.68,221.78
2024-10-27,Store A,Groceries,11,18.45,202.92
2024-10-27,Store A,Home & Kitchen,7,70.26,491.82
2024-10-27,Store A,Beauty,6,31.24,187.41
2024-10-27,Store B,Electronics,4,181.51,726.04
2024-10-27,Store B,Clothing,10,26.59,265.88
2024-10-27,Store B,Groceries,10,24.8,248.0
2024-10-27,Store B,Home & Kitchen,4,41.29,165.16
2024-10-27,Store B,Beauty,4,26.56,106.25
2024-10-27,Store C,Electronics,6,97.5,584.98
2024-10-27,Store C,Clothing,6,39.75,238.48
2024-10-27,Store C,Groceries,12,10.61,127.29
2024-10-27,Store C,Home & Kitchen,4,40.64,162.58
2024-10-27,Store C,Beauty,1,38.89,38.89
2024-10-28,Store A,Electronics,4,295.71,1182.83
2024-10-28,Store A,Clothing,5,25.91,129.56
2024-10-28,Store A,Groceries,9,23.23,209.04
2024-10-28,Store A,Home & Kitchen,6,111.47,668.82
2024-10-28,Store A,Beauty,4,24.99,99.97
2024-10-28,Store B,Electronics,5,287.68,1438.38
2024-10-28,Store B,Clothing,5,58.74,293.72
2024-10-28,Store B,Groceries,11,21.88,240.63
2024-10-28,Store B,Home & Kitchen,3,111.7,335.09
2024-10-28,Store B,Beauty,2,52.93,105.87
2024-10-28,Store C,Electronics,5,154.0,769.98
2024-10-28,Store C,Clothing,3,22.27,66.8
2024-10-28,Store C,Groceries,4,13.75,55.0
2024-10-28,Store C,Home & Kitchen,1,76.8,76.8
2024-10-28,Store C,Beauty,4,56.59,226.37
2024-10-29,Store A,Electronics,5,104.64,523.18
2024-10-29,Store A,Clothing,4,35.96,143.83
2024-10-29,Store A,Groceries,7,10.4,72.77
2024-10-29,Store A,Home & Kitchen,6,99.71,598.26
2024-10-29,Store A,Beauty,4,9.8,39.21
2024-10-29,Store B,Electronics,6,100.5,603.01
2024-10-29,Store B,Clothing,4,47.48,189.9
2024-10-29,Store B,Groceries,5,6.94,34.71
2024-10-29,Store B,Home & Kitchen,2,71.31,142.63
2024-10-29,Store B,Beauty,1,10.32,10.32
2024-10-29,Store C,Electronics,10,389.17,3891.73
2024-10-29,Store C,Clothing,2,47.49,94.97
2024-10-29,Store C,Groceries,1,12.1,12.1
2024-10-29,Store C,Home & Kitchen,4,45.8,183.2
2024-10-29,Store C,Beauty,1,15.72,15.72
2024-10-30,Store A,Electronics,5,103.8,519.0
2024-10-30,Store A,Clothing,3,16.52,49.57
2024-10-30,Store A,Groceries,13,10.72,139.39
2024-10-30,Store A,Home & Kitchen,5,78.65,393.25
2024-10-30,Store A,Beauty,3,52.12,156.36
2024-10-30,Store B,Electronics,4,102.58,410.33
2024-10-30,Store B,Clothing,2,35.58,71.15
2024-10-30,Store B,Groceries,8,2.12,16.97
2024-10-30,Store B,Home & Kitchen,5,17.19,85.96
2024-10-30,Store B,Beauty,2,50.31,100.62
2024-10-30,Store C,Electronics,2,64.63,129.25
2024-10-30,Store C,Clothing,5,70.3,351.49
2024-10-30,Store C,Groceries,5,19.32,96.6
2024-10-30,Store C,Home & Kitchen,3,112.77,338.32
2024-10-30,Store C,Beauty,3,43.98,131.94
2024-10-31,Store A,Electronics,7,279.72,1958.07
2024-10-31,Store A,Clothing,2,52.05,104.09
2024-10-31,Store A,Groceries,13,4.35,56.53
2024-10-31,Store A,Home & Kitchen,6,57.5,345.0
2024-10-31,Store A,Beauty,2,27.08,54.16
2024-10-31,Store B,Electronics,5,201.82,1009.08
2024-10-31,Store B,Clothing,5,51.12,255.61
2024-10-31,Store B,Groceries,6,8.2,49.22
2024-10-31,Store B,Home & Kitchen,1,25.28,25.28
2024-10-31,Store B,Beauty,1,50.24,50.24
2024-10-31,Store C,Electronics,7,59.85,418.93
2024-10-31,Store C,Clothing,5,74.91,374.56
2024-10-31,Store C,Groceries,4,11.89,47.55
2024-10-31,Store C,Home & Kitchen,2,115.33,230.67
2024-10-31,Store C,Beauty,2,11.63,23.26
2024-11-01,Store A,Electronics,13,296.88,3859.5
2024-11-01,Store A,Clothing,7,58.33,408.33
2024-11-01,Store A,Groceries,12,7.11,85.3
2024-11-01,Store A,Home & Kitchen,8,18.08,144.61
2024-11-01,Store A,Beauty,7,9.05,63.36
2024-11-01,Store B,Electronics,10,60.32,603.17
2024-11-01,Store B,Clothing,9,64.72,582.44
2024-11-01,Store B,Groceries,11,10.17,111.84
2024-11-01,Store B,Home & Kitchen,2,53.8,107.6
2024-11-01,Store B,Beauty,4,47.83,191.31
2024-11-01,Store C,Electronics,12,128.99,1547.88
2024-11-01,Store C,Clothing,1,15.45,15.45
2024-11-01,Store C,Groceries,8,6.63,53.07
2024-11-01,Store C,Home & Kitchen,1,112.48,112.48
2024-11-01,Store C,Beauty,4,32.41,129.64
2024-11-02,Store A,Electronics,10,192.11,1921.07
2024-11-02,Store A,Clothing,10,71.39,713.91
2024-11-02,Store A,Groceries,22,14.26,313.64
2024-11-02,Store A,Home & Kitchen,13,85.73,1114.47
2024-11-02,Store A,Beauty,11,13.49,148.41
2024-11-02,Store B,Electronics,5,306.45,1532.26
2024-11-02,Store B,Clothing,4,32.54,130.15
2024-11-02,Store B,Groceries,13,16.94,220.24
2024-11-02,Store B,Home & Kitchen,11,65.43,719.74
2024-11-02,Store B,Beauty,8,37.02,296.17
2024-11-02,Store C,Electronics,11,159.19,1751.09
2024-11-02,Store C,Clothing,14,52.43,734.07
2024-11-02,Store C,Groceries,11,12.49,137.35
2024-11-02,Store C,Home & Kitchen,6,71.37,428.19
2024-11-02,Store C,Beauty,8,32.04,256.34
2024-11-03,Store A,Electronics,13,316.3,4111.9
2024-11-03,Store A,Clothing,16,25.57,409.18
2024-11-03,Store A,Groceries,17,2.8,47.62
2024-11-03,Store A,Home & Kitchen,6,43.77,262.6
2024-11-03,Store A,Beauty,15,9.4,141.0
2024-11-03,Store B,Electronics,11,281.48,3096.25
2024-11-03,Store B,Clothing,8,21.07,168.58
2024-11-03,Store B,Groceries,13,11.34,147.4
2024-11-03,Store B,Home & Kitchen,8,71.35,570.8
2024-11-03,Store B,Beauty,7,45.91,321.4
2024-11-03,Store C,Electronics,13,181.01,2353.11
2024-11-03,Store C,Clothing,9,75.49,679.45
2024-11-03,Store C,Groceries,16,21.53,344.48
2024-11-03,Store C,Home & Kitchen,6,17.28,103.68
2024-11-03,Store C,Beauty,6,9.9,59.43
2024-11-04,Store A,Electronics,6,208.47,1250.79
2024-11-04,Store A,Clothing,8,53.82,430.53
2024-11-04,Store A,Groceries,8,24.42,195.33
2024-11-04,Store A,Home & Kitchen,5,62.51,312.57
2024-11-04,Store A,Beauty,5,24.18,120.91
2024-11-04,Store B,Electronics,4,351.55,1406.19
2024-11-04,Store B,Clothing,6,62.2,373.22
2024-11-04,Store B,Groceries,8,19.89,159.12
2024-11-04,Store B,Home & Kitchen,5,81.73,408.64
2024-11-04,Store B,Beauty,4,17.11,68.44
2024-11-04,Store C,Electronics,1,392.62,392.62
2024-11-04,Store C,Clothing,7,46.04,322.28
2024-11-04,Store C,Groceries,12,3.29,39.53
2024-11-04,Store C,Home & Kitchen,5,70.1,350.52
2024-11-04,Store C,Beauty,8,36.97,295.74
2024-11-05,Store A,Electronics,11,254.32,2797.57
2024-11-05,Store A,Clothing,12,62.59,751.11
2024-11-05,Store A,Groceries,8,19.02,152.16
2024-11-05,Store A,Home & Kitchen,9,66.34,597.08
2024-11-05,Store A,Beauty,3,52.09,156.28
2024-11-05,Store B,Electronics,10,161.54,1615.38
2024-11-05,Store B,Clothing,10,42.74,427.39
2024-11-05,Store B,Groceries,11,4.79,52.7
2024-11-05,Store B,Home & Kitchen,5,112.21,561.05
2024-11-05,Store B,Beauty,5,5.56,27.82
2024-11-05,Store C,Electronics,7,378.46,2649.2
2024-11-05,Store C,Clothing,5,37.23,186.16
2024-11-05,Store C,Groceries,12,18.01,216.13
2024-11-05,Store C,Home & Kitchen,4,49.1,196.39
2024-11-05,Store C,Beauty,4,54.21,216.82
2024-11-06,Store A,Electronics,14,380.49,5326.82
2024-11-06,Store A,Clothing,10,39.72,397.2
2024-11-06,Store A,Groceries,12,9.39,112.73
2024-11-06,Store A,Home & Kitchen,6,85.82,514.93
2024-11-06,Store A,Beauty,5,38.47,192.34
2024-11-06,Store B,Electronics,8,207.11,1656.87
2024-11-06,Store B,Clothing,9,54.01,486.1
2024-11-06,Store B,Groceries,9,2.3,20.72
2024-11-06,Store B,Home & Kitchen,6,63.36,380.14
2024-11-06,Store B,Beauty,7,8.36,58.5
2024-11-06,Store C,Electronics,8,112.6,900.78
2024-11-06,Store C,Clothing,5,17.71,88.57
2024-11-06,Store C,Groceries,4,10.86,43.43
2024-11-06,Store C,Home & Kitchen,3,52.11,156.33
2024-11-06,Store C,Beauty,6,55.98,335.89
2024-11-07,Store A,Electronics,12,195.65,2347.8
2024-11-07,Store A,Clothing,3,62.83,188.5
2024-11-07,Store A,Groceries,14,5.71,79.96
2024-11-07,Store A,Home & Kitchen,10,33.24,332.36
2024-11-07,Store A,Beauty,7,44.41,310.84
2024-11-07,Store B,Electronics,11,158.6,1744.59
2024-11-07,Store B,Clothing,6,29.64,177.85
2024-11-07,Store B,Groceries,17,10.8,183.56
2024-11-07,Store B,Home & Kitchen,2,29.4,58.8
2024-11-07,Store B,Beauty,4,18.1,72.39
2024-11-07,Store C,Electronics,7,172.05,1204.37
2024-11-07,Store C,Clothing,2,57.48,114.97
2024-11-07,Store C,Groceries,6,14.12,84.71
2024-11-07,Store C,Home & Kitchen,3,37.63,112.88
2024-11-07,Store C,Beauty,4,42.65,170.61
2024-11-08,Store A,Electronics,11,395.33,4348.66
2024-11-08,Store A,Clothing,13,59.24,770.08
2024-11-08,Store A,Groceries,15,13.84,207.63
2024-11-08,Store A,Home & Kitchen,9,52.65,473.87
2024-11-08,Store A,Beauty,4,19.67,78.69
2024-11-08,Store B,Electronics,9,355.83,3202.51
2024-11-08,Store B,Clothing,6,26.23,157.35
2024-11-08,Store B,Groceries,9,7.39,66.54
2024-11-08,Store B,Home & Kitchen,8,87.14,697.12
2024-11-08,Store B,Beauty,5,45.65,228.23
2024-11-08,Store C,Electronics,5,99.41,497.07
2024-11-08,Store C,Clothing,7,46.6,326.18
2024-11-08,Store C,Groceries,10,16.97,169.73
2024-11-08,Store C,Home & Kitchen,6,39.77,238.6
2024-11-08,Store C,Beauty,5,29.8,149.02
2024-11-09,Store A,Electronics,18,285.3,5135.34
2024-11-09,Store A,Clothing,11,19.13,210.48
2024-11-09,Store A,Groceries,12,11.75,141.03
2024-11-09,Store A,Home & Kitchen,14,85.81,1201.36
2024-11-09,Store A,Beauty,8,43.25,346.02
2024-11-09,Store B,Electronics,11,291.66,3208.29
2024-11-09,Store B,Clothing,11,34.45,378.9
2024-11-09,Store B,Groceries,16,13.06,208.91
2024-11-09,Store B,Home & Kitchen,3,47.65,142.94
2024-11-09,Store B,Beauty,3,54.07,162.22
2024-11-09,Store C,Electronics,10,173.76,1737.59
2024-11-09,Store C,Clothing,8,36.73,293.84
2024-11-09,Store C,Groceries,8,24.39,195.16
2024-11-09,Store C,Home & Kitchen,4,49.9,199.61
2024-11-09,Store C,Beauty,12,39.13,469.51
2024-11-10,Store A,Electronics,12,50.68,608.19
2024-11-10,Store A,Clothing,11,51.81,569.88
2024-11-10,Store A,Groceries,16,19.48,311.74
2024-11-10,Store A,Home & Kitchen,11,56.73,624.0
2024-11-10,Store A,Beauty,6,59.25,355.51
2024-11-10,Store B,Electronics,9,339.06,3051.58
2024-11-10,Store B,Clothing,11,46.53,511.85
2024-11-10,Store B,Groceries,11,19.85,218.37
2024-11-10,Store B,Home & Kitchen,3,114.05,342.14
2024-11-10,Store B,Beauty,10,39.82,398.16
2024-11-10,Store C,Electronics,10,168.72,1687.17
2024-11-10,Store C,Clothing,11,23.69,260.61
2024-11-10,Store C,Groceries,12,4.78,57.37
2024-11-10,Store C,Home & Kitchen,7,99.26,694.85
2024-11-10,Store C,Beauty,7,20.67,144.69
2024-11-11,Store A,Electronics,12,362.95,4355.41
2024-11-11,Store A,Clothing,8,47.68,381.45
2024-11-11,Store A,Groceries,12,4.28,51.42
2024-11-11,Store A,Home & Kitchen,8,23.13,185.08
2024-11-11,Store A,Beauty,5,48.28,241.41
2024-11-11,Store B,Electronics,7,69.44,486.07
2024-11-11,Store B,Clothing,6,77.28,463.65
2024-11-11,Store B,Groceries,15,6.84,102.63
2024-11-11,Store B,Home & Kitchen,10,20.89,208.92
2024-11-11,Store B,Beauty,5,25.12,125.61
2024-11-11,Store C,Electronics,9,386.4,3477.56
2024-11-11,Store C,Clothing,10,70.14,701.36
2024-11-11,Store C,Groceries,6,22.57,135.39
2024-11-11,Store C,Home & Kitchen,4,54.67,218.69
2024-11-11,Store C,Beauty,8,57.94,463.55
2024-11-12,Store A,Electronics,16,286.4,4582.34
2024-11-12,Store A,Clothing,15,64.5,967.53
2024-11-12,Store A,Groceries,14,20.8,291.2
2024-11-12,Store A,Home & Kitchen,10,113.09,1130.91
2024-11-12,Store A,Beauty,2,29.86,59.72
2024-11-12,Store B,Electronics,7,242.99,1700.93
2024-11-12,Store B,Clothing,6,64.37,386.19
2024-11-12,Store B,Groceries,17,23.2,394.4
2024-11-12,Store B,Home & Kitchen,6,89.33,536.01
2024-11-12,Store B,Beauty,1,55.21,55.21
2024-11-12,Store C,Electronics,5,195.99,979.95
2024-11-12,Store C,Clothing,2,59.68,119.35
2024-11-12,Store C,Groceries,8,4.79,38.35
2024-11-12,Store C,Home & Kitchen,8,36.19,289.52
2024-11-12,Store C,Beauty,4,23.08,92.32
2024-11-13,Store A,Electronics,13,176.81,2298.5
2024-11-13,Store A,Clothing,4,23.78,95.13
2024-11-13,Store A,Groceries,14,8.18,114.53
2024-11-13,Store A,Home & Kitchen,9,32.32,290.89
2024-11-13,Store A,Beauty,6,32.14,192.85
2024-11-13,Store B,Electronics,7,227.93,1595.53
2024-11-13,Store B,Clothing,11,50.33,553.63
2024-11-13,Store B,Groceries,11,8.17,89.88
2024-11-13,Store B,Home & Kitchen,4,110.4,441.59
2024-11-13,Store B,Beauty,4,52.63,210.53
2024-11-13,Store C,Electronics,10,209.83,2098.33
2024-11-13,Store C,Clothing,7,16.18,113.26
2024-11-13,Store C,Groceries,10,24.58,245.75
2024-11-13,Store C,Home & Kitchen,6,54.93,329.59
2024-11-13,Store C,Beauty,1,17.12,17.12
2024-11-14,Store A,Electronics,7,123.47,864.26
2024-11-14,Store A,Clothing,8,52.93,423.45
2024-11-14,Store A,Groceries,13,21.32,277.15
2024-11-14,Store A,Home & Kitchen,7,39.74,278.15
2024-11-14,Store A,Beauty,7,38.47,269.28
2024-11-14,Store B,Electronics,8,222.43,1779.46
2024-11-14,Store B,Clothing,8,45.13,361.02
2024-11-14,Store B,Groceries,11,9.33,102.63
2024-11-14,Store B,Home & Kitchen,8,35.25,282.01
2024-11-14,Store B,Beauty,8,28.64,229.09
2024-11-14,Store C,Electronics,6,93.45,560.7
2024-11-14,Store C,Clothing,7,72.24,505.68
2024-11-14,Store C,Groceries,11,10.32,113.49
2024-11-14,Store C,Home & Kitchen,3,10.53,31.58
2024-11-14,Store C,Beauty,3,34.73,104.2
2024-11-15,Store A,Electronics,10,399.89,3998.88
2024-11-15,Store A,Clothing,3,74.0,222.01
2024-11-15,Store A,Groceries,9,9.99,89.87
2024-11-15,Store A,Home & Kitchen,6,79.98,479.9
2024-11-15,Store A,Beauty,6,39.76,238.59
2024-11-15,Store B,Electronics,8,281.2,2249.63
2024-11-15,Store B,Clothing,10,74.5,745.04
2024-11-15,Store B,Groceries,13,24.03,312.45
2024-11-15,Store B,Home & Kitchen,9,112.91,1016.17
2024-11-15,Store B,Beauty,6,27.33,163.95
2024-11-15,Store C,Electronics,6,121.91,731.48
2024-11-15,Store C,Clothing,6,55.92,335.51
2024-11-15,Store C,Groceries,5,15.92,79.59
2024-11-15,Store C,Home & Kitchen,5,54.53,272.67
2024-11-15,Store C,Beauty,6,47.87,287.2
2024-11-16,Store A,Electronics,11,106.18,1168.03
2024-11-16,Store A,Clothing,6,30.77,184.63
2024-11-16,Store A,Groceries,17,22.77,387.06
2024-11-16,Store A,Home & Kitchen,11,81.24,893.67
2024-11-16,Store A,Beauty,6,5.18,31.09
2024-11-16,Store B,Electronics,9,394.78,3553.01
2024-11-16,Store B,Clothing,9,63.77,573.94
2024-11-16,Store B,Groceries,10,4.59,45.87
2024-11-16,Store B,Home & Kitchen,8,51.47,411.77
2024-11-16,Store B,Beauty,10,42.3,423.05
2024-11-16,Store C,Electronics,8,185.49,1483.93
2024-11-16,Store C,Clothing,4,59.77,239.09
2024-11-16,Store C,Groceries,9,24.64,221.73
2024-11-16,Store C,Home & Kitchen,11,90.06,990.66
2024-11-16,Store C,Beauty,4,59.06,236.24
2024-11-17,Store A,Electronics,11,128.33,1411.66
2024-11-17,Store A,Clothing,9,26.09,234.84
2024-11-17,Store A,Groceries,9,4.31,38.75
2024-11-17,Store A,Home & Kitchen,11,62.6,688.59
2024-11-17,Store A,Beauty,6,22.67,136.05
2024-11-17,Store B,Electronics,16,250.13,4002.11
2024-11-17,Store B,Clothing,9,47.87,430.79
2024-11-17,Store B,Groceries,18,2.77,49.82
2024-11-17,Store B,Home & Kitchen,6,38.54,231.24
2024-11-17,Store B,Beauty,11,27.14,298.53
2024-11-17,Store C,Electronics,6,222.65,1335.88
2024-11-17,Store C,Clothing,5,40.98,204.9
2024-11-17,Store C,Groceries,17,7.09,120.46
2024-11-17,Store C,Home & Kitchen,7,95.35,667.44
2024-11-17,Store C,Beauty,4,12.32,49.28
2024-11-18,Store A,Electronics,11,237.17,2608.83
2024-11-18,Store A,Clothing,8,33.57,268.56
2024-11-18,Store A,Groceries,14,5.17,72.39
2024-11-18,Store A,Home & Kitchen,7,99.86,699.03
2024-11-18,Store A,Beauty,9,26.62,239.6
2024-11-18,Store B,Electronics,8,64.97,519.75
2024-11-18,Store B,Clothing,6,35.88,215.27
2024-11-18,Store B,Groceries,8,6.2,49.57
2024-11-18,Store B,Home & Kitchen,3,87.29,261.87
2024-11-18,Store B,Beauty,7,38.24,267.65
2024-11-18,Store C,Electronics,7,162.26,1135.82
2024-11-18,Store C,Clothing,2,35.59,71.18
2024-11-18,Store C,Groceries,6,22.65,135.88
2024-11-18,Store C,Home & Kitchen,6,69.02,414.11
2024-11-18,Store C,Beauty,5,53.45,267.27
2024-11-19,Store A,Electronics,19,245.04,4655.77
2024-11-19,Store A,Clothing,7,66.02,462.12
2024-11-19,Store A,Groceries,17,14.5,246.43
2024-11-19,Store A,Home & Kitchen,7,29.15,204.08
2024-11-19,Store A,Beauty,3,18.33,55.0
2024-11-19,Store B,Electronics,11,263.78,2901.58
2024-11-19,Store B,Clothing,10,77.17,771.69
2024-11-19,Store B,Groceries,15,13.55,203.31
2024-11-19,Store B,Home & Kitchen,4,35.42,141.7
2024-11-19,Store B,Beauty,3,7.8,23.41
2024-11-19,Store C,Electronics,9,254.44,2289.99
2024-11-19,Store C,Clothing,11,47.31,520.38
2024-11-19,Store C,Groceries,8,11.47,91.73
2024-11-19,Store C,Home & Kitchen,8,114.85,918.82
2024-11-19,Store C,Beauty,2,59.86,119.72
2024-11-20,Store A,Electronics,7,88.39,618.7
2024-11-20,Store A,Clothing,4,56.5,226.01
2024-11-20,Store A,Groceries,8,7.74,61.91
2024-11-20,Store A,Home & Kitchen,10,69.99,699.93
2024-11-20,Store A,Beauty,4,20.76,83.03
2024-11-20,Store B,Electronics,7,399.57,2796.96
2024-11-20,Store B,Clothing,3,43.93,131.79
2024-11-20,Store B,Groceries,13,19.59,254.72
2024-11-20,Store B,Home & Kitchen,6,95.69,574.14
2024-11-20,Store B,Beauty,6,8.81,52.85
2024-11-20,Store C,Electronics,7,197.47,1382.3
2024-11-20,Store C,Clothing,9,73.06,657.51
2024-11-20,Store C,Groceries,10,17.47,174.69
2024-11-20,Store C,Home & Kitchen,11,55.32,608.56
2024-11-20,Store C,Beauty,2,43.73,87.46
2024-11-21,Store A,Electronics,10,55.42,554.19
2024-11-21,Store A,Clothing,5,44.9,224.51
2024-11-21,Store A,Groceries,11,17.8,195.85
2024-11-21,Store A,Home & Kitchen,11,34.51,379.64
2024-11-21,Store A,Beauty,5,26.77,133.84
2024-11-21,Store B,Electronics,2,365.23,730.47
2024-11-21,Store B,Clothing,5,52.84,264.19
2024-11-21,Store B,Groceries,19,17.69,336.09
2024-11-21,Store B,Home & Kitchen,5,109.47,547.34
2024-11-21,Store B,Beauty,4,59.84,239.35
2024-11-21,Store C,Electronics,7,234.79,1643.54
2024-11-21,Store C,Clothing,7,69.62,487.34
2024-11-21,Store C,Groceries,10,9.97,99.72
2024-11-21,Store C,Home & Kitchen,4,42.51,170.05
2024-11-21,Store C,Beauty,4,30.78,123.13
2024-11-22,Store A,Electronics,11,169.64,1866.04
2024-11-22,Store A,Clothing,7,56.73,397.12
2024-11-22,Store A,Groceries,8,16.11,128.89
2024-11-22,Store A,Home & Kitchen,7,89.8,628.59
2024-11-22,Store A,Beauty,1,16.94,16.94
2024-11-22,Store B,Electronics,8,163.84,1310.7
2024-11-22,Store B,Clothing,5,70.91,354.57
2024-11-22,Store B,Groceries,10,24.94,249.43
2024-11-22,Store B,Home & Kitchen,3,106.3,318.89
2024-11-22,Store B,Beauty,8,24.55,196.38
2024-11-22,Store C,Electronics,11,150.27,1653.0
2024-11-22,Store C,Clothing,1,47.28,47.28
2024-11-22,Store C,Groceries,12,3.36,40.32
2024-11-22,Store C,Home & Kitchen,6,77.4,464.42
2024-11-22,Store C,Beauty,6,33.9,203.38
2024-11-23,Store A,Electronics,13,295.07,3835.92
2024-11-23,Store A,Clothing,9,66.56,599.06
2024-11-23,Store A,Groceries,15,11.29,169.36
2024-11-23,Store A,Home & Kitchen,4,99.27,397.08
2024-11-23,Store A,Beauty,5,8.53,42.63
2024-11-23,Store B,Electronics,7,136.43,955.0
2024-11-23,Store B,Clothing,11,53.83,592.12
2024-11-23,Store B,Groceries,19,5.08,96.53
2024-11-23,Store B,Home & Kitchen,5,73.1,365.49
2024-11-23,Store B,Beauty,5,7.56,37.82
2024-11-23,Store C,Electronics,7,142.67,998.66
2024-11-23,Store C,Clothing,6,68.85,413.08
2024-11-23,Store C,Groceries,9,4.07,36.63
2024-11-23,Store C,Home & Kitchen,6,93.84,563.02
2024-11-23,Store C,Beauty,2,20.2,40.41
2024-11-24,Store A,Electronics,16,268.12,4289.95
2024-11-24,Store A,Clothing,12,63.28,759.33
2024-11-24,Store A,Groceries,21,21.43,450.08
2024-11-24,Store A,Home & Kitchen,7,67.99,475.9
2024-11-24,Store A,Beauty,8,9.7,77.6
2024-11-24,Store B,Electronics,17,53.66,912.21
2024-11-24,Store B,Clothing,6,15.59,93.52
2024-11-24,Store B,Groceries,15,23.93,358.94
2024-11-24,Store B,Home & Kitchen,4,102.96,411.84
2024-11-24,Store B,Beauty,4,11.87,47.5
2024-11-24,Store C,Electronics,7,393.73,2756.14
2024-11-24,Store C,Clothing,6,23.24,139.45
2024-11-24,Store C,Groceries,9,7.81,70.26
2024-11-24,Store C,Home & Kitchen,6,117.25,703.49
2024-11-24,Store C,Beauty,6,49.1,294.62
2024-11-25,Store A,Electronics,11,77.48,852.29
2024-11-25,Store A,Clothing,7,51.64,361.49
2024-11-25,Store A,Groceries,19,18.0,341.94
2024-11-25,Store A,Home & Kitchen,9,10.97,98.71
2024-11-25,Store A,Beauty,5,11.48,57.4
2024-11-25,Store B,Electronics,10,380.5,3805.04
2024-11-25,Store B,Clothing,14,74.15,1038.12
2024-11-25,Store B,Groceries,11,21.25,233.73
2024-11-25,Store B,Home & Kitchen,9,101.61,914.49
2024-11-25,Store B,Beauty,5,34.93,174.64
2024-11-25,Store C,Electronics,6,312.12,1872.75
2024-11-25,Store C,Clothing,6,48.76,292.54
2024-11-25,Store C,Groceries,13,19.63,255.17
2024-11-25,Store C,Home & Kitchen,8,10.53,84.26
2024-11-25,Store C,Beauty,3,38.12,114.35
2024-11-26,Store A,Electronics,13,257.88,3352.43
2024-11-26,Store A,Clothing,8,37.89,303.1
2024-11-26,Store A,Groceries,11,7.29,80.22
2024-11-26,Store A,Home & Kitchen,3,64.67,194.02
2024-11-26,Store A,Beauty,12,21.97,263.64
2024-11-26,Store B,Electronics,12,286.01,3432.1
2024-11-26,Store B,Clothing,11,71.73,789.03
2024-11-26,Store B,Groceries,10,13.49,134.87
2024-11-26,Store B,Home & Kitchen,9,87.28,785.48
2024-11-26,Store B,Beauty,3,25.84,77.51
2024-11-26,Store C,Electronics,3,352.83,1058.5
2024-11-26,Store C,Clothing,5,63.35,316.76
2024-11-26,Store C,Groceries,13,19.4,252.19
2024-11-26,Store C,Home & Kitchen,4,97.84,391.38
2024-11-26,Store C,Beauty,4,35.82,143.3
2024-11-27,Store A,Electronics,6,162.7,976.21
2024-11-27,Store A,Clothing,5,16.6,82.99
2024-11-27,Store A,Groceries,12,8.17,98.09
2024-11-27,Store A,Home & Kitchen,9,75.88,682.96
2024-11-27,Store A,Beauty,7,46.19,323.34
2024-11-27,Store B,Electronics,7,362.99,2540.92
2024-11-27,Store B,Clothing,5,55.83,279.14
2024-11-27,Store B,Groceries,14,21.39,299.5
2024-11-27,Store B,Home & Kitchen,6,99.7,598.19
2024-11-27,Store B,Beauty,3,24.7,74.09
2024-11-27,Store C,Electronics,6,299.71,1798.23
2024-11-27,Store C,Clothing,2,49.97,99.94
2024-11-27,Store C,Groceries,9,21.22,190.97
2024-11-27,Store C,Home & Kitchen,2,106.57,213.14
2024-11-27,Store C,Beauty,2,47.44,94.88
2024-11-28,Store A,Electronics,4,380.25,1520.99
2024-11-28,Store A,Clothing,9,29.96,269.65
2024-11-28,Store A,Groceries,9,12.43,111.9
2024-11-28,Store A,Home & Kitchen,5,87.1,435.52
2024-11-28,Store A,Beauty,6,11.57,69.41
2024-11-28,Store B,Electronics,10,148.97,1489.73
2024-11-28,Store B,Clothing,10,37.29,372.9
2024-11-28,Store B,Groceries,15,24.87,373.08
2024-11-28,Store B,Home & Kitchen,3,43.78,131.35
2024-11-28,Store B,Beauty,7,22.64,158.47
2024-11-28,Store C,Electronics,8,107.12,856.99
2024-11-28,Store C,Clothing,10,30.18,301.79
2024-11-28,Store C,Groceries,5,12.57,62.85
2024-11-28,Store C,Home & Kitchen,4,101.06,404.23
2024-11-28,Store C,Beauty,8,32.39,259.11
2024-11-29,Store A,Electronics,7,334.86,2343.99
2024-11-29,Store A,Clothing,10,73.38,733.8
2024-11-29,Store A,Groceries,15,2.19,32.85
2024-11-29,Store A,Home & Kitchen,7,90.24,631.65
2024-11-29,Store A,Beauty,5,59.91,299.55
2024-11-29,Store B,Electronics,7,371.36,2599.51
2024-11-29,Store B,Clothing,5,23.82,119.08
2024-11-29,Store B,Groceries,10,5.87,58.67
2024-11-29,Store B,Home & Kitchen,2,112.12,224.23
2024-11-29,Store B,Beauty,5,8.51,42.57
2024-11-29,Store C,Electronics,7,86.52,605.61
2024-11-29,Store C,Clothing,3,60.72,182.17
2024-11-29,Store C,Groceries,6,18.93,113.58
2024-11-29,Store C,Home & Kitchen,3,94.26,282.77
2024-11-29,Store C,Beauty,3,7.25,21.76
2024-11-30,Store A,Electronics,15,154.3,2314.48
2024-11-30,Store A,Clothing,11,77.43,851.71
2024-11-30,Store A,Groceries,15,7.56,113.35
2024-11-30,Store A,Home & Kitchen,9,40.77,366.89
2024-11-30,Store A,Beauty,8,47.69,381.49
2024-11-30,Store B,Electronics,11,268.99,2958.9
2024-11-30,Store B,Clothing,4,37.84,151.36
2024-11-30,Store B,Groceries,22,6.78,149.13
2024-11-30,Store B,Home & Kitchen,9,108.07,972.62
2024-11-30,Store B,Beauty,5,36.2,180.98
2024-11-30,Store C,Electronics,6,94.08,564.45
2024-11-30,Store C,Clothing,8,58.46,467.64
2024-11-30,Store C,Groceries,13,11.54,150.0
2024-11-30,Store C,Home & Kitchen,5,30.57,152.87
2024-11-30,Store C,Beauty,3,45.36,136.08
2024-12-01,Store A,Electronics,11,140.73,1547.99
2024-12-01,Store A,Clothing,12,25.85,310.23
2024-12-01,Store A,Groceries,12,2.7,32.43
2024-12-01,Store A,Home & Kitchen,10,102.05,1020.47
2024-12-01,Store A,Beauty,5,52.03,260.15
2024-12-01,Store B,Electronics,12,75.03,900.41
2024-12-01,Store B,Clothing,10,59.71,597.06
2024-12-01,Store B,Groceries,11,2.08,22.9
2024-12-01,Store B,Home & Kitchen,7,112.46,787.2
2024-12-01,Store B,Beauty,6,45.83,274.98
2024-12-01,Store C,Electronics,9,313.62,2822.57
2024-12-01,Store C,Clothing,6,17.35,104.11
2024-12-01,Store C,Groceries,11,4.78,52.57
2024-12-01,Store C,Home & Kitchen,6,11.27,67.64
2024-12-01,Store C,Beauty,3,14.77,44.32
2024-12-02,Store A,Electronics,5,372.35,1861.74
2024-12-02,Store A,Clothing,6,39.68,238.11
2024-12-02,Store A,Groceries,22,14.64,321.99
2024-12-02,Store A,Home & Kitchen,7,81.51,570.57
2024-12-02,Store A,Beauty,8,44.91,359.27
2024-12-02,Store B,Electronics,10,241.7,2417.01
2024-12-02,Store B,Clothing,8,21.26,170.1
2024-12-02,Store B,Groceries,16,12.02,192.29
2024-12-02,Store B,Home & Kitchen,6,33.22,199.3
2024-12-02,Store B,Beauty,5,8.29,41.45
2024-12-02,Store C,Electronics,9,218.06,1962.52
2024-12-02,Store C,Clothing,4,46.2,184.8
2024-12-02,Store C,Groceries,9,22.68,204.15
2024-12-02,Store C,Home & Kitchen,2,118.22,236.43
2024-12-02,Store C,Beauty,2,6.11,12.22
2024-12-03,Store A,Electronics,9,301.6,2714.42
2024-12-03,Store A,Clothing,6,31.71,190.29
2024-12-03,Store A,Groceries,15,9.04,135.63
2024-12-03,Store A,Home & Kitchen,5,82.34,411.69
2024-12-03,Store A,Beauty,4,53.46,213.82
2024-12-03,Store B,Electronics,7,72.95,510.62
2024-12-03,Store B,Clothing,13,37.67,489.72
2024-12-03,Store B,Groceries,13,23.28,302.67
2024-12-03,Store B,Home & Kitchen,4,65.21,260.85
2024-12-03,Store B,Beauty,5,26.44,132.22
2024-12-03,Store C,Electronics,6,284.19,1705.14
2024-12-03,Store C,Clothing,3,44.77,134.31
2024-12-03,Store C,Groceries,14,19.81,277.29
2024-12-03,Store C,Home & Kitchen,3,74.74,224.23
2024-12-03,Store C,Beauty,6,41.98,251.87
2024-12-04,Store A,Electronics,8,360.93,2887.4
2024-12-04,Store A,Clothing,11,72.51,797.64
2024-12-04,Store A,Groceries,13,17.58,228.6
2024-12-04,Store A,Home & Kitchen,7,103.76,726.29
2024-12-04,Store A,Beauty,4,10.68,42.73
2024-12-04,Store B,Electronics,11,390.05,4290.59
2024-12-04,Store B,Clothing,5,66.23,331.16
2024-12-04,Store B,Groceries,9,5.26,47.33
2024-12-04,Store B,Home & Kitchen,11,110.73,1218.06
2024-12-04,Store B,Beauty,3,55.09,165.28
2024-12-04,Store C,Electronics,9,262.75,2364.74
2024-12-04,Store C,Clothing,6,15.07,90.4
2024-12-04,Store C,Groceries,8,13.1,104.78
2024-12-04,Store C,Home & Kitchen,3,65.47,196.42
2024-12-04,Store C,Beauty,6,55.18,331.09
2024-12-05,Store A,Electronics,9,60.57,545.14
2024-12-05,Store A,Clothing,9,35.88,322.89
2024-12-05,Store A,Groceries,15,21.82,327.25
2024-12-05,Store A,Home & Kitchen,8,81.25,650.02
2024-12-05,Store A,Beauty,4,31.76,127.02
2024-12-05,Store B,Electronics,10,131.79,1317.89
2024-12-05,Store B,Clothing,7,35.31,247.2
2024-12-05,Store B,Groceries,17,5.73,97.33
2024-12-05,Store B,Home & Kitchen,8,74.25,594.0
2024-12-05,Store B,Beauty,6,15.36,92.17
2024-12-05,Store C,Electronics,9,58.27,524.44
2024-12-05,Store C,Clothing,8,29.44,235.49
2024-12-05,Store C,Groceries,3,17.14,51.43
2024-12-05,Store C,Home & Kitchen,3,80.53,241.59
2024-12-05,Store C,Beauty,2,45.97,91.93
2024-12-06,Store A,Electronics,10,162.15,1621.53
2024-12-06,Store A,Clothing,10,47.48,474.79
2024-12-06,Store A,Groceries,8,11.71,93.69
2024-12-06,Store A,Home & Kitchen,4,115.29,461.17
2024-12-06,Store A,Beauty,7,56.54,395.81
2024-12-06,Store B,Electronics,7,167.17,1170.2
2024-12-06,Store B,Clothing,7,42.77,299.41
2024-12-06,Store B,Groceries,6,18.14,108.84
2024-12-06,Store B,Home & Kitchen,7,101.78,712.44
2024-12-06,Store B,Beauty,5,26.73,133.64
2024-12-06,Store C,Electronics,2,230.55,461.1
2024-12-06,Store C,Clothing,7,59.05,413.32
2024-12-06,Store C,Groceries,4,16.15,64.58
2024-12-06,Store C,Home & Kitchen,3,29.7,89.1
2024-12-06,Store C,Beauty,2,23.45,46.9
2024-12-07,Store A,Electronics,5,397.03,1985.15
2024-12-07,Store A,Clothing,10,60.33,603.27
2024-12-07,Store A,Groceries,18,8.84,159.05
2024-12-07,Store A,Home & Kitchen,4,87.67,350.69
2024-12-07,Store A,Beauty,8,50.75,405.96
2024-12-07,Store B,Electronics,9,165.93,1493.34
2024-12-07,Store B,Clothing,9,18.66,167.91
2024-12-07,Store B,Groceries,15,6.2,93.03
2024-12-07,Store B,Home & Kitchen,6,32.15,192.9
2024-12-07,Store B,Beauty,10,54.91,549.14
2024-12-07,Store C,Electronics,8,123.27,986.18
2024-12-07,Store C,Clothing,9,40.19,361.73
2024-12-07,Store C,Groceries,7,12.39,86.7
2024-12-07,Store C,Home & Kitchen,7,77.52,542.63
2024-12-07,Store C,Beauty,6,22.02,132.13
2024-12-08,Store A,Electronics,11,206.86,2275.49
2024-12-08,Store A,Clothing,6,51.42,308.52
2024-12-08,Store A,Groceries,10,24.15,241.55
2024-12-08,Store A,Home & Kitchen,11,86.26,948.86
2024-12-08,Store A,Beauty,11,34.97,384.65
2024-12-08,Store B,Electronics,12,66.65,799.8
2024-12-08,Store B,Clothing,8,24.98,199.86
2024-12-08,Store B,Groceries,14,19.64,274.92
2024-12-08,Store B,Home & Kitchen,6,98.71,592.24
2024-12-08,Store B,Beauty,3,6.72,20.16
2024-12-08,Store C,Electronics,15,177.39,2660.88
2024-12-08,Store C,Clothing,7,30.64,214.49
2024-12-08,Store C,Groceries,13,23.02,299.2
2024-12-08,Store C,Home & Kitchen,7,84.18,589.26
2024-12-08,Store C,Beauty,4,15.47,61.9
2024-12-09,Store A,Electronics,8,79.77,638.19
2024-12-09,Store A,Clothing,11,24.13,265.39
2024-12-09,Store A,Groceries,11,6.68,73.44
2024-12-09,Store A,Home & Kitchen,4,22.71,90.83
2024-12-09,Store A,Beauty,4,29.78,119.1
2024-12-09,Store B,Electronics,13,161.11,2094.48
2024-12-09,Store B,Clothing,8,38.1,304.84
2024-12-09,Store B,Groceries,6,8.95,53.69
2024-12-09,Store B,Home & Kitchen,7,85.3,597.12
2024-12-09,Store B,Beauty,4,45.89,183.54
2024-12-09,Store C,Electronics,11,253.13,2784.44
2024-12-09,Store C,Clothing,6,28.73,172.37
2024-12-09,Store C,Groceries,12,16.38,196.57
2024-12-09,Store C,Home & Kitchen,4,81.46,325.85
2024-12-09,Store C,Beauty,3,34.83,104.48
2024-12-10,Store A,Electronics,12,143.48,1721.77
2024-12-10,Store A,Clothing,8,26.61,212.87
2024-12-10,Store A,Groceries,9,4.57,41.14
2024-12-10,Store A,Home & Kitchen,4,114.05,456.19
2024-12-10,Store A,Beauty,6,49.93,299.6
2024-12-10,Store B,Electronics,7,244.31,1710.18
2024-12-10,Store B,Clothing,8,25.9,207.21
2024-12-10,Store B,Groceries,8,15.65,125.19
2024-12-10,Store B,Home & Kitchen,9,13.19,118.72
2024-12-10,Store B,Beauty,3,30.91,92.72
2024-12-10,Store C,Electronics,7,260.06,1820.4
2024-12-10,Store C,Clothing,2,17.45,34.89
2024-12-10,Store C,Groceries,11,4.88,53.7
2024-12-10,Store C,Beauty,3,20.65,61.96
2024-12-11,Store A,Electronics,11,238.92,2628.15
2024-12-11,Store A,Clothing,13,45.13,586.64
2024-12-11,Store A,Groceries,12,5.77,69.26
2024-12-11,Store A,Home & Kitchen,7,83.69,585.85
2024-12-11,Store A,Beauty,1,18.44,18.44
2024-12-11,Store B,Electronics,5,54.85,274.26
2024-12-11,Store B,Clothing,6,44.13,264.8
2024-12-11,Store B,Groceries,10,17.81,178.06
2024-12-11,Store B,Home & Kitchen,5,28.32,141.6
2024-12-11,Store B,Beauty,4,42.8,171.22
2024-12-11,Store C,Electronics,10,280.25,2802.49
2024-12-11,Store C,Clothing,2,71.42,142.85
2024-12-11,Store C,Groceries,8,19.54,156.34
2024-12-11,Store C,Home & Kitchen,6,84.19,505.17
2024-12-11,Store C,Beauty,6,23.37,140.24
2024-12-12,Store A,Electronics,15,357.18,5357.63
2024-12-12,Store A,Clothing,7,45.53,318.73
2024-12-12,Store A,Groceries,15,24.08,361.18
2024-12-12,Store A,Home & Kitchen,9,101.23,911.04
2024-12-12,Store A,Beauty,5,17.36,86.78
2024-12-12,Store B,Electronics,16,345.6,5529.56
2024-12-12,Store B,Clothing,4,55.02,220.07
2024-12-12,Store B,Groceries,12,18.99,227.89
2024-12-12,Store B,Home & Kitchen,7,64.5,451.48
2024-12-12,Store B,Beauty,2,45.71,91.43
2024-12-12,Store C,Electronics,3,81.15,243.46
2024-12-12,Store C,Clothing,7,77.18,540.27
2024-12-12,Store C,Groceries,13,12.46,161.99
2024-12-12,Store C,Home & Kitchen,7,65.32,457.21
2024-12-12,Store C,Beauty,1,52.23,52.23
2024-12-13,Store A,Electronics,3,130.25,390.74
2024-12-13,Store A,Clothing,12,73.48,881.73
2024-12-13,Store A,Groceries,9,17.2,154.84
2024-12-13,Store A,Home & Kitchen,6,115.26,691.55
2024-12-13,Store A,Beauty,5,24.09,120.45
2024-12-13,Store B,Electronics,9,359.12,3232.09
2024-12-13,Store B,Clothing,6,36.78,220.69
2024-12-13,Store B,Groceries,12,5.79,69.46
2024-12-13,Store B,Home & Kitchen,10,39.96,399.64
2024-12-13,Store B,Beauty,4,56.01,224.05
2024-12-13,Store C,Electronics,6,309.86,1859.16
2024-12-13,Store C,Clothing,6,60.76,364.56
2024-12-13,Store C,Groceries,10,10.0,100.04
2024-12-13,Store C,Home & Kitchen,9,91.47,823.2
2024-12-13,Store C,Beauty,2,45.76,91.51
2024-12-14,Store A,Electronics,10,144.3,1443.0
2024-12-14,Store A,Clothing,10,70.45,704.49
2024-12-14,Store A,Groceries,17,9.9,168.37
2024-12-14,Store A,Home & Kitchen,5,82.7,413.52
2024-12-14,Store A,Beauty,6,54.18,325.1
2024-12-14,Store B,Electronics,9,367.21,3304.92
2024-12-14,Store B,Clothing,10,72.7,726.98
2024-12-14,Store B,Groceries,10,12.02,120.23
2024-12-14,Store B,Home & Kitchen,9,113.07,1017.67
2024-12-14,Store B,Beauty,10,9.75,97.46
2024-12-14,Store C,Electronics,9,236.08,2124.68
2024-12-14,Store C,Clothing,6,24.4,146.39
2024-12-14,Store C,Groceries,16,9.07,145.15
2024-12-14,Store C,Home & Kitchen,8,48.54,388.32
2024-12-14,Store C,Beauty,6,53.78,322.66
2024-12-15,Store A,Electronics,8,183.03,1464.27
2024-12-15,Store A,Clothing,5,22.04,110.19
2024-12-15,Store A,Groceries,13,21.88,284.41
2024-12-15,Store A,Home & Kitchen,4,54.59,218.34
2024-12-15,Store A,Beauty,10,37.78,377.78
2024-12-15,Store B,Electronics,10,129.36,1293.58
2024-12-15,Store B,Clothing,11,63.73,701.06
2024-12-15,Store B,Groceries,19,19.43,369.14
2024-12-15,Store B,Home & Kitchen,9,11.71,105.43
2024-12-15,Store B,Beauty,5,47.57,237.85
2024-12-15,Store C,Electronics,12,144.38,1732.62
2024-12-15,Store C,Clothing,9,33.8,304.17
2024-12-15,Store C,Groceries,8,8.03,64.25
2024-12-15,Store C,Home & Kitchen,10,54.47,544.71
2024-12-15,Store C,Beauty,5,52.64,263.19
2024-12-16,Store A,Electronics,7,56.03,392.22
2024-12-16,Store A,Clothing,8,72.97,583.79
2024-12-16,Store A,Groceries,20,23.6,471.9
2024-12-16,Store A,Home & Kitchen,6,49.46,296.76
2024-12-16,Store A,Beauty,7,18.84,131.86
2024-12-16,Store B,Electronics,7,342.7,2398.91
2024-12-16,Store B,Clothing,8,75.0,599.99
2024-12-16,Store B,Groceries,15,15.29,229.29
2024-12-16,Store B,Home & Kitchen,2,35.19,70.38
2024-12-16,Store B,Beauty,5,30.5,152.49
2024-12-16,Store C,Electronics,5,143.05,715.27
2024-12-16,Store C,Clothing,2,46.49,92.98
2024-12-16,Store C,Groceries,6,9.92,59.51
2024-12-16,Store C,Home & Kitchen,10,110.16,1101.56
2024-12-16,Store C,Beauty,4,25.09,100.36
2024-12-17,Store A,Electronics,9,165.36,1488.27
2024-12-17,Store A,Clothing,7,26.31,184.15
2024-12-17,Store A,Groceries,16,8.37,133.92
2024-12-17,Store A,Home & Kitchen,10,31.66,316.62
2024-12-17,Store A,Beauty,5,43.25,216.27
2024-12-17,Store B,Electronics,10,376.6,3766.02
2024-12-17,Store B,Clothing,9,48.1,432.87
2024-12-17,Store B,Groceries,18,6.96,125.27
2024-12-17,Store B,Home & Kitchen,3,45.36,136.09
2024-12-17,Store B,Beauty,2,37.01,74.01
2024-12-17,Store C,Electronics,5,77.99,389.95
2024-12-17,Store C,Clothing,4,55.17,220.68
2024-12-17,Store C,Groceries,7,15.5,108.51
2024-12-17,Store C,Home & Kitchen,4,21.66,86.63
2024-12-17,Store C,Beauty,3,33.06,99.19
2024-12-18,Store A,Electronics,6,69.87,419.22
2024-12-18,Store A,Clothing,7,25.0,174.97
2024-12-18,Store A,Groceries,12,15.22,182.69
2024-12-18,Store A,Home & Kitchen,9,44.77,402.95
2024-12-18,Store A,Beauty,3,39.92,119.75
2024-12-18,Store B,Electronics,12,334.11,4009.37
2024-12-18,Store B,Clothing,4,24.62,98.49
2024-12-18,Store B,Groceries,11,19.97,219.65
2024-12-18,Store B,Home & Kitchen,7,22.35,156.48
2024-12-18,Store B,Beauty,7,22.82,159.72
2024-12-18,Store C,Electronics,6,283.42,1700.52
2024-12-18,Store C,Clothing,8,73.28,586.26
2024-12-18,Store C,Groceries,14,15.03,210.38
2024-12-18,Store C,Home & Kitchen,4,20.87,83.49
2024-12-18,Store C,Beauty,6,51.01,306.05
2024-12-19,Store A,Electronics,14,118.4,1657.58
2024-12-19,Store A,Clothing,12,44.52,534.25
2024-12-19,Store A,Groceries,14,7.1,99.36
2024-12-19,Store A,Home & Kitchen,9,92.1,828.94
2024-12-19,Store A,Beauty,8,57.8,462.38
2024-12-19,Store B,Electronics,6,74.55,447.28
2024-12-19,Store B,Clothing,5,51.08,255.39
2024-12-19,Store B,Groceries,9,7.89,70.99
2024-12-19,Store B,Home & Kitchen,7,32.84,229.86
2024-12-19,Store B,Beauty,2,36.43,72.86
2024-12-19,Store C,Electronics,4,268.27,1073.1
2024-12-19,Store C,Clothing,13,62.12,807.54
2024-12-19,Store C,Groceries,7,7.08,49.55
2024-12-19,Store C,Home & Kitchen,4,63.25,253.01
2024-12-19,Store C,Beauty,7,57.38,401.66
2024-12-20,Store A,Electronics,18,87.24,1570.29
2024-12-20,Store A,Clothing,18,32.56,586.05
2024-12-20,Store A,Groceries,17,2.32,39.38
2024-12-20,Store A,Home & Kitchen,5,81.62,408.1
2024-12-20,Store A,Beauty,4,55.31,221.23
2024-12-20,Store B,Electronics,19,118.64,2254.13
2024-12-20,Store B,Clothing,9,51.22,460.95
2024-12-20,Store B,Groceries,16,4.72,75.53
2024-12-20,Store B,Home & Kitchen,3,86.81,260.43
2024-12-20,Store B,Beauty,2,29.47,58.94
2024-12-20,Store C,Electronics,12,343.08,4116.9
2024-12-20,Store C,Clothing,6,27.07,162.44
2024-12-20,Store C,Groceries,8,16.77,134.12
2024-12-20,Store C,Home & Kitchen,9,19.38,174.39
2024-12-20,Store C,Beauty,2,38.74,77.48
2024-12-21,Store A,Electronics,20,324.72,6494.35
2024-12-21,Store A,Clothing,5,29.32,146.62
2024-12-21,Store A,Groceries,17,21.29,361.88
2024-12-21,Store A,Home & Kitchen,4,74.09,296.37
2024-12-21,Store A,Beauty,8,53.56,428.48
2024-12-21,Store B,Electronics,12,153.05,1836.58
2024-12-21,Store B,Clothing,7,23.33,163.29
2024-12-21,Store B,Groceries,13,14.73,191.43
2024-12-21,Store B,Home & Kitchen,7,88.64,620.45
2024-12-21,Store B,Beauty,11,53.15,584.61
2024-12-21,Store C,Electronics,9,75.46,679.12
2024-12-21,Store C,Clothing,7,54.54,381.75
2024-12-21,Store C,Groceries,6,22.45,134.69
2024-12-21,Store C,Home & Kitchen,7,83.06,581.41
2024-12-21,Store C,Beauty,6,55.11,330.69
2024-12-22,Store A,Electronics,10,140.6,1405.98
2024-12-22,Store A,Clothing,12,74.33,891.97
2024-12-22,Store A,Groceries,21,7.94,166.66
2024-12-22,Store A,Home & Kitchen,8,29.8,238.39
2024-12-22,Store A,Beauty,13,59.89,778.55
2024-12-22,Store B,Electronics,16,258.72,4139.49
2024-12-22,Store B,Clothing,4,62.43,249.7
2024-12-22,Store B,Groceries,14,19.62,274.72
2024-12-22,Store B,Home & Kitchen,12,15.65,187.81
2024-12-22,Store B,Beauty,4,31.49,125.95
2024-12-22,Store C,Electronics,11,289.43,3183.78
2024-12-22,Store C,Clothing,6,32.03,192.17
2024-12-22,Store C,Groceries,12,15.25,182.99
2024-12-22,Store C,Home & Kitchen,7,89.15,624.02
2024-12-22,Store C,Beauty,5,25.98,129.92
2024-12-23,Store A,Electronics,5,60.35,301.75
2024-12-23,Store A,Clothing,8,42.6,340.83
2024-12-23,Store A,Groceries,20,8.27,165.38
2024-12-23,Store A,Home & Kitchen,5,94.42,472.11
2024-12-23,Store A,Beauty,1,25.68,25.68
2024-12-23,Store B,Electronics,9,201.28,1811.54
2024-12-23,Store B,Clothing,6,43.61,261.65
2024-12-23,Store B,Groceries,8,9.53,76.28
2024-12-23,Store B,Home & Kitchen,9,30.73,276.61
2024-12-23,Store B,Beauty,5,18.32,91.61
2024-12-23,Store C,Electronics,9,174.0,1566.04
2024-12-23,Store C,Clothing,6,30.23,181.39
2024-12-23,Store C,Groceries,10,12.77,127.69
2024-12-23,Store C,Home & Kitchen,3,95.31,285.94
2024-12-23,Store C,Beauty,5,27.12,135.61
2024-12-24,Store A,Electronics,7,186.83,1307.79
2024-12-24,Store A,Clothing,11,26.76,294.39
2024-12-24,Store A,Groceries,14,13.53,189.39
2024-12-24,Store A,Home & Kitchen,11,109.78,1207.58
2024-12-24,Store A,Beauty,7,19.21,134.49
2024-12-24,Store B,Electronics,9,240.95,2168.56
2024-12-24,Store B,Clothing,11,26.87,295.52
2024-12-24,Store B,Groceries,10,15.63,156.27
2024-12-24,Store B,Home & Kitchen,6,28.0,168.03
2024-12-24,Store B,Beauty,4,55.29,221.18
2024-12-24,Store C,Electronics,11,372.41,4096.52
2024-12-24,Store C,Groceries,9,20.84,187.53
2024-12-24,Store C,Home & Kitchen,6,102.14,612.86
2024-12-24,Store C,Beauty,3,6.41,19.23
2024-12-25,Store A,Electronics,19,204.58,3886.95
2024-12-25,Store A,Clothing,11,33.25,365.79
2024-12-25,Store A,Groceries,16,18.4,294.33
2024-12-25,Store A,Home & Kitchen,6,55.73,334.41
2024-12-25,Store A,Beauty,4,21.8,87.18
2024-12-25,Store B,Electronics,6,364.03,2184.16
2024-12-25,Store B,Clothing,3,38.58,115.74
2024-12-25,Store B,Groceries,9,15.39,138.48
2024-12-25,Store B,Home & Kitchen,5,87.78,438.89
2024-12-25,Store B,Beauty,5,25.21,126.07
2024-12-25,Store C,Electronics,7,181.56,1270.9
2024-12-25,Store C,Clothing,6,31.25,187.51
2024-12-25,Store C,Groceries,6,5.63,33.76
2024-12-25,Store C,Beauty,4,18.88,75.5
2024-12-26,Store A,Electronics,7,156.45,1095.13
2024-12-26,Store A,Clothing,9,31.86,286.76
2024-12-26,Store A,Groceries,13,15.36,199.72
2024-12-26,Store A,Home & Kitchen,8,19.79,158.35
2024-12-26,Store A,Beauty,2,25.03,50.05
2024-12-26,Store B,Electronics,9,367.03,3303.23
2024-12-26,Store B,Clothing,6,17.78,106.69
2024-12-26,Store B,Groceries,6,4.2,25.18
2024-12-26,Store B,Home & Kitchen,6,45.02,270.13
2024-12-26,Store B,Beauty,8,22.16,177.25
2024-12-26,Store C,Electronics,6,217.45,1304.68
2024-12-26,Store C,Clothing,3,27.53,82.58
2024-12-26,Store C,Groceries,6,10.29,61.73
2024-12-26,Store C,Home & Kitchen,2,37.78,75.55
2024-12-26,Store C,Beauty,5,49.46,247.28
2024-12-27,Store A,Electronics,13,90.24,1173.13
2024-12-27,Store A,Clothing,15,68.25,1023.68
2024-12-27,Store A,Groceries,13,2.97,38.56
2024-12-27,Store A,Home & Kitchen,5,68.98,344.91
2024-12-27,Store A,Beauty,5,58.84,294.18
2024-12-27,Store B,Electronics,6,318.0,1908.02
2024-12-27,Store B,Clothing,6,71.42,428.53
2024-12-27,Store B,Groceries,10,6.67,66.65
2024-12-27,Store B,Home & Kitchen,6,25.71,154.24
2024-12-27,Store B,Beauty,6,41.78,250.68
2024-12-27,Store C,Electronics,6,176.31,1057.85
2024-12-27,Store C,Clothing,6,16.46,98.78
2024-12-27,Store C,Groceries,6,20.12,120.75
2024-12-27,Store C,Home & Kitchen,2,67.25,134.49
2024-12-27,Store C,Beauty,4,26.04,104.14
2024-12-28,Store A,Electronics,13,346.9,4509.73
2024-12-28,Store A,Clothing,8,60.4,483.16
2024-12-28,Store A,Groceries,9,15.24,137.12
2024-12-28,Store A,Home & Kitchen,13,16.44,213.78
2024-12-28,Store A,Beauty,4,21.92,87.69
2024-12-28,Store B,Electronics,8,250.24,2001.89
2024-12-28,Store B,Clothing,8,76.36,610.88
2024-12-28,Store B,Groceries,20,7.87,157.35
2024-12-28,Store B,Home & Kitchen,4,62.0,248.02
2024-12-28,Store B,Beauty,13,32.99,428.89
2024-12-28,Store C,Electronics,12,152.02,1824.23
2024-12-28,Store C,Clothing,2,25.59,51.17
2024-12-28,Store C,Groceries,7,14.87,104.06
2024-12-28,Store C,Home & Kitchen,7,64.53,451.68
2024-12-28,Store C,Beauty,3,5.55,16.66
2024-12-29,Store A,Electronics,9,313.62,2822.55
2024-12-29,Store A,Clothing,13,55.69,723.99
2024-12-29,Store A,Groceries,13,20.95,272.39
2024-12-29,Store A,Home & Kitchen,8,16.85,134.83
2024-12-29,Store A,Beauty,16,30.13,482.08
2024-12-29,Store B,Electronics,9,368.83,3319.43
2024-12-29,Store B,Clothing,13,30.68,398.81
2024-12-29,Store B,Groceries,16,3.05,48.86
2024-12-29,Store B,Home & Kitchen,6,18.2,109.2
2024-12-29,Store B,Beauty,9,51.81,466.25
2024-12-29,Store C,Electronics,14,68.42,957.92
2024-12-29,Store C,Clothing,5,64.01,320.05
2024-12-29,Store C,Groceries,12,11.87,142.43
2024-12-29,Store C,Home & Kitchen,5,28.98,144.92
2024-12-29,Store C,Beauty,10,58.99,589.85
2024-12-30,Store A,Electronics,8,133.28,1066.28
2024-12-30,Store A,Clothing,8,73.36,586.89
2024-12-30,Store A,Groceries,13,17.78,231.14
2024-12-30,Store A,Home & Kitchen,8,99.0,792.01
2024-12-30,Store A,Beauty,2,17.09,34.19
2024-12-30,Store B,Electronics,7,193.89,1357.23
2024-12-30,Store B,Clothing,5,23.25,116.23
2024-12-30,Store B,Groceries,12,6.82,81.82
2024-12-30,Store B,Home & Kitchen,4,38.26,153.05
2024-12-30,Store B,Beauty,3,20.55,61.66
2024-12-30,Store C,Electronics,2,281.32,562.64
2024-12-30,Store C,Clothing,7,69.0,482.97
2024-12-30,Store C,Groceries,7,7.51,52.56
2024-12-30,Store C,Home & Kitchen,5,78.03,390.14
2024-12-30,Store C,Beauty,4,49.47,197.87
2024-12-31,Store A,Electronics,13,263.36,3423.65
2024-12-31,Store A,Clothing,7,77.25,540.77
2024-12-31,Store A,Groceries,14,21.6,302.4
2024-12-31,Store A,Home & Kitchen,9,117.86,1060.78
2024-12-31,Store A,Beauty,5,16.99,84.96
2024-12-31,Store B,Electronics,3,225.22,675.65
2024-12-31,Store B,Clothing,6,42.64,255.87
2024-12-31,Store B,Groceries,17,13.26,225.35
2024-12-31,Store B,Home & Kitchen,7,56.67,396.72
2024-12-31,Store B,Beauty,7,19.92,139.47
2024-12-31,Store C,Electronics,7,71.46,500.19
2024-12-31,Store C,Clothing,4,31.01,124.03
2024-12-31,Store C,Groceries,8,8.06,64.45
2024-12-31,Store C,Home & Kitchen,9,31.57,284.09
2024-12-31,Store C,Beauty,4,58.56,234.23
2025-01-01,Store A,Electronics,6,82.64,495.82
2025-01-01,Store A,Clothing,3,36.91,110.72
2025-01-01,Store A,Groceries,7,21.86,153.03
2025-01-01,Store A,Home & Kitchen,3,58.26,174.77
2025-01-01,Store A,Beauty,6,41.34,248.04
2025-01-01,Store B,Electronics,5,291.38,1456.91
2025-01-01,Store B,Clothing,1,39.93,39.93
2025-01-01,Store B,Groceries,12,10.19,122.22
2025-01-01,Store B,Home & Kitchen,3,61.82,185.45
2025-01-01,Store B,Beauty,4,27.3,109.21
2025-01-01,Store C,Electronics,3,89.31,267.94
2025-01-01,Store C,Clothing,4,40.3,161.21
2025-01-01,Store C,Groceries,8,15.68,125.45
2025-01-01,Store C,Home & Kitchen,4,53.41,213.64
2025-01-01,Store C,Beauty,1,47.94,47.94
2025-01-02,Store A,Electronics,4,373.34,1493.37
2025-01-02,Store A,Clothing,5,16.64,83.18
2025-01-02,Store A,Groceries,11,14.64,161.08
2025-01-02,Store A,Home & Kitchen,3,90.38,271.13
2025-01-02,Store A,Beauty,6,18.78,112.68
2025-01-02,Store B,Electronics,1,325.97,325.97
2025-01-02,Store B,Clothing,3,73.62,220.87
2025-01-02,Store B,Groceries,9,18.84,169.57
2025-01-02,Store B,Home & Kitchen,5,17.6,88.02
2025-01-02,Store B,Beauty,4,14.76,59.03
2025-01-02,Store C,Clothing,4,41.96,167.85
2025-01-02,Store C,Groceries,4,18.16,72.66
2025-01-02,Store C,Home & Kitchen,2,72.33,144.66
2025-01-02,Store C,Beauty,1,28.68,28.68
2025-01-03,Store A,Electronics,2,62.36,124.72
2025-01-03,Store A,Clothing,4,45.2,180.79
2025-01-03,Store A,Groceries,5,6.71,33.53
2025-01-03,Store A,Home & Kitchen,5,100.93,504.66
2025-01-03,Store A,Beauty,2,24.26,48.52
2025-01-03,Store B,Electronics,9,139.24,1253.2
2025-01-03,Store B,Clothing,5,20.63,103.17
2025-01-03,Store B,Groceries,6,14.12,84.71
2025-01-03,Store B,Home & Kitchen,4,88.29,353.17
2025-01-03,Store B,Beauty,3,38.77,116.3
2025-01-03,Store C,Electronics,4,220.88,883.51
2025-01-03,Store C,Clothing,4,21.43,85.72
2025-01-03,Store C,Groceries,4,5.9,23.62
2025-01-03,Store C,Home & Kitchen,1,76.34,76.34
2025-01-03,Store C,Beauty,3,8.31,24.94
2025-01-04,Store A,Electronics,10,227.48,2274.84
2025-01-04,Store A,Clothing,6,38.01,228.03
2025-01-04,Store A,Groceries,12,3.09,37.13
2025-01-04,Store A,Home & Kitchen,7,40.59,284.14
2025-01-04,Store A,Beauty,5,34.0,170.0
2025-01-04,Store B,Electronics,9,120.93,1088.37
2025-01-04,Store B,Clothing,6,19.94,119.62
2025-01-04,Store B,Groceries,6,12.38,74.27
2025-01-04,Store B,Home & Kitchen,3,68.86,206.59
2025-01-04,Store B,Beauty,6,51.01,306.06
2025-01-04,Store C,Electronics,3,344.02,1032.06
2025-01-04,Store C,Clothing,2,28.36,56.72
2025-01-04,Store C,Groceries,11,13.17,144.9
2025-01-04,Store C,Home & Kitchen,5,104.91,524.57
2025-01-04,Store C,Beauty,1,5.38,5.38
2025-01-05,Store A,Electronics,9,255.86,2302.77
2025-01-05,Store A,Clothing,8,65.82,526.53
2025-01-05,Store A,Groceries,9,4.32,38.84
2025-01-05,Store A,Home & Kitchen,4,102.57,410.28
2025-01-05,Store A,Beauty,4,14.66,58.62
2025-01-05,Store B,Electronics,5,335.21,1676.05
2025-01-05,Store B,Clothing,3,39.92,119.76
2025-01-05,Store B,Groceries,8,12.25,98.02
2025-01-05,Store B,Home & Kitchen,2,34.51,69.02
2025-01-05,Store B,Beauty,4,24.94,99.77
2025-01-05,Store C,Electronics,3,160.35,481.05
2025-01-05,Store C,Clothing,4,56.31,225.24
2025-01-05,Store C,Groceries,11,17.9,196.91
2025-01-05,Store C,Home & Kitchen,6,23.6,141.61
2025-01-05,Store C,Beauty,4,6.36,25.43
2025-01-06,Store A,Electronics,7,87.75,614.23
2025-01-06,Store A,Clothing,5,37.36,186.8
2025-01-06,Store A,Groceries,7,18.16,127.09
2025-01-06,Store A,Home & Kitchen,1,71.66,71.66
2025-01-06,Store A,Beauty,2,36.32,72.64
2025-01-06,Store B,Electronics,4,62.86,251.45
2025-01-06,Store B,Clothing,5,17.88,89.39
2025-01-06,Store B,Groceries,8,20.65,165.2
2025-01-06,Store B,Home & Kitchen,4,17.72,70.87
2025-01-06,Store B,Beauty,1,6.23,6.23
2025-01-06,Store C,Electronics,5,341.87,1709.37
2025-01-06,Store C,Clothing,2,78.66,157.32
2025-01-06,Store C,Groceries,7,23.72,166.03
2025-01-06,Store C,Home & Kitchen,2,89.25,178.49
2025-01-06,Store C,Beauty,1,41.31,41.31
2025-01-07,Store A,Electronics,6,296.89,1781.35
2025-01-07,Store A,Clothing,4,74.71,298.83
2025-01-07,Store A,Groceries,5,11.67,58.37
2025-01-07,Store A,Home & Kitchen,1,32.64,32.64
2025-01-07,Store A,Beauty,5,13.77,68.86
2025-01-07,Store B,Electronics,3,285.51,856.54
2025-01-07,Store B,Clothing,3,40.4,121.21
2025-01-07,Store B,Groceries,4,15.38,61.54
2025-01-07,Store B,Home & Kitchen,4,44.46,177.83
2025-01-07,Store B,Beauty,3,51.22,153.67
2025-01-07,Store C,Electronics,3,269.22,807.65
2025-01-07,Store C,Clothing,3,71.85,215.54
2025-01-07,Store C,Groceries,6,18.37,110.24
2025-01-07,Store C,Home & Kitchen,6,106.09,636.52
2025-01-07,Store C,Beauty,3,37.58,112.74
2025-01-08,Store A,Electronics,6,298.8,1792.81
2025-01-08,Store A,Clothing,3,58.99,176.98
2025-01-08,Store A,Groceries,5,9.95,49.73
2025-01-08,Store A,Home & Kitchen,6,119.73,718.36
2025-01-08,Store A,Beauty,1,36.77,36.77
2025-01-08,Store B,Electronics,6,203.1,1218.58
2025-01-08,Store B,Clothing,6,40.41,242.44
2025-01-08,Store B,Groceries,8,21.6,172.8
2025-01-08,Store B,Beauty,2,24.38,48.75
2025-01-08,Store C,Electronics,3,290.77,872.32
2025-01-08,Store C,Clothing,3,28.25,84.76
2025-01-08,Store C,Groceries,4,16.34,65.36
2025-01-08,Store C,Home & Kitchen,1,30.58,30.58
2025-01-08,Store C,Beauty,3,46.95,140.86
2025-01-09,Store A,Electronics,9,218.99,1970.94
2025-01-09,Store A,Clothing,7,33.71,235.97
2025-01-09,Store A,Groceries,7,22.43,156.99
2025-01-09,Store A,Home & Kitchen,3,26.79,80.37
2025-01-09,Store A,Beauty,5,53.11,265.54
2025-01-09,Store B,Electronics,4,191.52,766.09
2025-01-09,Store B,Clothing,8,15.28,122.28
2025-01-09,Store B,Groceries,4,10.51,42.05
2025-01-09,Store B,Home & Kitchen,2,68.87,137.74
2025-01-09,Store B,Beauty,4,11.38,45.51
2025-01-09,Store C,Electronics,9,83.67,753.01
2025-01-09,Store C,Clothing,5,26.86,134.31
2025-01-09,Store C,Groceries,8,3.67,29.33
2025-01-09,Store C,Home & Kitchen,2,18.2,36.4
2025-01-09,Store C,Beauty,3,54.38,163.13
2025-01-10,Store A,Electronics,4,264.22,1056.89
2025-01-10,Store A,Clothing,2,34.73,69.45
2025-01-10,Store A,Groceries,5,11.01,55.07
2025-01-10,Store A,Home & Kitchen,5,14.47,72.35
2025-01-10,Store B,Electronics,3,78.38,235.14
2025-01-10,Store B,Clothing,2,77.67,155.34
2025-01-10,Store B,Groceries,9,4.73,42.56
2025-01-10,Store B,Home & Kitchen,3,116.03,348.08
2025-01-10,Store B,Beauty,4,47.77,191.09
2025-01-10,Store C,Electronics,3,162.69,488.08
2025-01-10,Store C,Clothing,2,34.09,68.19
2025-01-10,Store C,Groceries,5,22.74,113.69
2025-01-10,Store C,Home & Kitchen,4,98.45,393.79
2025-01-10,Store C,Beauty,2,54.64,109.28
2025-01-11,Store A,Electronics,11,297.67,3274.4
2025-01-11,Store A,Clothing,13,18.63,242.2
2025-01-11,Store A,Groceries,9,16.36,147.22
2025-01-11,Store A,Home & Kitchen,5,33.63,168.15
2025-01-11,Store A,Beauty,4,14.3,57.2
2025-01-11,Store B,Electronics,9,123.71,1113.39
2025-01-11,Store B,Clothing,5,62.78,313.88
2025-01-11,Store B,Groceries,13,24.66,320.62
2025-01-11,Store B,Home & Kitchen,7,106.52,745.62
2025-01-11,Store B,Beauty,5,37.28,186.38
2025-01-11,Store C,Electronics,6,172.23,1033.38
2025-01-11,Store C,Clothing,1,38.24,38.24
2025-01-11,Store C,Groceries,5,12.24,61.19
2025-01-11,Store C,Home & Kitchen,8,23.68,189.43
2025-01-11,Store C,Beauty,3,12.42,37.27
2025-01-12,Store A,Electronics,7,131.01,917.08
2025-01-12,Store A,Clothing,5,43.93,219.64
2025-01-12,Store A,Groceries,22,10.41,229.01
2025-01-12,Store A,Home & Kitchen,9,107.86,970.74
2025-01-12,Store A,Beauty,4,42.38,169.5
2025-01-12,Store B,Electronics,6,392.36,2354.16
2025-01-12,Store B,Clothing,3,66.74,200.22
2025-01-12,Store B,Groceries,10,12.3,122.99
2025-01-12,Store B,Home & Kitchen,7,14.1,98.71
2025-01-12,Store B,Beauty,3,21.93,65.8
2025-01-12,Store C,Electronics,5,305.8,1529.01
2025-01-12,Store C,Clothing,10,50.97,509.66
2025-01-12,Store C,Groceries,6,13.94,83.65
2025-01-12,Store C,Home & Kitchen,4,42.68,170.72
2025-01-12,Store C,Beauty,4,25.31,101.24
2025-01-13,Store A,Electronics,10,296.18,2961.84
2025-01-13,Store A,Clothing,2,64.18,128.36
2025-01-13,Store A,Groceries,4,14.2,56.79
2025-01-13,Store A,Home & Kitchen,4,15.8,63.18
2025-01-13,Store A,Beauty,6,41.5,249.03
2025-01-13,Store B,Electronics,2,289.25,578.5
2025-01-13,Store B,Clothing,3,66.38,199.15
2025-01-13,Store B,Groceries,6,19.38,116.26
2025-01-13,Store B,Beauty,4,55.26,221.02
2025-01-13,Store C,Electronics,2,353.79,707.59
2025-01-13,Store C,Clothing,2,40.91,81.82
2025-01-13,Store C,Groceries,4,3.84,15.36
2025-01-13,Store C,Home & Kitchen,3,35.5,106.5
2025-01-13,Store C,Beauty,3,17.33,52.0
2025-01-14,Store A,Electronics,7,356.91,2498.39
2025-01-14,Store A,Clothing,8,51.68,413.47
2025-01-14,Store A,Groceries,6,23.95,143.68
2025-01-14,Store A,Home & Kitchen,5,119.7,598.52
2025-01-14,Store A,Beauty,6,39.45,236.7
2025-01-14,Store B,Electronics,3,108.46,325.38
2025-01-14,Store B,Clothing,6,63.46,380.76
2025-01-14,Store B,Groceries,3,8.49,25.48
2025-01-14,Store B,Home & Kitchen,9,67.02,603.21
2025-01-14,Store B,Beauty,6,32.83,196.95
2025-01-14,Store C,Electronics,3,245.3,735.89
2025-01-14,Store C,Clothing,1,32.04,32.04
2025-01-14,Store C,Groceries,3,10.21,30.63
2025-01-14,Store C,Home & Kitchen,5,104.59,522.93
2025-01-14,Store C,Beauty,2,56.36,112.72
2025-01-15,Store A,Electronics,5,111.31,556.55
2025-01-15,Store A,Clothing,7,78.68,550.76
2025-01-15,Store A,Groceries,10,21.76,217.58
2025-01-15,Store A,Home & Kitchen,1,88.39,88.39
2025-01-15,Store A,Beauty,2,9.92,19.85
2025-01-15,Store B,Electronics,7,102.61,718.24
2025-01-15,Store B,Clothing,2,64.08,128.15
2025-01-15,Store B,Groceries,10,8.56,85.59
2025-01-15,Store B,Home & Kitchen,3,85.41,256.23
2025-01-15,Store B,Beauty,2,27.68,55.35
2025-01-15,Store C,Electronics,5,129.32,646.61
2025-01-15,Store C,Clothing,3,70.45,211.36
2025-01-15,Store C,Groceries,6,5.54,33.26
2025-01-15,Store C,Home & Kitchen,2,79.99,159.99
2025-01-15,Store C,Beauty,3,12.05,36.15
2025-01-16,Store A,Electronics,11,91.58,1007.38
2025-01-16,Store A,Clothing,6,49.98,299.9
2025-01-16,Store A,Groceries,11,2.69,29.61
2025-01-16,Store A,Home & Kitchen,1,17.75,17.75
2025-01-16,Store A,Beauty,5,50.99,254.97
2025-01-16,Store B,Electronics,7,55.38,387.68
2025-01-16,Store B,Clothing,6,43.82,262.95
2025-01-16,Store B,Groceries,7,3.67,25.7
2025-01-16,Store B,Home & Kitchen,5,37.97,189.86
2025-01-16,Store B,Beauty,5,6.81,34.07
2025-01-16,Store C,Electronics,7,296.01,2072.04
2025-01-16,Store C,Clothing,2,58.83,117.65
2025-01-16,Store C,Groceries,3,15.86,47.58
2025-01-16,Store C,Home & Kitchen,6,46.57,279.42
2025-01-16,Store C,Beauty,2,44.41,88.81
2025-01-17,Store A,Electronics,4,53.06,212.24
2025-01-17,Store A,Clothing,3,55.55,166.64
2025-01-17,Store A,Groceries,7,20.72,145.01
2025-01-17,Store A,Home & Kitchen,5,27.17,135.84
2025-01-17,Store A,Beauty,6,36.5,219.0
2025-01-17,Store B,Electronics,11,382.44,4206.8
2025-01-17,Store B,Clothing,4,26.61,106.45
2025-01-17,Store B,Groceries,10,7.77,77.74
2025-01-17,Store B,Home & Kitchen,3,32.83,98.5
2025-01-17,Store B,Beauty,4,15.57,62.27
2025-01-17,Store C,Electronics,1,145.25,145.25
2025-01-17,Store C,Clothing,5,25.72,128.62
2025-01-17,Store C,Groceries,3,8.8,26.41
2025-01-17,Store C,Home & Kitchen,3,110.81,332.44
2025-01-17,Store C,Beauty,3,9.51,28.52
2025-01-18,Store A,Electronics,12,141.28,1695.41
2025-01-18,Store A,Clothing,11,39.71,436.85
2025-01-18,Store A,Groceries,20,2.15,42.92
2025-01-18,Store A,Home & Kitchen,4,19.09,76.36
2025-01-18,Store A,Beauty,3,7.57,22.7
2025-01-18,Store B,Electronics,13,303.06,3939.77
2025-01-18,Store B,Clothing,6,42.29,253.75
2025-01-18,Store B,Groceries,7,11.96,83.72
2025-01-18,Store B,Home & Kitchen,5,66.69,333.46
2025-01-18,Store B,Beauty,5,37.24,186.19
2025-01-18,Store C,Electronics,3,197.41,592.22
2025-01-18,Store C,Clothing,5,36.0,179.98
2025-01-18,Store C,Groceries,7,9.58,67.06
2025-01-18,Store C,Home & Kitchen,6,75.76,454.55
2025-01-18,Store C,Beauty,7,52.55,367.87
2025-01-19,Store A,Electronics,10,218.29,2182.94
2025-01-19,Store A,Clothing,8,26.85,214.83
2025-01-19,Store A,Groceries,12,20.64,247.71
2025-01-19,Store A,Home & Kitchen,7,58.98,412.85
2025-01-19,Store A,Beauty,4,48.52,194.09
2025-01-19,Store B,Electronics,8,66.98,535.84
2025-01-19,Store B,Clothing,5,40.54,202.71
2025-01-19,Store B,Groceries,14,21.47,300.53
2025-01-19,Store B,Home & Kitchen,3,119.47,358.42
2025-01-19,Store B,Beauty,5,50.11,250.56
2025-01-19,Store C,Electronics,6,57.06,342.37
2025-01-19,Store C,Clothing,7,22.66,158.59
2025-01-19,Store C,Groceries,7,14.86,104.02
2025-01-19,Store C,Home & Kitchen,5,63.32,316.59
2025-01-19,Store C,Beauty,1,20.68,20.68
2025-01-20,Store A,Electronics,12,150.25,1802.96
2025-01-20,Store A,Clothing,5,38.37,191.87
2025-01-20,Store A,Groceries,15,6.68,100.19
2025-01-20,Store A,Home & Kitchen,4,90.76,363.06
2025-01-20,Store A,Beauty,3,14.98,44.95
2025-01-20,Store B,Electronics,3,294.22,882.65
2025-01-20,Store B,Clothing,10,21.53,215.35
2025-01-20,Store B,Groceries,4,12.29,49.17
2025-01-20,Store B,Home & Kitchen,3,16.39,49.16
2025-01-20,Store B,Beauty,5,27.8,138.99
2025-01-20,Store C,Electronics,6,105.86,635.17
2025-01-20,Store C,Groceries,8,23.51,188.05
2025-01-20,Store C,Home & Kitchen,2,29.37,58.74
2025-01-20,Store C,Beauty,1,50.23,50.23
2025-01-21,Store A,Electronics,11,202.46,2227.04
2025-01-21,Store A,Clothing,2,24.5,49.0
2025-01-21,Store A,Groceries,9,23.23,209.07
2025-01-21,Store A,Home & Kitchen,4,71.62,286.48
2025-01-21,Store A,Beauty,5,45.09,225.44
2025-01-21,Store B,Electronics,6,247.45,1484.69
2025-01-21,Store B,Clothing,4,57.18,228.73
2025-01-21,Store B,Groceries,4,22.26,89.04
2025-01-21,Store B,Home & Kitchen,4,108.25,433.02
2025-01-21,Store B,Beauty,1,9.98,9.98
2025-01-21,Store C,Electronics,3,99.8,299.39
2025-01-21,Store C,Clothing,1,71.82,71.82
2025-01-21,Store C,Groceries,6,13.38,80.29
2025-01-21,Store C,Home & Kitchen,6,25.02,150.11
2025-01-21,Store C,Beauty,3,50.69,152.06
2025-01-22,Store A,Electronics,7,190.88,1336.14
2025-01-22,Store A,Clothing,8,68.3,546.37
2025-01-22,Store A,Groceries,10,14.11,141.12
2025-01-22,Store A,Home & Kitchen,6,116.09,696.55
2025-01-22,Store A,Beauty,4,55.56,222.25
2025-01-22,Store B,Electronics,6,144.1,864.59
2025-01-22,Store B,Clothing,3,34.92,104.76
2025-01-22,Store B,Groceries,5,21.93,109.66
2025-01-22,Store B,Home & Kitchen,8,94.08,752.61
2025-01-22,Store B,Beauty,6,38.3,229.78
2025-01-22,Store C,Electronics,8,328.02,2624.2
2025-01-22,Store C,Clothing,2,36.64,73.28
2025-01-22,Store C,Groceries,4,18.46,73.83
2025-01-22,Store C,Home & Kitchen,1,113.87,113.87
2025-01-22,Store C,Beauty,2,34.92,69.84
2025-01-23,Store A,Electronics,8,200.29,1602.33
2025-01-23,Store A,Clothing,7,19.24,134.71
2025-01-23,Store A,Groceries,9,5.33,47.94
2025-01-23,Store A,Home & Kitchen,4,111.64,446.58
2025-01-23,Store A,Beauty,3,38.33,114.98
2025-01-23,Store B,Electronics,6,187.87,1127.21
2025-01-23,Store B,Clothing,3,22.55,67.66
2025-01-23,Store B,Groceries,6,6.27,37.61
2025-01-23,Store B,Home & Kitchen,6,86.8,520.79
2025-01-23,Store B,Beauty,2,9.71,19.43
2025-01-23,Store C,Electronics,4,239.82,959.26
2025-01-23,Store C,Clothing,3,42.33,126.98
2025-01-23,Store C,Groceries,2,13.07,26.14
2025-01-23,Store C,Home & Kitchen,3,116.83,350.5
2025-01-23,Store C,Beauty,3,8.86,26.57
2025-01-24,Store A,Electronics,9,341.18,3070.65
2025-01-24,Store A,Clothing,5,28.49,142.45
2025-01-24,Store A,Groceries,7,6.14,43.01
2025-01-24,Store A,Home & Kitchen,4,51.01,204.02
2025-01-24,Store A,Beauty,2,10.16,20.32
2025-01-24,Store B,Electronics,10,195.32,1953.24
2025-01-24,Store B,Clothing,4,56.73,226.91
2025-01-24,Store B,Groceries,8,2.5,20.01
2025-01-24,Store B,Home & Kitchen,3,48.57,145.7
2025-01-24,Store C,Electronics,3,377.03,1131.08
2025-01-24,Store C,Clothing,4,33.78,135.12
2025-01-24,Store C,Groceries,12,21.89,262.69
2025-01-24,Store C,Home & Kitchen,6,25.62,153.74
2025-01-24,Store C,Beauty,1,12.56,12.56
2025-01-25,Store A,Electronics,11,59.83,658.12
2025-01-25,Store A,Clothing,9,22.41,201.72
2025-01-25,Store A,Groceries,6,2.51,15.06
2025-01-25,Store A,Home & Kitchen,6,51.43,308.57
2025-01-25,Store A,Beauty,5,43.01,215.04
2025-01-25,Store B,Electronics,6,323.69,1942.11
2025-01-25,Store B,Clothing,5,54.13,270.63
2025-01-25,Store B,Groceries,5,14.28,71.4
2025-01-25,Store B,Home & Kitchen,4,52.99,211.95
2025-01-25,Store B,Beauty,4,23.92,95.68
2025-01-25,Store C,Electronics,5,76.79,383.94
2025-01-25,Store C,Clothing,4,47.76,191.02
2025-01-25,Store C,Groceries,10,10.98,109.76
2025-01-25,Store C,Home & Kitchen,5,75.66,378.31
2025-01-25,Store C,Beauty,3,41.32,123.97
2025-01-26,Store A,Electronics,6,127.76,766.58
2025-01-26,Store A,Clothing,9,26.0,234.0
2025-01-26,Store A,Groceries,9,15.18,136.66
2025-01-26,Store A,Home & Kitchen,6,10.38,62.28
2025-01-26,Store A,Beauty,7,7.0,48.98
2025-01-26,Store B,Electronics,8,361.1,2888.79
2025-01-26,Store B,Clothing,3,71.01,213.04
2025-01-26,Store B,Groceries,11,10.96,120.61
2025-01-26,Store B,Home & Kitchen,3,110.71,332.12
2025-01-26,Store B,Beauty,8,26.73,213.85
2025-01-26,Store C,Electronics,10,58.48,584.75
2025-01-26,Store C,Clothing,5,59.99,299.95
2025-01-26,Store C,Groceries,9,11.44,102.93
2025-01-26,Store C,Home & Kitchen,2,95.71,191.43
2025-01-27,Store A,Electronics,6,285.63,1713.8
2025-01-27,Store A,Clothing,11,74.05,814.51
2025-01-27,Store A,Groceries,9,24.52,220.67
2025-01-27,Store A,Home & Kitchen,6,48.72,292.32
2025-01-27,Store A,Beauty,1,38.68,38.68
2025-01-27,Store B,Electronics,9,364.01,3276.08
2025-01-27,Store B,Clothing,7,18.51,129.6
2025-01-27,Store B,Groceries,6,6.45,38.68
2025-01-27,Store B,Home & Kitchen,5,48.04,240.21
2025-01-27,Store B,Beauty,7,42.55,297.83
2025-01-27,Store C,Electronics,3,61.71,185.13
2025-01-27,Store C,Groceries,4,3.73,14.94
2025-01-27,Store C,Home & Kitchen,2,66.83,133.66
2025-01-27,Store C,Beauty,2,39.72,79.43
2025-01-28,Store A,Electronics,8,189.05,1512.42
2025-01-28,Store A,Clothing,6,64.34,386.03
2025-01-28,Store A,Groceries,12,14.62,175.4
2025-01-28,Store A,Home & Kitchen,2,29.66,59.32
2025-01-28,Store A,Beauty,3,24.72,74.15
2025-01-28,Store B,Electronics,7,359.45,2516.12
2025-01-28,Store B,Clothing,8,42.35,338.78
2025-01-28,Store B,Groceries,6,20.83,124.99
2025-01-28,Store B,Home & Kitchen,3,11.12,33.36
2025-01-28,Store B,Beauty,5,9.88,49.38
2025-01-28,Store C,Electronics,5,89.08,445.41
2025-01-28,Store C,Clothing,6,68.76,412.54
2025-01-28,Store C,Groceries,7,10.11,70.79
2025-01-28,Store C,Home & Kitchen,1,83.61,83.61
2025-01-28,Store C,Beauty,1,55.73,55.73
2025-01-29,Store A,Electronics,9,324.24,2918.18
2025-01-29,Store A,Clothing,8,31.99,255.91
2025-01-29,Store A,Groceries,5,18.84,94.21
2025-01-29,Store A,Home & Kitchen,5,32.66,163.3
2025-01-29,Store A,Beauty,6,22.82,136.92
2025-01-29,Store B,Electronics,2,95.28,190.57
2025-01-29,Store B,Clothing,8,60.18,481.44
2025-01-29,Store B,Groceries,11,12.33,135.63
2025-01-29,Store B,Home & Kitchen,4,87.42,349.66
2025-01-29,Store B,Beauty,3,7.81,23.42
2025-01-29,Store C,Electronics,4,149.07,596.26
2025-01-29,Store C,Clothing,4,52.53,210.1
2025-01-29,Store C,Groceries,7,14.23,99.64
2025-01-29,Store C,Home & Kitchen,2,50.11,100.23
2025-01-29,Store C,Beauty,1,52.17,52.17
2025-01-30,Store A,Electronics,5,55.06,275.32
2025-01-30,Store A,Clothing,5,50.0,249.99
2025-01-30,Store A,Groceries,8,16.21,129.66
2025-01-30,Store A,Home & Kitchen,3,15.61,46.84
2025-01-30,Store A,Beauty,2,48.07,96.14
2025-01-30,Store B,Electronics,5,376.76,1883.8
2025-01-30,Store B,Clothing,2,22.78,45.56
2025-01-30,Store B,Groceries,8,14.82,118.55
2025-01-30,Store B,Home & Kitchen,6,70.42,422.54
2025-01-30,Store B,Beauty,2,50.11,100.22
2025-01-30,Store C,Electronics,7,344.31,2410.18
2025-01-30,Store C,Clothing,3,78.28,234.84
2025-01-30,Store C,Groceries,3,21.75,65.24
2025-01-30,Store C,Home & Kitchen,3,52.89,158.68
2025-01-31,Store A,Electronics,15,330.48,4957.16
2025-01-31,Store A,Clothing,5,43.69,218.46
2025-01-31,Store A,Groceries,12,2.86,34.26
2025-01-31,Store A,Home & Kitchen,1,10.13,10.13
2025-01-31,Store A,Beauty,5,58.8,294.01
2025-01-31,Store B,Electronics,10,193.38,1933.78
2025-01-31,Store B,Clothing,6,22.91,137.46
2025-01-31,Store B,Groceries,5,24.8,124.01
2025-01-31,Store B,Home & Kitchen,7,108.65,760.53
2025-01-31,Store B,Beauty,2,12.43,24.86
2025-01-31,Store C,Electronics,6,78.17,469.01
2025-01-31,Store C,Clothing,3,18.34,55.02
2025-01-31,Store C,Groceries,9,13.99,125.9
2025-01-31,Store C,Home & Kitchen,6,65.34,392.06
2025-01-31,Store C,Beauty,4,20.91,83.62
2025-02-01,Store A,Electronics,13,204.34,2656.44
2025-02-01,Store A,Clothing,6,17.7,106.18
2025-02-01,Store A,Groceries,10,7.36,73.58
2025-02-01,Store A,Home & Kitchen,5,118.56,592.78
2025-02-01,Store A,Beauty,3,25.81,77.43
2025-02-01,Store B,Electronics,6,241.79,1450.76
2025-02-01,Store B,Clothing,3,53.52,160.56
2025-02-01,Store B,Groceries,9,5.75,51.78
2025-02-01,Store B,Home & Kitchen,6,75.27,451.6
2025-02-01,Store B,Beauty,5,23.02,115.08
2025-02-01,Store C,Electronics,5,58.65,293.23
2025-02-01,Store C,Clothing,5,26.03,130.14
2025-02-01,Store C,Groceries,10,17.42,174.19
2025-02-01,Store C,Beauty,6,33.57,201.43
2025-02-02,Store A,Electronics,11,313.66,3450.28
2025-02-02,Store A,Clothing,5,28.86,144.28
2025-02-02,Store A,Groceries,12,13.76,165.12
2025-02-02,Store A,Home & Kitchen,4,19.42,77.69
2025-02-02,Store A,Beauty,3,24.88,74.63
2025-02-02,Store B,Electronics,7,331.72,2322.01
2025-02-02,Store B,Clothing,6,41.16,246.94
2025-02-02,Store B,Groceries,5,9.8,49.01
2025-02-02,Store B,Home & Kitchen,1,36.66,36.66
2025-02-02,Store B,Beauty,3,45.94,137.82
2025-02-02,Store C,Electronics,2,227.29,454.58
2025-02-02,Store C,Clothing,5,33.59,167.94
2025-02-02,Store C,Groceries,9,24.84,223.55
2025-02-02,Store C,Home & Kitchen,7,18.03,126.18
2025-02-02,Store C,Beauty,2,56.87,113.73
2025-02-03,Store A,Electronics,7,116.49,815.46
2025-02-03,Store A,Clothing,2,41.4,82.81
2025-02-03,Store A,Groceries,8,5.47,43.76
2025-02-03,Store A,Home & Kitchen,3,94.61,283.83
2025-02-03,Store A,Beauty,5,32.96,164.81
2025-02-03,Store B,Electronics,3,210.19,630.57
2025-02-03,Store B,Clothing,5,51.34,256.71
2025-02-03,Store B,Groceries,8,6.32,50.53
2025-02-03,Store B,Home & Kitchen,3,84.4,253.19
2025-02-03,Store B,Beauty,7,31.59,221.12
2025-02-03,Store C,Electronics,2,62.26,124.51
2025-02-03,Store C,Clothing,2,26.71,53.42
2025-02-03,Store C,Groceries,9,17.98,161.79
2025-02-03,Store C,Home & Kitchen,3,119.64,358.93
2025-02-03,Store C,Beauty,1,13.33,13.33
2025-02-04,Store A,Electronics,8,69.26,554.11
2025-02-04,Store A,Clothing,6,45.02,270.1
2025-02-04,Store A,Groceries,9,14.59,131.27
2025-02-04,Store A,Home & Kitchen,5,91.57,457.84
2025-02-04,Store B,Electronics,9,396.21,3565.9
2025-02-04,Store B,Clothing,5,15.76,78.8
2025-02-04,Store B,Groceries,6,15.77,94.62
2025-02-04,Store B,Home & Kitchen,7,10.82,75.73
2025-02-04,Store B,Beauty,1,40.68,40.68
2025-02-04,Store C,Electronics,5,210.73,1053.67
2025-02-04,Store C,Clothing,4,42.96,171.84
2025-02-04,Store C,Groceries,4,5.65,22.59
2025-02-04,Store C,Home & Kitchen,3,65.78,197.33
2025-02-04,Store C,Beauty,4,51.55,206.21
2025-02-05,Store A,Electronics,9,78.05,702.47
2025-02-05,Store A,Clothing,5,40.21,201.06
2025-02-05,Store A,Groceries,10,10.36,103.56
2025-02-05,Store A,Home & Kitchen,6,110.92,665.54
2025-02-05,Store A,Beauty,1,12.91,12.91
2025-02-05,Store B,Electronics,7,126.68,886.79
2025-02-05,Store B,Clothing,8,50.49,403.91
2025-02-05,Store B,Groceries,7,4.48,31.33
2025-02-05,Store B,Home & Kitchen,5,74.45,372.23
2025-02-05,Store B,Beauty,2,45.15,90.3
2025-02-05,Store C,Electronics,4,336.29,1345.16
2025-02-05,Store C,Clothing,3,75.56,226.69
2025-02-05,Store C,Groceries,8,22.92,183.4
2025-02-05,Store C,Home & Kitchen,3,12.14,36.43
2025-02-05,Store C,Beauty,6,37.29,223.76
2025-02-06,Store A,Electronics,3,235.99,707.98
2025-02-06,Store A,Clothing,2,79.15,158.31
2025-02-06,Store A,Groceries,7,8.44,59.05
2025-02-06,Store A,Home & Kitchen,3,39.04,117.11
2025-02-06,Store A,Beauty,5,55.22,276.08
2025-02-06,Store B,Electronics,5,339.53,1697.63
2025-02-06,Store B,Clothing,1,63.83,63.83
2025-02-06,Store B,Groceries,8,15.3,122.4
2025-02-06,Store B,Home & Kitchen,7,27.46,192.21
2025-02-06,Store B,Beauty,4,51.15,204.62
2025-02-06,Store C,Electronics,4,114.33,457.31
2025-02-06,Store C,Clothing,4,28.28,113.12
2025-02-06,Store C,Groceries,9,11.36,102.22
2025-02-06,Store C,Home & Kitchen,2,64.07,128.13
2025-02-06,Store C,Beauty,1,46.56,46.56
2025-02-07,Store A,Electronics,10,289.88,2898.84
2025-02-07,Store A,Clothing,3,54.53,163.58
2025-02-07,Store A,Groceries,10,18.73,187.31
2025-02-07,Store A,Home & Kitchen,4,63.68,254.71
2025-02-07,Store A,Beauty,1,52.63,52.63
2025-02-07,Store B,Electronics,9,316.95,2852.51
2025-02-07,Store B,Clothing,3,71.38,214.14
2025-02-07,Store B,Groceries,6,21.82,130.92
2025-02-07,Store B,Home & Kitchen,4,77.73,310.9
2025-02-07,Store B,Beauty,3,58.4,175.2
2025-02-07,Store C,Electronics,6,218.8,1312.8
2025-02-07,Store C,Clothing,6,26.61,159.68
2025-02-07,Store C,Groceries,1,4.03,4.03
2025-02-07,Store C,Home & Kitchen,2,44.11,88.22
2025-02-07,Store C,Beauty,3,56.58,169.75
2025-02-08,Store A,Electronics,7,319.17,2234.18
2025-02-08,Store A,Clothing,9,34.55,310.92
2025-02-08,Store A,Groceries,8,13.27,106.14
2025-02-08,Store A,Home & Kitchen,4,68.92,275.68
2025-02-08,Store A,Beauty,3,13.22,39.65
2025-02-08,Store B,Electronics,15,164.17,2462.49
2025-02-08,Store B,Clothing,7,77.7,543.91
2025-02-08,Store B,Groceries,8,24.09,192.71
2025-02-08,Store B,Home & Kitchen,9,12.2,109.81
2025-02-08,Store B,Beauty,5,40.97,204.84
2025-02-08,Store C,Electronics,4,384.74,1538.96
2025-02-08,Store C,Clothing,3,56.17,168.51
2025-02-08,Store C,Groceries,14,5.22,73.13
2025-02-08,Store C,Home & Kitchen,6,70.22,421.3
2025-02-08,Store C,Beauty,9,25.24,227.2
2025-02-09,Store A,Electronics,10,50.58,505.76
2025-02-09,Store A,Clothing,7,16.16,113.13
2025-02-09,Store A,Groceries,15,16.71,250.63
2025-02-09,Store A,Home & Kitchen,4,110.08,440.31
2025-02-09,Store A,Beauty,8,31.53,252.25
2025-02-09,Store B,Electronics,7,391.44,2740.06
2025-02-09,Store B,Clothing,11,19.77,217.43
2025-02-09,Store B,Groceries,15,9.94,149.12
2025-02-09,Store B,Home & Kitchen,9,49.68,447.12
2025-02-09,Store B,Beauty,2,5.28,10.55
2025-02-09,Store C,Electronics,6,192.27,1153.63
2025-02-09,Store C,Clothing,11,59.18,650.98
2025-02-09,Store C,Groceries,6,8.3,49.79
2025-02-09,Store C,Home & Kitchen,4,20.56,82.22
2025-02-09,Store C,Beauty,5,34.23,171.14
2025-02-10,Store A,Electronics,8,77.49,619.96
2025-02-10,Store A,Clothing,5,79.12,395.62
2025-02-10,Store A,Groceries,12,17.32,207.83
2025-02-10,Store A,Beauty,6,24.2,145.22
2025-02-10,Store B,Electronics,4,157.4,629.6
2025-02-10,Store B,Clothing,11,47.79,525.69
2025-02-10,Store B,Groceries,11,11.88,130.67
2025-02-10,Store B,Home & Kitchen,3,82.51,247.52
2025-02-10,Store B,Beauty,4,12.3,49.2
2025-02-10,Store C,Electronics,5,109.08,545.42
2025-02-10,Store C,Clothing,1,52.75,52.75
2025-02-10,Store C,Groceries,5,12.57,62.87
2025-02-10,Store C,Home & Kitchen,2,71.16,142.32
2025-02-10,Store C,Beauty,1,27.43,27.43
2025-02-11,Store A,Electronics,10,51.26,512.58
2025-02-11,Store A,Clothing,8,40.01,320.05
2025-02-11,Store A,Groceries,17,14.51,246.61
2025-02-11,Store A,Home & Kitchen,7,80.27,561.87
2025-02-11,Store A,Beauty,4,33.19,132.74
2025-02-11,Store B,Electronics,9,164.06,1476.5
2025-02-11,Store B,Clothing,4,78.35,313.42
2025-02-11,Store B,Groceries,3,12.33,37.0
2025-02-11,Store B,Home & Kitchen,5,106.94,534.72
2025-02-11,Store B,Beauty,4,22.37,89.46
2025-02-11,Store C,Electronics,1,254.0,254.0
2025-02-11,Store C,Clothing,7,44.38,310.68
2025-02-11,Store C,Groceries,6,24.4,146.38
2025-02-11,Store C,Home & Kitchen,5,72.88,364.39
2025-02-11,Store C,Beauty,3,43.15,129.44
2025-02-12,Store A,Electronics,5,245.96,1229.82
2025-02-12,Store A,Clothing,4,49.14,196.56
2025-02-12,Store A,Groceries,7,20.49,143.4
2025-02-12,Store A,Home & Kitchen,3,79.34,238.01
2025-02-12,Store A,Beauty,1,59.27,59.27
2025-02-12,Store B,Electronics,11,358.99,3948.88
2025-02-12,Store B,Clothing,4,74.79,299.15
2025-02-12,Store B,Groceries,5,14.76,73.78
2025-02-12,Store B,Home & Kitchen,5,92.22,461.1
2025-02-12,Store B,Beauty,2,21.79,43.59
2025-02-12,Store C,Electronics,5,372.62,1863.1
2025-02-12,Store C,Clothing,6,30.46,182.73
2025-02-12,Store C,Groceries,9,4.6,41.37
2025-02-12,Store C,Home & Kitchen,7,83.34,583.35
2025-02-12,Store C,Beauty,1,46.48,46.48
2025-02-13,Store A,Electronics,9,379.34,3414.1
2025-02-13,Store A,Clothing,7,79.76,558.32
2025-02-13,Store A,Groceries,12,6.22,74.61
2025-02-13,Store A,Home & Kitchen,9,55.69,501.17
2025-02-13,Store A,Beauty,4,37.4,149.6
2025-02-13,Store B,Electronics,12,66.58,798.91
2025-02-13,Store B,Clothing,3,55.63,166.89
2025-02-13,Store B,Groceries,10,16.31,163.09
2025-02-13,Store B,Home & Kitchen,6,42.65,255.9
2025-02-13,Store B,Beauty,4,44.72,178.89
2025-02-13,Store C,Electronics,5,88.48,442.39
2025-02-13,Store C,Clothing,4,23.54,94.16
2025-02-13,Store C,Groceries,9,23.82,214.38
2025-02-13,Store C,Home & Kitchen,2,19.47,38.95
2025-02-13,Store C,Beauty,7,10.52,73.66
2025-02-14,Store A,Electronics,11,363.06,3993.64
2025-02-14,Store A,Clothing,7,32.72,229.02
2025-02-14,Store A,Groceries,17,10.48,178.14
2025-02-14,Store A,Home & Kitchen,5,102.22,511.08
2025-02-14,Store A,Beauty,2,37.7,75.41
2025-02-14,Store B,Electronics,9,292.39,2631.49
2025-02-14,Store B,Clothing,5,76.63,383.15
2025-02-14,Store B,Groceries,4,22.28,89.14
2025-02-14,Store B,Home & Kitchen,4,99.37,397.47
2025-02-14,Store B,Beauty,7,40.44,283.1
2025-02-14,Store C,Electronics,12,50.61,607.29
2025-02-14,Store C,Clothing,6,27.82,166.94
2025-02-14,Store C,Groceries,7,22.3,156.1
2025-02-14,Store C,Home & Kitchen,1,44.3,44.3
2025-02-14,Store C,Beauty,2,25.28,50.56
2025-02-15,Store A,Electronics,14,239.28,3349.91
2025-02-15,Store A,Clothing,5,34.02,170.1
2025-02-15,Store A,Groceries,9,24.59,221.28
2025-02-15,Store A,Home & Kitchen,11,106.64,1173.05
2025-02-15,Store A,Beauty,8,18.17,145.36
2025-02-15,Store B,Electronics,9,189.16,1702.48
2025-02-15,Store B,Clothing,4,21.33,85.33
2025-02-15,Store B,Groceries,14,13.11,183.52
2025-02-15,Store B,Home & Kitchen,4,38.9,155.59
2025-02-15,Store B,Beauty,5,27.25,136.23
2025-02-15,Store C,Electronics,12,299.0,3588.04
2025-02-15,Store C,Clothing,10,68.24,682.41
2025-02-15,Store C,Groceries,7,16.39,114.73
2025-02-15,Store C,Home & Kitchen,3,89.32,267.97
2025-02-15,Store C,Beauty,3,26.18,78.55
2025-02-16,Store A,Electronics,16,271.95,4351.24
2025-02-16,Store A,Clothing,7,49.9,349.3
2025-02-16,Store A,Groceries,10,18.48,184.78
2025-02-16,Store A,Home & Kitchen,4,84.78,339.13
2025-02-16,Store A,Beauty,7,54.72,383.01
2025-02-16,Store B,Electronics,3,356.23,1068.68
2025-02-16,Store B,Clothing,8,44.85,358.82
2025-02-16,Store B,Groceries,11,23.41,257.49
2025-02-16,Store B,Home & Kitchen,1,27.47,27.47
2025-02-16,Store B,Beauty,5,12.36,61.82
2025-02-16,Store C,Electronics,5,398.48,1992.42
2025-02-16,Store C,Clothing,4,55.25,220.99
2025-02-16,Store C,Groceries,17,24.91,423.43
2025-02-16,Store C,Home & Kitchen,5,117.83,589.14
2025-02-16,Store C,Beauty,1,22.04,22.04
2025-02-17,Store A,Electronics,6,398.72,2392.29
2025-02-17,Store A,Clothing,5,16.61,83.06
2025-02-17,Store A,Groceries,13,11.97,155.67
2025-02-17,Store A,Home & Kitchen,7,74.22,519.51
2025-02-17,Store A,Beauty,1,19.78,19.78
2025-02-17,Store B,Electronics,4,324.98,1299.91
2025-02-17,Store B,Clothing,7,62.63,438.39
2025-02-17,Store B,Groceries,7,3.93,27.52
2025-02-17,Store B,Home & Kitchen,6,13.56,81.39
2025-02-17,Store B,Beauty,1,35.97,35.97
2025-02-17,Store C,Electronics,3,85.44,256.31
2025-02-17,Store C,Clothing,3,35.3,105.9
2025-02-17,Store C,Groceries,7,6.02,42.11
2025-02-17,Store C,Home & Kitchen,3,108.99,326.98
2025-02-18,Store A,Electronics,9,341.0,3069.04
2025-02-18,Store A,Clothing,10,61.02,610.21
2025-02-18,Store A,Groceries,9,13.23,119.11
2025-02-18,Store A,Home & Kitchen,8,83.6,668.83
2025-02-18,Store A,Beauty,2,32.84,65.68
2025-02-18,Store B,Electronics,2,164.08,328.15
2025-02-18,Store B,Clothing,3,20.39,61.16
2025-02-18,Store B,Groceries,4,18.52,74.09
2025-02-18,Store B,Home & Kitchen,6,73.27,439.62
2025-02-18,Store B,Beauty,5,23.86,119.31
2025-02-18,Store C,Electronics,3,69.83,209.49
2025-02-18,Store C,Clothing,4,43.56,174.25
2025-02-18,Store C,Groceries,10,17.22,172.17
2025-02-18,Store C,Home & Kitchen,7,41.51,290.57
2025-02-18,Store C,Beauty,4,52.93,211.71
2025-02-19,Store A,Electronics,4,261.02,1044.09
2025-02-19,Store A,Clothing,8,42.18,337.47
2025-02-19,Store A,Groceries,12,5.16,61.93
2025-02-19,Store A,Home & Kitchen,8,13.82,110.54
2025-02-19,Store A,Beauty,4,53.65,214.59
2025-02-19,Store B,Electronics,7,316.81,2217.67
2025-02-19,Store B,Clothing,4,79.71,318.83
2025-02-19,Store B,Groceries,5,17.95,89.77
2025-02-19,Store B,Home & Kitchen,7,48.15,337.06
2025-02-19,Store B,Beauty,2,33.83,67.66
2025-02-19,Store C,Electronics,1,353.36,353.36
2025-02-19,Store C,Clothing,2,19.8,39.61
2025-02-19,Store C,Groceries,5,19.76,98.82
2025-02-19,Store C,Home & Kitchen,5,58.62,293.11
2025-02-19,Store C,Beauty,4,23.43,93.74
2025-02-20,Store A,Electronics,14,240.07,3361.02
2025-02-20,Store A,Clothing,5,40.32,201.58
2025-02-20,Store A,Groceries,9,11.24,101.15
2025-02-20,Store A,Home & Kitchen,9,55.52,499.68
2025-02-20,Store A,Beauty,7,35.83,250.83
2025-02-20,Store B,Electronics,10,58.26,582.59
2025-02-20,Store B,Clothing,7,61.82,432.72
2025-02-20,Store B,Groceries,5,3.18,15.9
2025-02-20,Store B,Home & Kitchen,5,105.29,526.43
2025-02-20,Store B,Beauty,7,20.88,146.16
2025-02-20,Store C,Electronics,5,186.72,933.62
2025-02-20,Store C,Clothing,8,70.33,562.61
2025-02-20,Store C,Groceries,9,24.29,218.61
2025-02-20,Store C,Home & Kitchen,5,107.53,537.65
2025-02-20,Store C,Beauty,3,18.03,54.1
2025-02-21,Store A,Electronics,9,342.69,3084.2
2025-02-21,Store A,Clothing,5,20.59,102.93
2025-02-21,Store A,Groceries,17,17.57,298.74
2025-02-21,Store A,Home & Kitchen,4,113.87,455.5
2025-02-21,Store A,Beauty,6,33.42,200.52
2025-02-21,Store B,Electronics,6,393.12,2358.74
2025-02-21,Store B,Clothing,2,68.54,137.08
2025-02-21,Store B,Groceries,8,16.37,130.95
2025-02-21,Store B,Home & Kitchen,5,108.24,541.22
2025-02-21,Store B,Beauty,1,46.63,46.63
2025-02-21,Store C,Electronics,9,294.19,2647.71
2025-02-21,Store C,Clothing,5,54.95,274.73
2025-02-21,Store C,Groceries,8,2.12,16.94
2025-02-21,Store C,Home & Kitchen,2,66.0,131.99
2025-02-21,Store C,Beauty,4,47.2,188.79
2025-02-22,Store A,Electronics,13,84.54,1098.98
2025-02-22,Store A,Clothing,8,45.04,360.31
2025-02-22,Store A,Groceries,16,21.79,348.66
2025-02-22,Store A,Home & Kitchen,4,69.42,277.67
2025-02-22,Store A,Beauty,4,58.86,235.46
2025-02-22,Store B,Electronics,5,135.13,675.64
2025-02-22,Store B,Clothing,9,24.4,219.61
2025-02-22,Store B,Groceries,20,14.59,291.8
2025-02-22,Store B,Home & Kitchen,5,38.13,190.66
2025-02-22,Store B,Beauty,7,11.31,79.17
2025-02-22,Store C,Electronics,8,171.75,1373.97
2025-02-22,Store C,Clothing,6,43.08,258.5
2025-02-22,Store C,Groceries,5,23.55,117.75
2025-02-22,Store C,Home & Kitchen,7,109.42,765.93
2025-02-22,Store C,Beauty,3,22.76,68.28
2025-02-23,Store A,Electronics,5,178.02,890.12
2025-02-23,Store A,Clothing,12,79.26,951.07
2025-02-23,Store A,Groceries,15,8.32,124.77
2025-02-23,Store A,Home & Kitchen,8,75.2,601.6
2025-02-23,Store A,Beauty,5,44.61,223.06
2025-02-23,Store B,Electronics,10,241.91,2419.09
2025-02-23,Store B,Clothing,9,74.47,670.25
2025-02-23,Store B,Groceries,11,19.91,218.96
2025-02-23,Store B,Home & Kitchen,8,60.25,482.0
2025-02-23,Store B,Beauty,2,58.79,117.59
2025-02-23,Store C,Electronics,7,137.21,960.47
2025-02-23,Store C,Clothing,4,60.1,240.38
2025-02-23,Store C,Groceries,9,7.26,65.34
2025-02-23,Store C,Home & Kitchen,2,43.65,87.3
2025-02-23,Store C,Beauty,2,17.12,34.25
2025-02-24,Store A,Electronics,5,169.54,847.72
2025-02-24,Store A,Clothing,9,43.69,393.19
2025-02-24,Store A,Groceries,14,13.19,184.7
2025-02-24,Store A,Home & Kitchen,4,78.3,313.2
2025-02-24,Store A,Beauty,2,21.54,43.08
2025-02-24,Store B,Electronics,6,141.29,847.76
2025-02-24,Store B,Clothing,3,32.73,98.2
2025-02-24,Store B,Groceries,11,10.23,112.52
2025-02-24,Store B,Home & Kitchen,2,60.23,120.46
2025-02-24,Store C,Electronics,4,294.7,1178.8
2025-02-24,Store C,Clothing,4,68.39,273.56
2025-02-24,Store C,Groceries,7,8.91,62.39
2025-02-24,Store C,Home & Kitchen,4,49.71,198.86
2025-02-24,Store C,Beauty,3,29.55,88.64
2025-02-25,Store A,Electronics,11,135.1,1486.09
2025-02-25,Store A,Clothing,2,24.21,48.43
2025-02-25,Store A,Groceries,4,12.39,49.54
2025-02-25,Store A,Home & Kitchen,7,109.41,765.88
2025-02-25,Store A,Beauty,2,43.8,87.6
2025-02-25,Store B,Electronics,4,154.81,619.25
2025-02-25,Store B,Clothing,6,25.18,151.1
2025-02-25,Store B,Groceries,11,11.01,121.13
2025-02-25,Store B,Home & Kitchen,7,38.32,268.26
2025-02-25,Store B,Beauty,4,28.18,112.7
2025-02-25,Store C,Electronics,4,65.95,263.79
2025-02-25,Store C,Clothing,3,55.3,165.89
2025-02-25,Store C,Groceries,7,11.22,78.53
2025-02-25,Store C,Home & Kitchen,7,49.07,343.49
2025-02-25,Store C,Beauty,5,23.63,118.17
2025-02-26,Store A,Electronics,8,117.27,938.13
2025-02-26,Store A,Clothing,9,66.14,595.23
2025-02-26,Store A,Groceries,13,13.8,179.46
2025-02-26,Store A,Home & Kitchen,8,51.55,412.41
2025-02-26,Store A,Beauty,5,25.42,127.1
2025-02-26,Store B,Electronics,5,83.91,419.57
2025-02-26,Store B,Clothing,4,78.09,312.37
2025-02-26,Store B,Groceries,15,21.34,320.17
2025-02-26,Store B,Home & Kitchen,4,66.28,265.13
2025-02-26,Store B,Beauty,5,10.69,53.45
2025-02-26,Store C,Electronics,7,190.45,1333.13
2025-02-26,Store C,Clothing,4,30.97,123.88
2025-02-26,Store C,Groceries,7,6.64,46.51
2025-02-26,Store C,Home & Kitchen,6,60.4,362.41
2025-02-26,Store C,Beauty,5,39.71,198.56
2025-02-27,Store A,Electronics,11,122.25,1344.71
2025-02-27,Store A,Clothing,9,69.68,627.11
2025-02-27,Store A,Groceries,16,9.82,157.11
2025-02-27,Store A,Home & Kitchen,7,38.16,267.09
2025-02-27,Store A,Beauty,3,59.64,178.91
2025-02-27,Store B,Electronics,4,100.6,402.41
2025-02-27,Store B,Clothing,7,61.4,429.77
2025-02-27,Store B,Groceries,14,18.53,259.39
2025-02-27,Store B,Home & Kitchen,7,34.05,238.36
2025-02-27,Store B,Beauty,1,17.87,17.87
2025-02-27,Store C,Electronics,8,191.33,1530.61
2025-02-27,Store C,Clothing,7,77.83,544.78
2025-02-27,Store C,Groceries,4,24.71,98.82
2025-02-27,Store C,Home & Kitchen,8,91.18,729.42
2025-02-27,Store C,Beauty,2,41.68,83.37
2025-02-28,Store A,Electronics,7,59.64,417.48
2025-02-28,Store A,Clothing,7,25.51,178.54
2025-02-28,Store A,Groceries,12,23.86,286.28
2025-02-28,Store A,Home & Kitchen,2,46.54,93.07
2025-02-28,Store A,Beauty,5,28.08,140.39
2025-02-28,Store B,Electronics,7,96.35,674.48
2025-02-28,Store B,Clothing,11,73.83,812.15
2025-02-28,Store B,Groceries,7,23.82,166.76
2025-02-28,Store B,Home & Kitchen,7,90.68,634.76
2025-02-28,Store B,Beauty,3,14.37,43.11
2025-02-28,Store C,Electronics,8,99.07,792.56
2025-02-28,Store C,Clothing,4,38.18,152.73
2025-02-28,Store C,Groceries,14,15.98,223.79
2025-02-28,Store C,Home & Kitchen,4,42.44,169.76
2025-02-28,Store C,Beauty,4,49.73,198.92
2025-03-01,Store A,Electronics,18,279.48,5030.63
2025-03-01,Store A,Clothing,13,66.5,864.53
2025-03-01,Store A,Groceries,13,22.9,297.64
2025-03-01,Store A,Home & Kitchen,6,97.98,587.88
2025-03-01,Store A,Beauty,8,34.27,274.13
2025-03-01,Store B,Electronics,9,142.88,1285.93
2025-03-01,Store B,Clothing,4,72.3,289.18
2025-03-01,Store B,Groceries,15,11.94,179.08
2025-03-01,Store B,Home & Kitchen,2,58.13,116.25
2025-03-01,Store B,Beauty,4,10.82,43.27
2025-03-01,Store C,Electronics,12,182.58,2190.95
2025-03-01,Store C,Clothing,4,15.48,61.91
2025-03-01,Store C,Groceries,5,15.9,79.51
2025-03-01,Store C,Home & Kitchen,7,13.89,97.24
2025-03-01,Store C,Beauty,4,40.48,161.92
2025-03-02,Store A,Electronics,10,68.87,688.67
2025-03-02,Store A,Clothing,10,23.28,232.76
2025-03-02,Store A,Groceries,16,3.73,59.69
2025-03-02,Store A,Home & Kitchen,9,45.2,406.8
2025-03-02,Store A,Beauty,4,57.74,230.98
2025-03-02,Store B,Electronics,9,83.34,750.03
2025-03-02,Store B,Clothing,5,40.88,204.41
2025-03-02,Store B,Groceries,10,20.26,202.65
2025-03-02,Store B,Home & Kitchen,6,30.56,183.36
2025-03-02,Store B,Beauty,8,46.3,370.4
2025-03-02,Store C,Electronics,10,173.8,1737.97
2025-03-02,Store C,Clothing,6,43.42,260.54
2025-03-02,Store C,Groceries,11,5.89,64.74
2025-03-02,Store C,Home & Kitchen,8,92.22,737.77
2025-03-02,Store C,Beauty,5,36.7,183.48
2025-03-03,Store A,Electronics,11,115.6,1271.55
2025-03-03,Store A,Clothing,10,67.92,679.23
2025-03-03,Store A,Groceries,8,10.67,85.35
2025-03-03,Store A,Home & Kitchen,5,42.22,211.12
2025-03-03,Store A,Beauty,13,39.89,518.54
2025-03-03,Store B,Electronics,9,293.99,2645.87
2025-03-03,Store B,Clothing,5,43.81,219.05
2025-03-03,Store B,Groceries,10,21.03,210.3
2025-03-03,Store B,Home & Kitchen,6,82.79,496.73
2025-03-03,Store B,Beauty,5,52.89,264.45
2025-03-03,Store C,Electronics,8,301.64,2413.15
2025-03-03,Store C,Clothing,4,43.36,173.43
2025-03-03,Store C,Groceries,13,6.93,90.06
2025-03-03,Store C,Home & Kitchen,8,53.13,425.04
2025-03-03,Store C,Beauty,4,57.01,228.04
2025-03-04,Store A,Electronics,8,182.4,1459.2
2025-03-04,Store A,Clothing,10,68.82,688.19
2025-03-04,Store A,Groceries,9,22.09,198.77
2025-03-04,Store A,Home & Kitchen,6,56.8,340.82
2025-03-04,Store A,Beauty,4,33.62,134.48
2025-03-04,Store B,Electronics,7,172.98,1210.86
2025-03-04,Store B,Clothing,6,55.17,331.01
2025-03-04,Store B,Groceries,14,18.42,257.88
2025-03-04,Store B,Home & Kitchen,4,117.2,468.79
2025-03-04,Store B,Beauty,2,39.43,78.87
2025-03-04,Store C,Electronics,10,158.11,1581.08
2025-03-04,Store C,Clothing,10,45.68,456.76
2025-03-04,Store C,Groceries,8,23.24,185.96
2025-03-04,Store C,Home & Kitchen,6,15.24,91.44
2025-03-04,Store C,Beauty,2,56.23,112.47
2025-03-05,Store A,Electronics,10,202.7,2026.96
2025-03-05,Store A,Clothing,5,32.0,159.98
2025-03-05,Store A,Groceries,16,22.88,366.03
2025-03-05,Store A,Home & Kitchen,3,37.38,112.13
2025-03-05,Store A,Beauty,3,11.27,33.8
2025-03-05,Store B,Electronics,11,233.86,2572.43
2025-03-05,Store B,Clothing,7,37.82,264.72
2025-03-05,Store B,Groceries,12,21.89,262.67
2025-03-05,Store B,Home & Kitchen,3,93.44,280.32
2025-03-05,Store B,Beauty,10,28.1,280.97
2025-03-05,Store C,Electronics,8,346.18,2769.42
2025-03-05,Store C,Clothing,2,23.77,47.53
2025-03-05,Store C,Groceries,7,2.26,15.8
2025-03-05,Store C,Home & Kitchen,4,85.29,341.15
2025-03-05,Store C,Beauty,4,49.9,199.6
2025-03-06,Store A,Electronics,11,247.17,2718.89
2025-03-06,Store A,Clothing,8,76.47,611.72
2025-03-06,Store A,Groceries,15,21.93,329.0
2025-03-06,Store A,Home & Kitchen,10,53.24,532.39
2025-03-06,Store A,Beauty,3,32.75,98.25
2025-03-06,Store B,Electronics,5,161.51,807.57
2025-03-06,Store B,Clothing,9,29.87,268.87
2025-03-06,Store B,Groceries,7,7.35,51.46
2025-03-06,Store B,Home & Kitchen,9,74.45,670.09
2025-03-06,Store B,Beauty,4,56.12,224.5
2025-03-06,Store C,Electronics,8,139.35,1114.83
2025-03-06,Store C,Clothing,4,72.91,291.65
2025-03-06,Store C,Groceries,8,21.54,172.35
2025-03-06,Store C,Home & Kitchen,2,78.93,157.85
2025-03-06,Store C,Beauty,5,15.94,79.69
2025-03-07,Store A,Electronics,5,208.42,1042.08
2025-03-07,Store A,Clothing,9,23.1,207.93
2025-03-07,Store A,Groceries,9,13.9,125.11
2025-03-07,Store A,Home & Kitchen,10,60.52,605.18
2025-03-07,Store A,Beauty,6,54.26,325.59
2025-03-07,Store B,Electronics,13,271.17,3525.24
2025-03-07,Store B,Clothing,5,58.16,290.82
2025-03-07,Store B,Groceries,7,24.04,168.3
2025-03-07,Store B,Home & Kitchen,8,98.81,790.48
2025-03-07,Store B,Beauty,7,8.07,56.47
2025-03-07,Store C,Electronics,8,395.11,3160.87
2025-03-07,Store C,Clothing,6,16.91,101.49
2025-03-07,Store C,Groceries,8,21.67,173.39
2025-03-07,Store C,Home & Kitchen,7,118.12,826.83
2025-03-07,Store C,Beauty,5,47.35,236.75
2025-03-08,Store A,Electronics,11,115.72,1272.93
2025-03-08,Store A,Clothing,11,59.7,656.69
2025-03-08,Store A,Groceries,18,8.61,154.97
2025-03-08,Store A,Home & Kitchen,8,42.2,337.63
2025-03-08,Store A,Beauty,7,14.82,103.75
2025-03-08,Store B,Electronics,8,93.48,747.83
2025-03-08,Store B,Clothing,11,75.97,835.66
2025-03-08,Store B,Groceries,14,20.05,280.75
2025-03-08,Store B,Home & Kitchen,3,37.21,111.64
2025-03-08,Store B,Beauty,10,11.92,119.19
2025-03-08,Store C,Electronics,9,207.46,1867.12
2025-03-08,Store C,Clothing,9,64.37,579.32
2025-03-08,Store C,Groceries,13,8.6,111.8
2025-03-08,Store C,Home & Kitchen,5,79.25,396.26
2025-03-08,Store C,Beauty,1,13.67,13.67
2025-03-09,Store A,Electronics,11,214.56,2360.18
2025-03-09,Store A,Clothing,13,63.61,826.89
2025-03-09,Store A,Groceries,16,22.02,352.36
2025-03-09,Store A,Home & Kitchen,4,49.52,198.1
2025-03-09,Store A,Beauty,12,33.37,400.43
2025-03-09,Store B,Electronics,12,297.14,3565.69
2025-03-09,Store B,Clothing,8,28.08,224.61
2025-03-09,Store B,Groceries,12,15.25,182.97
2025-03-09,Store B,Home & Kitchen,9,112.49,1012.44
2025-03-09,Store B,Beauty,10,15.46,154.56
2025-03-09,Store C,Electronics,9,394.77,3552.93
2025-03-09,Store C,Clothing,6,55.72,334.33
2025-03-09,Store C,Groceries,11,13.87,152.54
2025-03-09,Store C,Home & Kitchen,1,57.26,57.26
2025-03-09,Store C,Beauty,2,17.79,35.58
2025-03-10,Store A,Electronics,7,382.69,2678.85
2025-03-10,Store A,Clothing,10,27.1,271.01
2025-03-10,Store A,Groceries,8,3.93,31.41
2025-03-10,Store A,Home & Kitchen,8,26.15,209.22
2025-03-10,Store A,Beauty,3,37.77,113.32
2025-03-10,Store B,Electronics,11,193.65,2130.1
2025-03-10,Store B,Clothing,4,69.38,277.52
2025-03-10,Store B,Groceries,15,14.98,224.67
2025-03-10,Store B,Home & Kitchen,6,59.55,357.29
2025-03-10,Store B,Beauty,2,58.57,117.14
2025-03-10,Store C,Electronics,4,210.85,843.39
2025-03-10,Store C,Clothing,3,29.12,87.36
2025-03-10,Store C,Groceries,9,21.25,191.23
2025-03-10,Store C,Home & Kitchen,3,86.24,258.71
2025-03-10,Store C,Beauty,6,48.94,293.62
2025-03-11,Store A,Electronics,9,263.67,2373.06
2025-03-11,Store A,Clothing,9,59.4,534.63
2025-03-11,Store A,Groceries,17,12.37,210.27
2025-03-11,Store A,Home & Kitchen,9,67.22,605.02
2025-03-11,Store A,Beauty,6,54.46,326.75
2025-03-11,Store B,Electronics,5,162.08,810.42
2025-03-11,Store B,Clothing,7,59.14,414.01
2025-03-11,Store B,Groceries,12,9.39,112.68
2025-03-11,Store B,Home & Kitchen,3,100.31,300.92
2025-03-11,Store B,Beauty,3,7.32,21.95
2025-03-11,Store C,Electronics,7,221.31,1549.16
2025-03-11,Store C,Clothing,9,33.58,302.19
2025-03-11,Store C,Groceries,11,13.96,153.54
2025-03-11,Store C,Home & Kitchen,4,88.73,354.93
2025-03-11,Store C,Beauty,3,54.46,163.38
2025-03-12,Store A,Electronics,10,122.83,1228.28
2025-03-12,Store A,Clothing,12,75.56,906.77
2025-03-12,Store A,Groceries,13,10.27,133.51
2025-03-12,Store A,Home & Kitchen,6,49.07,294.44
2025-03-12,Store A,Beauty,9,16.51,148.56
2025-03-12,Store B,Electronics,6,301.7,1810.2
2025-03-12,Store B,Clothing,3,44.24,132.73
2025-03-12,Store B,Groceries,8,10.76,86.08
2025-03-12,Store B,Home & Kitchen,7,75.05,525.36
2025-03-12,Store B,Beauty,4,53.49,213.95
2025-03-12,Store C,Electronics,4,343.52,1374.09
2025-03-12,Store C,Clothing,5,65.76,328.78
2025-03-12,Store C,Groceries,12,6.86,82.38
2025-03-12,Store C,Home & Kitchen,10,111.29,1112.92
2025-03-12,Store C,Beauty,4,13.99,55.95
2025-03-13,Store A,Electronics,8,325.78,2606.26
2025-03-13,Store A,Clothing,9,77.42,696.76
2025-03-13,Store A,Groceries,10,2.9,28.95
2025-03-13,Store A,Home & Kitchen,6,65.27,391.63
2025-03-13,Store A,Beauty,7,29.09,203.63
2025-03-13,Store B,Electronics,9,356.74,3210.67
2025-03-13,Store B,Clothing,6,55.71,334.24
2025-03-13,Store B,Groceries,10,9.46,94.61
2025-03-13,Store B,Home & Kitchen,8,72.17,577.37
2025-03-13,Store B,Beauty,3,35.76,107.27
2025-03-13,Store C,Electronics,8,352.33,2818.64
2025-03-13,Store C,Clothing,1,20.81,20.81
2025-03-13,Store C,Groceries,10,8.59,85.89
2025-03-13,Store C,Home & Kitchen,5,81.72,408.61
2025-03-13,Store C,Beauty,5,38.21,191.04
2025-03-14,Store A,Electronics,11,122.88,1351.66
2025-03-14,Store A,Clothing,8,40.67,325.38
2025-03-14,Store A,Groceries,15,4.77,71.61
2025-03-14,Store A,Home & Kitchen,6,83.26,499.54
2025-03-14,Store A,Beauty,5,47.7,238.5
2025-03-14,Store B,Electronics,5,86.8,433.99
2025-03-14,Store B,Clothing,10,16.02,160.16
2025-03-14,Store B,Groceries,11,13.14,144.49
2025-03-14,Store B,Home & Kitchen,3,107.02,321.07
2025-03-14,Store B,Beauty,3,43.36,130.09
2025-03-14,Store C,Electronics,4,252.5,1009.99
2025-03-14,Store C,Clothing,5,61.87,309.34
2025-03-14,Store C,Groceries,7,6.14,42.95
2025-03-14,Store C,Home & Kitchen,5,71.44,357.2
2025-03-14,Store C,Beauty,4,8.21,32.85
2025-03-15,Store A,Electronics,14,148.93,2085.04
2025-03-15,Store A,Clothing,11,51.52,566.72
2025-03-15,Store A,Groceries,13,5.19,67.53
2025-03-15,Store A,Home & Kitchen,13,85.87,1116.28
2025-03-15,Store A,Beauty,10,13.49,134.9
2025-03-15,Store B,Electronics,8,376.21,3009.65
2025-03-15,Store B,Clothing,10,57.16,571.62
2025-03-15,Store B,Groceries,10,21.56,215.61
2025-03-15,Store B,Home & Kitchen,15,113.76,1706.43
2025-03-15,Store B,Beauty,6,34.47,206.84
2025-03-15,Store C,Electronics,8,187.91,1503.31
2025-03-15,Store C,Clothing,6,59.62,357.75
2025-03-15,Store C,Groceries,5,7.93,39.65
2025-03-15,Store C,Home & Kitchen,8,73.75,590.01
2025-03-16,Store A,Electronics,10,330.07,3300.72
2025-03-16,Store A,Clothing,11,59.46,654.04
2025-03-16,Store A,Groceries,23,11.93,274.41
2025-03-16,Store A,Home & Kitchen,12,30.85,370.2
2025-03-16,Store A,Beauty,2,16.85,33.7
2025-03-16,Store B,Electronics,17,223.25,3795.28
2025-03-16,Store B,Clothing,9,40.04,360.35
2025-03-16,Store B,Groceries,12,8.34,100.08
2025-03-16,Store B,Home & Kitchen,7,26.09,182.61
2025-03-16,Store B,Beauty,11,48.01,528.06
2025-03-16,Store C,Electronics,11,365.85,4024.37
2025-03-16,Store C,Clothing,8,72.58,580.65
2025-03-16,Store C,Groceries,8,15.49,123.92
2025-03-16,Store C,Home & Kitchen,5,107.58,537.9
2025-03-16,Store C,Beauty,2,26.46,52.92
2025-03-17,Store A,Electronics,9,325.93,2933.33
2025-03-17,Store A,Clothing,4,41.67,166.69
2025-03-17,Store A,Groceries,16,23.71,379.38
2025-03-17,Store A,Home & Kitchen,3,14.6,43.81
2025-03-17,Store A,Beauty,3,21.78,65.35
2025-03-17,Store B,Electronics,4,341.0,1364.01
2025-03-17,Store B,Clothing,4,17.54,70.15
2025-03-17,Store B,Groceries,13,14.82,192.72
2025-03-17,Store B,Home & Kitchen,4,92.38,369.51
2025-03-17,Store B,Beauty,4,45.43,181.74
2025-03-17,Store C,Electronics,7,92.62,648.35
2025-03-17,Store C,Clothing,5,28.08,140.42
2025-03-17,Store C,Groceries,6,7.24,43.41
2025-03-17,Store C,Home & Kitchen,8,79.79,638.35
2025-03-17,Store C,Beauty,6,39.15,234.88
2025-03-18,Store A,Electronics,11,51.4,565.44
2025-03-18,Store A,Clothing,8,18.59,148.7
2025-03-18,Store A,Groceries,12,21.21,254.57
2025-03-18,Store A,Home & Kitchen,12,118.98,1427.77
2025-03-18,Store A,Beauty,8,14.76,118.12
2025-03-18,Store B,Electronics,5,157.93,789.67
2025-03-18,Store B,Clothing,7,35.98,251.85
2025-03-18,Store B,Groceries,12,19.11,229.28
2025-03-18,Store B,Home & Kitchen,8,79.51,636.11
2025-03-18,Store B,Beauty,5,38.41,192.05
2025-03-18,Store C,Electronics,8,312.74,2501.88
2025-03-18,Store C,Clothing,9,23.37,210.32
2025-03-18,Store C,Groceries,12,11.26,135.13
2025-03-18,Store C,Home & Kitchen,1,50.99,50.99
2025-03-18,Store C,Beauty,5,58.56,292.82
2025-03-19,Store A,Electronics,10,157.08,1570.83
2025-03-19,Store A,Clothing,9,47.67,429.07
2025-03-19,Store A,Groceries,9,24.25,218.21
2025-03-19,Store A,Home & Kitchen,5,89.76,448.78
2025-03-19,Store A,Beauty,6,24.69,148.16
2025-03-19,Store B,Electronics,9,389.73,3507.55
2025-03-19,Store B,Clothing,8,67.21,537.7
2025-03-19,Store B,Groceries,8,7.85,62.8
2025-03-19,Store B,Home & Kitchen,7,18.12,126.82
2025-03-19,Store B,Beauty,3,9.1,27.29
2025-03-19,Store C,Electronics,4,78.67,314.67
2025-03-19,Store C,Clothing,7,70.44,493.05
2025-03-19,Store C,Groceries,13,14.21,184.78
2025-03-19,Store C,Home & Kitchen,2,98.46,196.93
2025-03-19,Store C,Beauty,4,16.81,67.24
2025-03-20,Store A,Electronics,11,351.81,3869.88
2025-03-20,Store A,Clothing,9,19.35,174.12
2025-03-20,Store A,Groceries,16,3.92,62.71
2025-03-20,Store A,Home & Kitchen,7,88.78,621.43
2025-03-20,Store A,Beauty,5,26.73,133.63
2025-03-20,Store B,Electronics,6,307.96,1847.73
2025-03-20,Store B,Clothing,6,70.2,421.21
2025-03-20,Store B,Groceries,9,20.02,180.21
2025-03-20,Store B,Home & Kitchen,2,70.29,140.59
2025-03-20,Store B,Beauty,2,51.41,102.82
2025-03-20,Store C,Electronics,7,109.91,769.37
2025-03-20,Store C,Clothing,7,60.14,420.98
2025-03-20,Store C,Groceries,8,7.03,56.21
2025-03-20,Store C,Home & Kitchen,5,118.52,592.59
2025-03-20,Store C,Beauty,1,32.18,32.18
2025-03-21,Store A,Electronics,14,147.17,2060.32
2025-03-21,Store A,Clothing,7,52.86,370.03
2025-03-21,Store A,Groceries,16,4.83,77.35
2025-03-21,Store A,Home & Kitchen,13,73.46,954.92
2025-03-21,Store A,Beauty,7,20.46,143.19
2025-03-21,Store B,Electronics,10,160.43,1604.32
2025-03-21,Store B,Clothing,8,48.47,387.78
2025-03-21,Store B,Groceries,8,2.4,19.19
2025-03-21,Store B,Home & Kitchen,9,51.08,459.69
2025-03-21,Store B,Beauty,6,48.81,292.83
2025-03-21,Store C,Electronics,4,82.85,331.41
2025-03-21,Store C,Clothing,6,70.97,425.8
2025-03-21,Store C,Groceries,7,9.78,68.46
2025-03-21,Store C,Home & Kitchen,4,83.24,332.94
2025-03-21,Store C,Beauty,4,56.54,226.15
2025-03-22,Store A,Electronics,9,255.04,2295.35
2025-03-22,Store A,Clothing,12,67.75,813.03
2025-03-22,Store A,Groceries,13,2.67,34.72
2025-03-22,Store A,Home & Kitchen,8,74.4,595.16
2025-03-22,Store A,Beauty,9,44.3,398.68
2025-03-22,Store B,Electronics,8,68.73,549.85
2025-03-22,Store B,Clothing,10,27.76,277.58
2025-03-22,Store B,Groceries,16,6.69,107.12
2025-03-22,Store B,Home & Kitchen,6,94.85,569.13
2025-03-22,Store B,Beauty,6,46.41,278.45
2025-03-22,Store C,Electronics,12,399.59,4795.12
2025-03-22,Store C,Clothing,10,34.05,340.5
2025-03-22,Store C,Groceries,10,23.58,235.83
2025-03-22,Store C,Home & Kitchen,7,75.52,528.64
2025-03-22,Store C,Beauty,5,17.28,86.39
2025-03-23,Store A,Electronics,10,129.46,1294.57
2025-03-23,Store A,Clothing,9,28.73,258.56
2025-03-23,Store A,Groceries,21,20.31,426.43
2025-03-23,Store A,Home & Kitchen,8,113.1,904.78
2025-03-23,Store A,Beauty,8,54.99,439.93
2025-03-23,Store B,Electronics,20,288.28,5765.69
2025-03-23,Store B,Clothing,10,50.76,507.65
2025-03-23,Store B,Groceries,17,2.41,40.99
2025-03-23,Store B,Home & Kitchen,10,28.7,286.96
2025-03-23,Store B,Beauty,3,43.49,130.46
2025-03-23,Store C,Electronics,11,62.17,683.86
2025-03-23,Store C,Clothing,8,19.72,157.76
2025-03-23,Store C,Groceries,12,15.09,181.13
2025-03-23,Store C,Home & Kitchen,6,64.91,389.49
2025-03-23,Store C,Beauty,6,18.52,111.09
2025-03-24,Store A,Electronics,14,373.12,5223.68
2025-03-24,Store A,Clothing,10,44.34,443.35
2025-03-24,Store A,Groceries,12,4.43,53.15
2025-03-24,Store A,Home & Kitchen,16,65.86,1053.72
2025-03-24,Store A,Beauty,3,56.06,168.17
2025-03-24,Store B,Electronics,11,303.73,3341.01
2025-03-24,Store B,Clothing,4,53.83,215.31
2025-03-24,Store B,Groceries,14,10.64,149.0
2025-03-24,Store B,Home & Kitchen,3,111.34,334.01
2025-03-24,Store B,Beauty,4,35.55,142.2
2025-03-24,Store C,Electronics,7,158.65,1110.55
2025-03-24,Store C,Clothing,4,39.23,156.94
2025-03-24,Store C,Groceries,8,24.1,192.82
2025-03-24,Store C,Home & Kitchen,5,116.35,581.75
2025-03-24,Store C,Beauty,4,42.59,170.35
2025-03-25,Store A,Electronics,13,155.85,2026.09
2025-03-25,Store A,Clothing,6,73.41,440.47
2025-03-25,Store A,Groceries,18,8.74,157.24
2025-03-25,Store A,Home & Kitchen,3,63.18,189.54
2025-03-25,Store A,Beauty,9,47.45,427.01
2025-03-25,Store B,Electronics,9,311.57,2804.12
2025-03-25,Store B,Clothing,8,79.9,639.19
2025-03-25,Store B,Groceries,17,2.97,50.56
2025-03-25,Store B,Home & Kitchen,15,116.28,1744.26
2025-03-25,Store B,Beauty,6,20.73,124.39
2025-03-25,Store C,Electronics,6,86.68,520.06
2025-03-25,Store C,Clothing,2,15.59,31.17
2025-03-25,Store C,Groceries,6,9.65,57.87
2025-03-25,Store C,Home & Kitchen,3,70.32,210.97
2025-03-25,Store C,Beauty,5,29.27,146.35
2025-03-26,Store A,Electronics,12,344.05,4128.63
2025-03-26,Store A,Clothing,7,46.09,322.6
2025-03-26,Store A,Groceries,12,5.92,71.06
2025-03-26,Store A,Home & Kitchen,10,69.13,691.28
2025-03-26,Store A,Beauty,6,21.76,130.58
2025-03-26,Store B,Electronics,5,97.25,486.25
2025-03-26,Store B,Clothing,8,36.29,290.35
2025-03-26,Store B,Groceries,11,2.52,27.72
2025-03-26,Store B,Home & Kitchen,5,41.82,209.12
2025-03-26,Store B,Beauty,3,39.51,118.53
2025-03-26,Store C,Electronics,5,127.18,635.92
2025-03-26,Store C,Clothing,3,19.18,57.55
2025-03-26,Store C,Groceries,11,19.86,218.46
2025-03-26,Store C,Home & Kitchen,5,52.85,264.23
2025-03-27,Store A,Electronics,9,132.56,1193.03
2025-03-27,Store A,Clothing,10,69.86,698.64
2025-03-27,Store A,Groceries,13,5.49,71.41
2025-03-27,Store A,Home & Kitchen,8,40.8,326.41
2025-03-27,Store A,Beauty,5,51.9,259.51
2025-03-27,Store B,Electronics,11,272.55,2998.06
2025-03-27,Store B,Clothing,6,50.26,301.56
2025-03-27,Store B,Groceries,10,22.56,225.62
2025-03-27,Store B,Home & Kitchen,7,103.87,727.07
2025-03-27,Store B,Beauty,2,14.65,29.3
2025-03-27,Store C,Electronics,7,329.97,2309.77
2025-03-27,Store C,Clothing,8,69.31,554.51
2025-03-27,Store C,Groceries,8,5.21,41.68
2025-03-27,Store C,Home & Kitchen,3,81.99,245.98
2025-03-27,Store C,Beauty,6,45.27,271.63
2025-03-28,Store A,Electronics,10,248.22,2482.17
2025-03-28,Store A,Clothing,10,44.23,442.32
2025-03-28,Store A,Groceries,17,9.86,167.6
2025-03-28,Store A,Home & Kitchen,12,61.32,735.79
2025-03-28,Store A,Beauty,12,44.38,532.61
2025-03-28,Store B,Electronics,10,214.36,2143.57
2025-03-28,Store B,Clothing,2,45.58,91.15
2025-03-28,Store B,Groceries,13,6.8,88.37
2025-03-28,Store B,Home & Kitchen,4,77.66,310.62
2025-03-28,Store B,Beauty,2,48.25,96.5
2025-03-28,Store C,Electronics,9,178.47,1606.23
2025-03-28,Store C,Clothing,6,45.24,271.45
2025-03-28,Store C,Groceries,10,23.99,239.9
2025-03-28,Store C,Home & Kitchen,8,42.61,340.89
2025-03-28,Store C,Beauty,4,22.64,90.58
2025-03-29,Store A,Electronics,18,373.05,6714.94
2025-03-29,Store A,Clothing,9,15.04,135.33
2025-03-29,Store A,Groceries,15,5.8,86.95
2025-03-29,Store A,Home & Kitchen,13,69.44,902.77
2025-03-29,Store A,Beauty,13,29.78,387.17
2025-03-29,Store B,Electronics,10,250.76,2507.61
2025-03-29,Store B,Clothing,10,46.63,466.31
2025-03-29,Store B,Groceries,16,7.15,114.37
2025-03-29,Store B,Home & Kitchen,5,113.51,567.55
2025-03-29,Store B,Beauty,5,21.0,104.98
2025-03-29,Store C,Electronics,15,89.21,1338.17
2025-03-29,Store C,Clothing,10,69.39,693.94
2025-03-29,Store C,Groceries,13,15.4,200.2
2025-03-29,Store C,Home & Kitchen,7,23.55,164.87
2025-03-29,Store C,Beauty,6,39.65,237.89
2025-03-30,Store A,Electronics,18,226.97,4085.47
2025-03-30,Store A,Clothing,12,28.53,342.37
2025-03-30,Store A,Groceries,17,15.93,270.78
2025-03-30,Store A,Home & Kitchen,10,112.87,1128.68
2025-03-30,Store A,Beauty,3,54.03,162.1
2025-03-30,Store B,Electronics,15,214.01,3210.15
2025-03-30,Store B,Clothing,12,41.78,501.4
2025-03-30,Store B,Groceries,12,9.85,118.24
2025-03-30,Store B,Home & Kitchen,11,108.67,1195.35
2025-03-30,Store B,Beauty,3,17.03,51.09
2025-03-30,Store C,Electronics,11,69.58,765.43
2025-03-30,Store C,Clothing,5,21.66,108.28
2025-03-30,Store C,Groceries,10,6.45,64.46
2025-03-30,Store C,Home & Kitchen,9,12.55,112.99
2025-03-30,Store C,Beauty,1,13.81,13.81
2025-03-31,Store A,Electronics,10,364.11,3641.14
2025-03-31,Store A,Clothing,8,23.49,187.89
2025-03-31,Store A,Groceries,20,19.77,395.43
2025-03-31,Store A,Home & Kitchen,9,12.2,109.81
2025-03-31,Store A,Beauty,5,14.56,72.8
2025-03-31,Store B,Electronics,12,361.6,4339.23
2025-03-31,Store B,Clothing,6,50.94,305.62
2025-03-31,Store B,Groceries,10,2.89,28.95
2025-03-31,Store B,Home & Kitchen,4,99.44,397.76
2025-03-31,Store B,Beauty,8,17.83,142.63
2025-03-31,Store C,Electronics,7,341.21,2388.45
2025-03-31,Store C,Clothing,5,21.62,108.11
2025-03-31,Store C,Groceries,8,3.48,27.84
2025-03-31,Store C,Home & Kitchen,4,13.72,54.86
2025-03-31,Store C,Beauty,5,41.59,207.94
2025-04-01,Store A,Electronics,5,221.23,1106.15
2025-04-01,Store A,Clothing,8,18.27,146.14
2025-04-01,Store A,Groceries,11,20.85,229.3
2025-04-01,Store A,Home & Kitchen,8,61.72,493.74
2025-04-01,Store A,Beauty,6,27.52,165.12
2025-04-01,Store B,Electronics,8,116.27,930.12
2025-04-01,Store B,Clothing,10,26.81,268.07
2025-04-01,Store B,Groceries,11,12.64,139.04
2025-04-01,Store B,Home & Kitchen,6,77.59,465.53
2025-04-01,Store B,Beauty,8,54.57,436.54
2025-04-01,Store C,Electronics,5,192.45,962.23
2025-04-01,Store C,Clothing,6,43.75,262.51
2025-04-01,Store C,Groceries,8,17.78,142.23
2025-04-01,Store C,Home & Kitchen,7,96.13,672.93
2025-04-01,Store C,Beauty,4,6.33,25.3
2025-04-02,Store A,Electronics,13,209.46,2723.0
2025-04-02,Store A,Clothing,12,66.39,796.72
2025-04-02,Store A,Groceries,17,19.06,323.99
2025-04-02,Store A,Home & Kitchen,5,110.31,551.55
2025-04-02,Store A,Beauty,7,34.81,243.67
2025-04-02,Store B,Electronics,7,398.13,2786.89
2025-04-02,Store B,Clothing,9,47.5,427.52
2025-04-02,Store B,Groceries,13,23.42,304.5
2025-04-02,Store B,Home & Kitchen,8,17.17,137.36
2025-04-02,Store B,Beauty,6,39.5,236.97
2025-04-02,Store C,Electronics,5,112.62,563.12
2025-04-02,Store C,Clothing,10,71.62,716.17
2025-04-02,Store C,Groceries,9,15.96,143.67
2025-04-02,Store C,Home & Kitchen,6,100.34,602.06
2025-04-02,Store C,Beauty,1,34.37,34.37
2025-04-03,Store A,Electronics,16,51.26,820.18
2025-04-03,Store A,Clothing,11,41.98,461.82
2025-04-03,Store A,Groceries,11,5.03,55.35
2025-04-03,Store A,Home & Kitchen,6,103.31,619.84
2025-04-03,Store A,Beauty,7,16.67,116.7
2025-04-03,Store B,Electronics,11,287.18,3159.0
2025-04-03,Store B,Clothing,1,25.87,25.87
2025-04-03,Store B,Groceries,8,10.63,85.06
2025-04-03,Store B,Home & Kitchen,3,82.35,247.05
2025-04-03,Store B,Beauty,10,17.06,170.56
2025-04-03,Store C,Electronics,1,150.36,150.36
2025-04-03,Store C,Clothing,3,22.32,66.97
2025-04-03,Store C,Groceries,8,10.82,86.57
2025-04-03,Store C,Home & Kitchen,2,51.95,103.9
2025-04-03,Store C,Beauty,3,51.45,154.35
2025-04-04,Store A,Electronics,16,295.06,4720.96
2025-04-04,Store A,Clothing,7,15.65,109.54
2025-04-04,Store A,Groceries,15,5.84,87.59
2025-04-04,Store A,Home & Kitchen,6,69.59,417.54
2025-04-04,Store A,Beauty,10,23.74,237.44
2025-04-04,Store B,Electronics,14,166.56,2331.81
2025-04-04,Store B,Clothing,9,73.32,659.84
2025-04-04,Store B,Groceries,9,17.96,161.62
2025-04-04,Store B,Home & Kitchen,3,57.27,171.8
2025-04-04,Store B,Beauty,7,36.79,257.53
2025-04-04,Store C,Electronics,5,379.35,1896.73
2025-04-04,Store C,Clothing,2,51.17,102.34
2025-04-04,Store C,Groceries,7,14.32,100.26
2025-04-04,Store C,Home & Kitchen,1,35.36,35.36
2025-04-04,Store C,Beauty,3,13.11,39.33
2025-04-05,Store A,Electronics,17,240.02,4080.35
2025-04-05,Store A,Clothing,4,46.77,187.09
2025-04-05,Store A,Groceries,15,9.26,138.87
2025-04-05,Store A,Home & Kitchen,13,107.23,1393.97
2025-04-05,Store A,Beauty,6,28.49,170.96
2025-04-05,Store B,Electronics,9,142.55,1282.93
2025-04-05,Store B,Clothing,14,16.34,228.7
2025-04-05,Store B,Groceries,12,24.95,299.43
2025-04-05,Store B,Home & Kitchen,14,19.28,269.88
2025-04-05,Store B,Beauty,9,43.52,391.69
2025-04-05,Store C,Electronics,6,312.26,1873.55
2025-04-05,Store C,Clothing,5,48.39,241.95
2025-04-05,Store C,Groceries,9,17.37,156.31
2025-04-05,Store C,Home & Kitchen,12,31.03,372.4
2025-04-05,Store C,Beauty,6,6.01,36.06
2025-04-06,Store A,Electronics,19,354.15,6728.87
2025-04-06,Store A,Clothing,12,79.51,954.07
2025-04-06,Store A,Groceries,17,21.72,369.32
2025-04-06,Store A,Home & Kitchen,25,78.73,1968.16
2025-04-06,Store A,Beauty,6,51.93,311.56
2025-04-06,Store B,Electronics,15,286.75,4301.27
2025-04-06,Store B,Clothing,11,46.52,511.75
2025-04-06,Store B,Groceries,17,11.01,187.21
2025-04-06,Store B,Home & Kitchen,12,32.01,384.11
2025-04-06,Store B,Beauty,4,8.18,32.73
2025-04-06,Store C,Electronics,8,104.35,834.81
2025-04-06,Store C,Clothing,14,58.47,818.63
2025-04-06,Store C,Groceries,11,18.93,208.18
2025-04-06,Store C,Home & Kitchen,12,18.8,225.57
2025-04-06,Store C,Beauty,9,10.31,92.81
2025-04-07,Store A,Electronics,18,393.63,7085.34
2025-04-07,Store A,Clothing,5,74.01,370.06
2025-04-07,Store A,Groceries,12,9.82,117.89
2025-04-07,Store A,Home & Kitchen,8,69.27,554.16
2025-04-07,Store A,Beauty,7,44.92,314.46
2025-04-07,Store B,Electronics,10,329.65,3296.54
2025-04-07,Store B,Clothing,7,37.26,260.82
2025-04-07,Store B,Groceries,8,14.15,113.22
2025-04-07,Store B,Home & Kitchen,6,17.41,104.44
2025-04-07,Store B,Beauty,3,51.17,153.5
2025-04-07,Store C,Electronics,5,101.42,507.12
2025-04-07,Store C,Clothing,7,72.39,506.73
2025-04-07,Store C,Groceries,12,2.18,26.13
2025-04-07,Store C,Home & Kitchen,4,23.68,94.73
2025-04-07,Store C,Beauty,9,42.67,384.05
2025-04-08,Store A,Electronics,5,382.54,1912.68
2025-04-08,Store A,Clothing,10,17.93,179.33
2025-04-08,Store A,Groceries,9,6.72,60.49
2025-04-08,Store A,Home & Kitchen,6,47.56,285.37
2025-04-08,Store A,Beauty,5,31.71,158.55
2025-04-08,Store B,Electronics,8,236.0,1888.03
2025-04-08,Store B,Clothing,5,38.8,194.0
2025-04-08,Store B,Groceries,12,18.15,217.81
2025-04-08,Store B,Home & Kitchen,11,87.21,959.36
2025-04-08,Store B,Beauty,8,55.3,442.4
2025-04-08,Store C,Electronics,8,298.19,2385.51
2025-04-08,Store C,Clothing,8,75.74,605.95
2025-04-08,Store C,Groceries,14,20.72,290.02
2025-04-08,Store C,Home & Kitchen,5,22.07,110.37
2025-04-08,Store C,Beauty,7,39.67,277.66
2025-04-09,Store A,Electronics,6,54.96,329.78
2025-04-09,Store A,Clothing,7,40.29,282.05
2025-04-09,Store A,Groceries,8,24.09,192.72
2025-04-09,Store A,Home & Kitchen,6,33.74,202.43
2025-04-09,Store A,Beauty,7,58.85,411.97
2025-04-09,Store B,Electronics,10,366.59,3665.91
2025-04-09,Store B,Clothing,3,58.7,176.1
2025-04-09,Store B,Groceries,11,18.89,207.75
2025-04-09,Store B,Home & Kitchen,6,15.48,92.86
2025-04-09,Store B,Beauty,4,29.75,119.0
2025-04-09,Store C,Electronics,9,214.38,1929.42
2025-04-09,Store C,Clothing,10,43.54,435.37
2025-04-09,Store C,Groceries,13,22.17,288.21
2025-04-09,Store C,Home & Kitchen,1,38.81,38.81
2025-04-09,Store C,Beauty,3,49.88,149.65
2025-04-10,Store A,Electronics,13,145.73,1894.51
2025-04-10,Store A,Clothing,4,33.72,134.89
2025-04-10,Store A,Groceries,15,21.76,326.34
2025-04-10,Store A,Home & Kitchen,11,43.64,479.99
2025-04-10,Store A,Beauty,8,45.1,360.78
2025-04-10,Store B,Electronics,9,198.65,1787.81
2025-04-10,Store B,Clothing,6,46.46,278.76
2025-04-10,Store B,Groceries,8,14.05,112.43
2025-04-10,Store B,Home & Kitchen,5,108.16,540.8
2025-04-10,Store B,Beauty,1,12.48,12.48
2025-04-10,Store C,Electronics,6,261.33,1567.98
2025-04-10,Store C,Clothing,5,74.07,370.33
2025-04-10,Store C,Groceries,14,15.95,223.27
2025-04-10,Store C,Home & Kitchen,6,20.31,121.88
2025-04-10,Store C,Beauty,2,56.0,111.99
2025-04-11,Store A,Electronics,13,154.72,2011.39
2025-04-11,Store A,Clothing,8,39.31,314.46
2025-04-11,Store A,Groceries,22,11.34,249.46
2025-04-11,Store A,Home & Kitchen,2,74.9,149.8
2025-04-11,Store A,Beauty,5,39.9,199.48
2025-04-11,Store B,Electronics,10,56.71,567.07
2025-04-11,Store B,Clothing,9,61.27,551.4
2025-04-11,Store B,Groceries,17,9.52,161.89
2025-04-11,Store B,Home & Kitchen,2,28.88,57.77
2025-04-11,Store B,Beauty,9,13.84,124.55
2025-04-11,Store C,Electronics,3,293.55,880.65
2025-04-11,Store C,Clothing,5,36.15,180.76
2025-04-11,Store C,Groceries,9,5.8,52.23
2025-04-11,Store C,Home & Kitchen,6,98.67,592.01
2025-04-11,Store C,Beauty,6,12.44,74.62
2025-04-12,Store A,Electronics,9,252.98,2276.83
2025-04-12,Store A,Clothing,10,60.81,608.1
2025-04-12,Store A,Groceries,29,7.84,227.35
2025-04-12,Store A,Home & Kitchen,19,22.88,434.65
2025-04-12,Store A,Beauty,10,19.08,190.83
2025-04-12,Store B,Electronics,11,244.21,2686.26
2025-04-12,Store B,Clothing,11,72.82,801.06
2025-04-12,Store B,Groceries,18,4.55,81.92
2025-04-12,Store B,Home & Kitchen,4,20.39,81.57
2025-04-12,Store B,Beauty,4,47.48,189.92
2025-04-12,Store C,Electronics,15,369.16,5537.46
2025-04-12,Store C,Clothing,5,26.29,131.45
2025-04-12,Store C,Groceries,15,24.21,363.1
2025-04-12,Store C,Home & Kitchen,8,91.63,733.04
2025-04-12,Store C,Beauty,2,54.09,108.17
2025-04-13,Store A,Electronics,12,361.15,4333.81
2025-04-13,Store A,Clothing,21,66.85,1403.85
2025-04-13,Store A,Groceries,22,11.74,258.19
2025-04-13,Store A,Home & Kitchen,10,87.26,872.6
2025-04-13,Store A,Beauty,9,54.11,486.97
2025-04-13,Store B,Electronics,11,202.26,2224.85
2025-04-13,Store B,Clothing,10,34.92,349.21
2025-04-13,Store B,Groceries,19,11.67,221.7
2025-04-13,Store B,Home & Kitchen,11,64.85,713.39
2025-04-13,Store B,Beauty,3,9.26,27.79
2025-04-13,Store C,Electronics,10,211.97,2119.72
2025-04-13,Store C,Clothing,12,62.99,755.94
2025-04-13,Store C,Groceries,11,23.41,257.46
2025-04-13,Store C,Home & Kitchen,7,110.95,776.62
2025-04-13,Store C,Beauty,4,28.37,113.46
2025-04-14,Store A,Electronics,15,176.97,2654.5
2025-04-14,Store A,Clothing,14,63.22,885.07
2025-04-14,Store A,Groceries,18,14.56,262.11
2025-04-14,Store A,Home & Kitchen,11,61.55,677.05
2025-04-14,Store A,Beauty,9,59.79,538.07
2025-04-14,Store B,Electronics,11,379.75,4177.22
2025-04-14,Store B,Clothing,8,57.47,459.76
2025-04-14,Store B,Groceries,9,21.57,194.15
2025-04-14,Store B,Home & Kitchen,9,110.92,998.26
2025-04-14,Store B,Beauty,6,33.04,198.27
2025-04-14,Store C,Electronics,7,155.16,1086.13
2025-04-14,Store C,Clothing,4,46.38,185.53
2025-04-14,Store C,Groceries,13,18.35,238.58
2025-04-14,Store C,Home & Kitchen,8,12.17,97.35
2025-04-14,Store C,Beauty,2,13.7,27.4
2025-04-15,Store A,Electronics,12,110.2,1322.44
2025-04-15,Store A,Clothing,7,48.38,338.65
2025-04-15,Store A,Groceries,16,2.81,45.02
2025-04-15,Store A,Home & Kitchen,8,106.59,852.73
2025-04-15,Store A,Beauty,7,21.12,147.82
2025-04-15,Store B,Electronics,4,152.62,610.49
2025-04-15,Store B,Clothing,7,40.71,285.0
2025-04-15,Store B,Groceries,12,12.18,146.14
2025-04-15,Store B,Home & Kitchen,4,94.5,377.98
2025-04-15,Store B,Beauty,4,8.81,35.24
2025-04-15,Store C,Electronics,8,347.46,2779.7
2025-04-15,Store C,Clothing,4,15.39,61.55
2025-04-15,Store C,Groceries,10,4.63,46.25
2025-04-15,Store C,Home & Kitchen,2,91.77,183.55
2025-04-15,Store C,Beauty,5,59.0,294.98
2025-04-16,Store A,Electronics,13,154.3,2005.89
2025-04-16,Store A,Clothing,8,29.01,232.06
2025-04-16,Store A,Groceries,18,11.11,199.93
2025-04-16,Store A,Home & Kitchen,11,68.49,753.35
2025-04-16,Store A,Beauty,6,28.28,169.66
2025-04-16,Store B,Electronics,6,266.7,1600.22
2025-04-16,Store B,Clothing,5,76.66,383.29
2025-04-16,Store B,Groceries,10,17.1,171.02
2025-04-16,Store B,Home & Kitchen,4,36.11,144.46
2025-04-16,Store B,Beauty,2,8.84,17.67
2025-04-16,Store C,Electronics,7,269.16,1884.15
2025-04-16,Store C,Clothing,4,71.55,286.18
2025-04-16,Store C,Groceries,9,13.41,120.66
2025-04-16,Store C,Home & Kitchen,3,112.28,336.84
2025-04-16,Store C,Beauty,2,32.46,64.92
2025-04-17,Store A,Electronics,15,186.3,2794.44
2025-04-17,Store A,Clothing,7,38.13,266.92
2025-04-17,Store A,Groceries,13,19.57,254.45
2025-04-17,Store A,Home & Kitchen,8,85.02,680.12
2025-04-17,Store A,Beauty,5,52.79,263.97
2025-04-17,Store B,Electronics,12,253.76,3045.09
2025-04-17,Store B,Clothing,12,22.88,274.59
2025-04-17,Store B,Groceries,9,13.59,122.28
2025-04-17,Store B,Home & Kitchen,7,77.89,545.2
2025-04-17,Store B,Beauty,5,31.14,155.71
2025-04-17,Store C,Electronics,12,61.8,741.57
2025-04-17,Store C,Clothing,2,57.72,115.44
2025-04-17,Store C,Groceries,13,6.21,80.75
2025-04-17,Store C,Home & Kitchen,5,101.34,506.71
2025-04-17,Store C,Beauty,7,11.63,81.43
2025-04-18,Store A,Electronics,13,54.04,702.49
2025-04-18,Store A,Clothing,5,52.3,261.52
2025-04-18,Store A,Groceries,12,20.3,243.63
2025-04-18,Store A,Home & Kitchen,11,36.95,406.49
2025-04-18,Store A,Beauty,9,39.65,356.86
2025-04-18,Store B,Electronics,8,212.77,1702.18
2025-04-18,Store B,Clothing,7,36.41,254.87
2025-04-18,Store B,Groceries,11,5.34,58.72
2025-04-18,Store B,Home & Kitchen,4,37.23,148.91
2025-04-18,Store B,Beauty,6,27.0,162.02
2025-04-18,Store C,Electronics,8,161.09,1288.69
2025-04-18,Store C,Clothing,5,40.81,204.03
2025-04-18,Store C,Groceries,11,24.88,273.65
2025-04-18,Store C,Home & Kitchen,6,78.02,468.1
2025-04-18,Store C,Beauty,2,49.43,98.86
2025-04-19,Store A,Electronics,15,77.21,1158.22
2025-04-19,Store A,Clothing,14,63.27,885.79
2025-04-19,Store A,Groceries,23,21.35,491.1
2025-04-19,Store A,Home & Kitchen,10,22.85,228.53
2025-04-19,Store A,Beauty,11,7.98,87.8
2025-04-19,Store B,Electronics,7,139.11,973.8
2025-04-19,Store B,Clothing,8,38.72,309.77
2025-04-19,Store B,Groceries,13,7.15,92.98
2025-04-19,Store B,Home & Kitchen,13,87.62,1139.06
2025-04-19,Store B,Beauty,12,6.19,74.31
2025-04-19,Store C,Electronics,10,281.35,2813.55
2025-04-19,Store C,Clothing,7,17.07,119.51
2025-04-19,Store C,Groceries,7,24.86,174.05
2025-04-19,Store C,Home & Kitchen,6,58.19,349.14
2025-04-19,Store C,Beauty,9,19.62,176.61
2025-04-20,Store A,Electronics,22,299.58,6590.74
2025-04-20,Store A,Clothing,9,39.49,355.44
2025-04-20,Store A,Groceries,22,24.72,543.84
2025-04-20,Store A,Home & Kitchen,9,83.32,749.92
2025-04-20,Store A,Beauty,8,11.14,89.1
2025-04-20,Store B,Electronics,9,284.11,2557.03
2025-04-20,Store B,Clothing,10,34.34,343.44
2025-04-20,Store B,Groceries,15,20.28,304.19
2025-04-20,Store B,Home & Kitchen,8,29.54,236.36
2025-04-20,Store B,Beauty,5,51.45,257.24
2025-04-20,Store C,Electronics,11,180.58,1986.33
2025-04-20,Store C,Clothing,14,41.48,580.75
2025-04-20,Store C,Groceries,8,16.33,130.66
2025-04-20,Store C,Home & Kitchen,9,74.19,667.67
2025-04-20,Store C,Beauty,2,21.83,43.65
2025-04-21,Store A,Electronics,13,354.41,4607.36
2025-04-21,Store A,Clothing,7,43.87,307.12
2025-04-21,Store A,Groceries,11,5.65,62.16
2025-04-21,Store A,Home & Kitchen,13,59.57,774.45
2025-04-21,Store A,Beauty,8,21.54,172.32
2025-04-21,Store B,Electronics,15,234.3,3514.52
2025-04-21,Store B,Clothing,7,71.51,500.54
2025-04-21,Store B,Groceries,23,23.73,545.84
2025-04-21,Store B,Home & Kitchen,11,74.25,816.75
2025-04-21,Store B,Beauty,8,56.83,454.65
2025-04-21,Store C,Electronics,6,142.22,853.34
2025-04-21,Store C,Clothing,6,37.64,225.87
2025-04-21,Store C,Groceries,5,8.17,40.83
2025-04-21,Store C,Home & Kitchen,7,11.53,80.71
2025-04-21,Store C,Beauty,3,50.54,151.63
2025-04-22,Store A,Electronics,17,59.65,1014.08
2025-04-22,Store A,Clothing,11,51.61,567.74
2025-04-22,Store A,Groceries,14,21.56,301.87
2025-04-22,Store A,Home & Kitchen,11,12.39,136.24
2025-04-22,Store A,Beauty,3,31.59,94.76
2025-04-22,Store B,Electronics,13,113.21,1471.68
2025-04-22,Store B,Clothing,5,53.15,265.73
2025-04-22,Store B,Groceries,13,6.6,85.84
2025-04-22,Store B,Home & Kitchen,9,69.89,629.02
2025-04-22,Store B,Beauty,5,58.61,293.07
2025-04-22,Store C,Electronics,9,303.4,2730.59
2025-04-22,Store C,Clothing,6,40.01,240.06
2025-04-22,Store C,Groceries,9,10.67,96.01
2025-04-22,Store C,Home & Kitchen,6,97.72,586.34
2025-04-22,Store C,Beauty,1,10.37,10.37
2025-04-23,Store A,Electronics,10,279.64,2796.38
2025-04-23,Store A,Clothing,15,22.46,336.86
2025-04-23,Store A,Groceries,18,6.31,113.51
2025-04-23,Store A,Home & Kitchen,7,44.02,308.13
2025-04-23,Store A,Beauty,3,36.35,109.05
2025-04-23,Store B,Electronics,5,312.89,1564.45
2025-04-23,Store B,Clothing,6,65.93,395.59
2025-04-23,Store B,Groceries,16,2.89,46.23
2025-04-23,Store B,Home & Kitchen,8,110.76,886.06
2025-04-23,Store B,Beauty,5,46.99,234.97
2025-04-23,Store C,Electronics,11,81.83,900.13
2025-04-23,Store C,Clothing,5,63.5,317.49
2025-04-23,Store C,Groceries,18,4.33,78.01
2025-04-23,Store C,Home & Kitchen,9,94.4,849.61
2025-04-23,Store C,Beauty,5,25.97,129.87
2025-04-24,Store A,Electronics,10,125.96,1259.61
2025-04-24,Store A,Clothing,12,52.57,630.87
2025-04-24,Store A,Groceries,21,15.2,319.18
2025-04-24,Store A,Home & Kitchen,11,22.62,248.77
2025-04-24,Store A,Beauty,13,57.79,751.33
2025-04-24,Store B,Electronics,15,64.49,967.35
2025-04-24,Store B,Clothing,7,78.52,549.63
2025-04-24,Store B,Groceries,15,13.93,209.0
2025-04-24,Store B,Home & Kitchen,5,24.92,124.6
2025-04-24,Store B,Beauty,6,44.67,268.02
2025-04-24,Store C,Electronics,7,396.92,2778.45
2025-04-24,Store C,Clothing,7,67.11,469.8
2025-04-24,Store C,Groceries,8,20.17,161.34
2025-04-24,Store C,Home & Kitchen,2,23.72,47.44
2025-04-24,Store C,Beauty,3,9.21,27.64
2025-04-25,Store A,Electronics,17,204.03,3468.53
2025-04-25,Store A,Clothing,15,53.97,809.55
2025-04-25,Store A,Groceries,12,16.3,195.55
2025-04-25,Store A,Home & Kitchen,7,116.86,818.02
2025-04-25,Store A,Beauty,6,21.96,131.76
2025-04-25,Store B,Electronics,12,360.48,4325.79
2025-04-25,Store B,Clothing,9,64.53,580.79
2025-04-25,Store B,Groceries,7,20.97,146.81
2025-04-25,Store B,Home & Kitchen,8,15.52,124.2
2025-04-25,Store B,Beauty,6,13.87,83.22
2025-04-25,Store C,Electronics,9,172.31,1550.78
2025-04-25,Store C,Clothing,4,39.23,156.92
2025-04-25,Store C,Groceries,5,14.39,71.94
2025-04-25,Store C,Home & Kitchen,7,89.41,625.89
2025-04-25,Store C,Beauty,7,14.4,100.82
2025-04-26,Store A,Electronics,13,358.22,4656.82
2025-04-26,Store A,Clothing,11,30.72,337.95
2025-04-26,Store A,Groceries,19,14.47,274.94
2025-04-26,Store A,Home & Kitchen,16,96.28,1540.48
2025-04-26,Store A,Beauty,10,18.97,189.73
2025-04-26,Store B,Electronics,13,154.25,2005.2
2025-04-26,Store B,Clothing,13,51.73,672.52
2025-04-26,Store B,Groceries,14,8.49,118.84
2025-04-26,Store B,Home & Kitchen,6,65.62,393.73
2025-04-26,Store B,Beauty,5,28.94,144.68
2025-04-26,Store C,Electronics,13,212.96,2768.49
2025-04-26,Store C,Clothing,8,37.71,301.65
2025-04-26,Store C,Groceries,18,6.95,125.14
2025-04-26,Store C,Home & Kitchen,16,52.4,838.34
2025-04-26,Store C,Beauty,7,21.29,149.05
2025-04-27,Store A,Electronics,15,392.14,5882.05
2025-04-27,Store A,Clothing,10,45.63,456.32
2025-04-27,Store A,Groceries,16,17.38,278.16
2025-04-27,Store A,Home & Kitchen,10,75.04,750.36
2025-04-27,Store A,Beauty,12,27.14,325.74
2025-04-27,Store B,Electronics,21,378.96,7958.24
2025-04-27,Store B,Clothing,13,16.62,216.1
2025-04-27,Store B,Groceries,19,22.65,430.41
2025-04-27,Store B,Home & Kitchen,6,63.06,378.34
2025-04-27,Store B,Beauty,10,53.3,532.96
2025-04-27,Store C,Electronics,16,340.82,5453.09
2025-04-27,Store C,Clothing,4,74.42,297.7
2025-04-27,Store C,Groceries,19,8.09,153.66
2025-04-27,Store C,Home & Kitchen,12,52.52,630.2
2025-04-27,Store C,Beauty,6,23.44,140.64
2025-04-28,Store A,Electronics,11,378.55,4164.05
2025-04-28,Store A,Clothing,15,33.77,506.53
2025-04-28,Store A,Groceries,12,7.72,92.6
2025-04-28,Store A,Home & Kitchen,7,87.92,615.45
2025-04-28,Store A,Beauty,8,7.72,61.75
2025-04-28,Store B,Electronics,11,358.76,3946.37
2025-04-28,Store B,Clothing,5,76.16,380.82
2025-04-28,Store B,Groceries,8,9.38,75.01
2025-04-28,Store B,Home & Kitchen,5,88.98,444.92
2025-04-28,Store B,Beauty,2,46.91,93.83
2025-04-28,Store C,Electronics,8,233.5,1868.03
2025-04-28,Store C,Clothing,10,28.56,285.55
2025-04-28,Store C,Groceries,8,9.29,74.3
2025-04-28,Store C,Home & Kitchen,2,91.77,183.53
2025-04-28,Store C,Beauty,6,30.75,184.51
2025-04-29,Store A,Electronics,6,269.76,1618.54
2025-04-29,Store A,Clothing,7,44.31,310.17
2025-04-29,Store A,Groceries,15,10.57,158.61
2025-04-29,Store A,Home & Kitchen,9,90.16,811.42
2025-04-29,Store A,Beauty,4,57.3,229.18
2025-04-29,Store B,Electronics,7,289.58,2027.09
2025-04-29,Store B,Clothing,7,72.19,505.32
2025-04-29,Store B,Groceries,17,6.12,104.1
2025-04-29,Store B,Home & Kitchen,7,115.89,811.25
2025-04-29,Store B,Beauty,5,56.72,283.61
2025-04-29,Store C,Electronics,4,202.76,811.03
2025-04-29,Store C,Clothing,3,28.12,84.36
2025-04-29,Store C,Groceries,11,9.34,102.76
2025-04-29,Store C,Home & Kitchen,2,24.55,49.1
2025-04-29,Store C,Beauty,12,37.44,449.3
2025-04-30,Store A,Electronics,10,116.65,1166.49
2025-04-30,Store A,Clothing,13,18.75,243.7
2025-04-30,Store A,Groceries,24,13.05,313.23
2025-04-30,Store A,Home & Kitchen,7,117.41,821.87
2025-04-30,Store A,Beauty,7,11.76,82.34
2025-04-30,Store B,Electronics,8,302.49,2419.93
2025-04-30,Store B,Clothing,16,42.68,682.88
2025-04-30,Store B,Groceries,22,6.68,146.98
2025-04-30,Store B,Home & Kitchen,8,43.53,348.23
2025-04-30,Store B,Beauty,10,9.13,91.31
2025-04-30,Store C,Electronics,8,75.41,603.3
2025-04-30,Store C,Clothing,7,19.91,139.38
2025-04-30,Store C,Groceries,20,8.01,160.19
2025-04-30,Store C,Home & Kitchen,8,64.2,513.62
2025-04-30,Store C,Beauty,6,8.99,53.97
2025-05-01,Store A,Electronics,13,138.8,1804.43
2025-05-01,Store A,Clothing,10,51.82,518.23
2025-05-01,Store A,Groceries,8,12.64,101.11
2025-05-01,Store A,Home & Kitchen,8,102.54,820.33
2025-05-01,Store A,Beauty,8,59.38,475.06
2025-05-01,Store B,Electronics,9,347.34,3126.04
2025-05-01,Store B,Clothing,3,27.99,83.97
2025-05-01,Store B,Groceries,12,5.72,68.68
2025-05-01,Store B,Home & Kitchen,11,28.39,312.29
2025-05-01,Store B,Beauty,6,7.93,47.56
2025-05-01,Store C,Electronics,13,55.82,725.71
2025-05-01,Store C,Clothing,5,52.77,263.85
2025-05-01,Store C,Groceries,10,5.9,59.02
2025-05-01,Store C,Home & Kitchen,5,25.93,129.66
2025-05-01,Store C,Beauty,3,58.71,176.13
2025-05-02,Store A,Electronics,10,241.92,2419.25
2025-05-02,Store A,Clothing,12,44.39,532.65
2025-05-02,Store A,Groceries,18,2.11,37.97
2025-05-02,Store A,Home & Kitchen,4,119.03,476.11
2025-05-02,Store A,Beauty,10,52.74,527.36
2025-05-02,Store B,Electronics,10,187.66,1876.6
2025-05-02,Store B,Clothing,5,32.49,162.45
2025-05-02,Store B,Groceries,18,9.54,171.79
2025-05-02,Store B,Home & Kitchen,7,45.41,317.86
2025-05-02,Store B,Beauty,4,8.5,33.99
2025-05-02,Store C,Electronics,5,207.62,1038.11
2025-05-02,Store C,Clothing,7,29.96,209.71
2025-05-02,Store C,Groceries,15,2.56,38.39
2025-05-02,Store C,Home & Kitchen,4,62.45,249.8
2025-05-02,Store C,Beauty,8,37.96,303.67
2025-05-03,Store A,Electronics,6,302.73,1816.36
2025-05-03,Store A,Clothing,18,20.45,368.13
2025-05-03,Store A,Groceries,26,14.99,389.82
2025-05-03,Store A,Home & Kitchen,9,100.0,899.97
2025-05-03,Store A,Beauty,12,46.92,562.98
2025-05-03,Store B,Electronics,15,207.01,3105.08
2025-05-03,Store B,Clothing,9,21.35,192.15
2025-05-03,Store B,Groceries,16,15.84,253.45
2025-05-03,Store B,Home & Kitchen,10,107.02,1070.16
2025-05-03,Store B,Beauty,7,28.27,197.92
2025-05-03,Store C,Electronics,11,125.7,1382.74
2025-05-03,Store C,Clothing,11,26.02,286.2
2025-05-03,Store C,Groceries,24,17.02,408.59
2025-05-03,Store C,Home & Kitchen,9,93.02,837.16
2025-05-03,Store C,Beauty,6,44.33,265.96
2025-05-04,Store A,Electronics,10,167.63,1676.27
2025-05-04,Store A,Clothing,14,47.95,671.36
2025-05-04,Store A,Groceries,18,17.14,308.54
2025-05-04,Store A,Home & Kitchen,8,16.97,135.8
2025-05-04,Store A,Beauty,6,19.14,114.81
2025-05-04,Store B,Electronics,12,352.23,4226.74
2025-05-04,Store B,Clothing,12,62.97,755.62
2025-05-04,Store B,Groceries,19,23.26,442.0
2025-05-04,Store B,Home & Kitchen,9,108.87,979.83
2025-05-04,Store B,Beauty,6,6.71,40.28
2025-05-04,Store C,Electronics,10,310.77,3107.73
2025-05-04,Store C,Clothing,14,45.89,642.5
2025-05-04,Store C,Groceries,12,10.2,122.45
2025-05-04,Store C,Home & Kitchen,4,19.86,79.42
2025-05-04,Store C,Beauty,8,42.56,340.49
2025-05-05,Store A,Electronics,9,193.89,1744.98
2025-05-05,Store A,Clothing,10,68.46,684.64
2025-05-05,Store A,Groceries,12,21.24,254.93
2025-05-05,Store A,Home & Kitchen,6,85.03,510.18
2025-05-05,Store A,Beauty,11,24.74,272.15
2025-05-05,Store B,Electronics,6,95.37,572.2
2025-05-05,Store B,Clothing,14,19.08,267.08
2025-05-05,Store B,Groceries,13,2.52,32.8
2025-05-05,Store B,Home & Kitchen,6,66.65,399.92
2025-05-05,Store B,Beauty,5,21.81,109.03
2025-05-05,Store C,Electronics,12,236.12,2833.4
2025-05-05,Store C,Clothing,6,26.71,160.27
2025-05-05,Store C,Groceries,20,3.61,72.17
2025-05-05,Store C,Home & Kitchen,7,20.12,140.85
2025-05-05,Store C,Beauty,2,37.85,75.71
2025-05-06,Store A,Electronics,17,182.64,3104.84
2025-05-06,Store A,Clothing,8,32.23,257.83
2025-05-06,Store A,Groceries,15,5.52,82.85
2025-05-06,Store A,Home & Kitchen,8,24.43,195.43
2025-05-06,Store A,Beauty,9,45.95,413.59
2025-05-06,Store B,Electronics,13,53.41,694.29
2025-05-06,Store B,Clothing,13,27.93,363.04
2025-05-06,Store B,Groceries,11,2.74,30.11
2025-05-06,Store B,Home & Kitchen,12,107.63,1291.54
2025-05-06,Store B,Beauty,6,15.13,90.77
2025-05-06,Store C,Electronics,9,216.79,1951.08
2025-05-06,Store C,Clothing,2,48.71,97.42
2025-05-06,Store C,Groceries,7,13.66,95.63
2025-05-06,Store C,Home & Kitchen,8,13.6,108.83
2025-05-06,Store C,Beauty,4,41.91,167.65
2025-05-07,Store A,Electronics,13,231.03,3003.42
2025-05-07,Store A,Clothing,14,52.4,733.67
2025-05-07,Store A,Groceries,22,23.54,517.79
2025-05-07,Store A,Home & Kitchen,10,106.97,1069.66
2025-05-07,Store A,Beauty,13,17.29,224.83
2025-05-07,Store B,Electronics,9,212.82,1915.35
2025-05-07,Store B,Clothing,12,38.59,463.1
2025-05-07,Store B,Groceries,11,14.99,164.88
2025-05-07,Store B,Home & Kitchen,5,109.52,547.58
2025-05-07,Store B,Beauty,6,54.77,328.62
2025-05-07,Store C,Electronics,13,218.06,2834.79
2025-05-07,Store C,Clothing,11,48.74,536.19
2025-05-07,Store C,Groceries,11,24.49,269.43
2025-05-07,Store C,Home & Kitchen,1,59.07,59.07
2025-05-07,Store C,Beauty,7,8.63,60.43
2025-05-08,Store A,Electronics,11,60.97,670.64
2025-05-08,Store A,Clothing,8,22.65,181.21
2025-05-08,Store A,Groceries,15,9.67,145.1
2025-05-08,Store A,Home & Kitchen,11,67.83,746.15
2025-05-08,Store A,Beauty,5,6.07,30.37
2025-05-08,Store B,Electronics,8,365.52,2924.19
2025-05-08,Store B,Clothing,10,48.68,486.8
2025-05-08,Store B,Groceries,19,19.94,378.89
2025-05-08,Store B,Home & Kitchen,9,93.7,843.27
2025-05-08,Store B,Beauty,7,23.31,163.15
2025-05-08,Store C,Electronics,11,345.93,3805.22
2025-05-08,Store C,Clothing,6,22.18,133.1
2025-05-08,Store C,Groceries,11,9.01,99.08
2025-05-08,Store C,Home & Kitchen,5,87.43,437.14
2025-05-08,Store C,Beauty,4,28.24,112.98
2025-05-09,Store A,Electronics,13,58.29,757.76
2025-05-09,Store A,Clothing,12,62.35,748.22
2025-05-09,Store A,Groceries,12,11.07,132.89
2025-05-09,Store A,Home & Kitchen,8,108.27,866.12
2025-05-09,Store A,Beauty,11,51.52,566.76
2025-05-09,Store B,Electronics,17,184.66,3139.2
2025-05-09,Store B,Clothing,5,50.82,254.12
2025-05-09,Store B,Groceries,19,16.81,319.38
2025-05-09,Store B,Home & Kitchen,8,80.75,645.98
2025-05-09,Store B,Beauty,5,45.87,229.35
2025-05-09,Store C,Electronics,13,116.61,1515.88
2025-05-09,Store C,Clothing,5,43.2,216.0
2025-05-09,Store C,Groceries,10,19.6,195.99
2025-05-09,Store C,Home & Kitchen,8,97.11,776.87
2025-05-09,Store C,Beauty,3,27.47,82.42
2025-05-10,Store A,Electronics,22,311.32,6849.09
2025-05-10,Store A,Clothing,12,73.24,878.86
2025-05-10,Store A,Groceries,20,13.38,267.55
2025-05-10,Store A,Home & Kitchen,13,11.48,149.19
2025-05-10,Store A,Beauty,5,17.09,85.44
2025-05-10,Store B,Electronics,16,134.28,2148.53
2025-05-10,Store B,Clothing,8,71.02,568.18
2025-05-10,Store B,Groceries,16,22.48,359.69
2025-05-10,Store B,Home & Kitchen,10,39.58,395.77
2025-05-10,Store B,Beauty,15,55.27,828.99
2025-05-10,Store C,Electronics,9,392.79,3535.13
2025-05-10,Store C,Clothing,8,47.17,377.37
2025-05-10,Store C,Groceries,14,15.11,211.58
2025-05-10,Store C,Home & Kitchen,7,45.75,320.24
2025-05-10,Store C,Beauty,8,49.5,396.02
2025-05-11,Store A,Electronics,14,171.61,2402.52
2025-05-11,Store A,Clothing,15,39.14,587.16
2025-05-11,Store A,Groceries,17,19.41,330.01
2025-05-11,Store A,Home & Kitchen,12,102.31,1227.74
2025-05-11,Store A,Beauty,10,41.01,410.08
2025-05-11,Store B,Electronics,13,381.71,4962.17
2025-05-11,Store B,Clothing,12,21.32,255.79
2025-05-11,Store B,Groceries,18,19.96,359.3
2025-05-11,Store B,Home & Kitchen,13,74.9,973.72
2025-05-11,Store B,Beauty,9,14.73,132.57
2025-05-11,Store C,Electronics,10,370.51,3705.07
2025-05-11,Store C,Clothing,9,75.24,677.14
2025-05-11,Store C,Groceries,8,5.86,46.86
2025-05-11,Store C,Home & Kitchen,8,16.5,131.97
2025-05-11,Store C,Beauty,9,10.27,92.46
2025-05-12,Store A,Electronics,12,219.27,2631.26
2025-05-12,Store A,Clothing,6,52.42,314.51
2025-05-12,Store A,Groceries,25,24.94,623.49
2025-05-12,Store A,Home & Kitchen,7,12.89,90.22
2025-05-12,Store A,Beauty,3,39.29,117.88
2025-05-12,Store B,Electronics,8,142.9,1143.23
2025-05-12,Store B,Clothing,7,42.97,300.78
2025-05-12,Store B,Groceries,6,12.96,77.76
2025-05-12,Store B,Home & Kitchen,11,56.53,621.84
2025-05-12,Store B,Beauty,10,17.27,172.72
2025-05-12,Store C,Electronics,11,104.19,1146.04
2025-05-12,Store C,Clothing,4,66.88,267.5
2025-05-12,Store C,Groceries,15,8.28,124.17
2025-05-12,Store C,Home & Kitchen,7,73.01,511.09
2025-05-12,Store C,Beauty,3,27.01,81.04
2025-05-13,Store A,Electronics,16,169.56,2712.92
2025-05-13,Store A,Clothing,7,67.52,472.63
2025-05-13,Store A,Groceries,16,18.27,292.35
2025-05-13,Store A,Home & Kitchen,6,49.33,295.98
2025-05-13,Store A,Beauty,7,28.55,199.84
2025-05-13,Store B,Electronics,9,78.93,710.37
2025-05-13,Store B,Clothing,6,59.59,357.54
2025-05-13,Store B,Groceries,13,11.28,146.68
2025-05-13,Store B,Home & Kitchen,13,73.25,952.26
2025-05-13,Store B,Beauty,7,58.65,410.56
2025-05-13,Store C,Electronics,9,62.36,561.27
2025-05-13,Store C,Clothing,5,79.88,399.41
2025-05-13,Store C,Groceries,13,18.78,244.17
2025-05-13,Store C,Home & Kitchen,7,116.29,814.04
2025-05-13,Store C,Beauty,3,37.81,113.43
2025-05-14,Store A,Electronics,12,85.22,1022.59
2025-05-14,Store A,Clothing,6,41.35,248.12
2025-05-14,Store A,Groceries,10,6.04,60.35
2025-05-14,Store A,Home & Kitchen,5,77.16,385.81
2025-05-14,Store A,Beauty,8,13.19,105.5
2025-05-14,Store B,Electronics,12,97.74,1172.89
2025-05-14,Store B,Clothing,12,16.93,203.14
2025-05-14,Store B,Groceries,20,24.48,489.53
2025-05-14,Store B,Home & Kitchen,6,84.64,507.82
2025-05-14,Store B,Beauty,2,58.35,116.7
2025-05-14,Store C,Electronics,9,341.38,3072.41
2025-05-14,Store C,Clothing,7,40.43,283.04
2025-05-14,Store C,Groceries,9,19.74,177.65
2025-05-14,Store C,Home & Kitchen,8,70.94,567.49
2025-05-14,Store C,Beauty,2,9.99,19.98
2025-05-15,Store A,Electronics,11,91.17,1002.86
2025-05-15,Store A,Clothing,13,54.73,711.51
2025-05-15,Store A,Groceries,13,22.1,287.36
2025-05-15,Store A,Home & Kitchen,7,74.98,524.87
2025-05-15,Store A,Beauty,11,41.92,461.07
2025-05-15,Store B,Electronics,8,208.8,1670.39
2025-05-15,Store B,Clothing,5,65.33,326.63
2025-05-15,Store B,Groceries,17,4.71,80.03
2025-05-15,Store B,Home & Kitchen,7,52.8,369.6
2025-05-15,Store B,Beauty,8,29.61,236.89
2025-05-15,Store C,Electronics,7,234.25,1639.72
2025-05-15,Store C,Clothing,9,42.14,379.23
2025-05-15,Store C,Groceries,9,14.95,134.53
2025-05-15,Store C,Home & Kitchen,6,95.91,575.49
2025-05-15,Store C,Beauty,5,13.07,65.33
2025-05-16,Store A,Electronics,13,329.1,4278.31
2025-05-16,Store A,Clothing,11,55.49,610.44
2025-05-16,Store A,Groceries,22,15.83,348.17
2025-05-16,Store A,Home & Kitchen,9,118.66,1067.95
2025-05-16,Store A,Beauty,9,19.73,177.56
2025-05-16,Store B,Electronics,9,83.73,753.57
2025-05-16,Store B,Clothing,5,30.39,151.96
2025-05-16,Store B,Groceries,13,11.56,150.34
2025-05-16,Store B,Home & Kitchen,7,16.44,115.11
2025-05-16,Store B,Beauty,5,36.3,181.49
2025-05-16,Store C,Electronics,6,96.77,580.64
2025-05-16,Store C,Clothing,6,66.98,401.89
2025-05-16,Store C,Groceries,9,22.03,198.3
2025-05-16,Store C,Home & Kitchen,5,91.99,459.95
2025-05-16,Store C,Beauty,9,19.89,179.05
2025-05-17,Store A,Electronics,15,257.79,3866.89
2025-05-17,Store A,Clothing,17,39.02,663.37
2025-05-17,Store A,Groceries,17,2.4,40.73
2025-05-17,Store A,Home & Kitchen,9,80.49,724.38
2025-05-17,Store A,Beauty,8,36.99,295.91
2025-05-17,Store B,Electronics,13,70.64,918.27
2025-05-17,Store B,Clothing,5,63.45,317.26
2025-05-17,Store B,Groceries,20,16.18,323.53
2025-05-17,Store B,Home & Kitchen,12,111.37,1336.5
2025-05-17,Store B,Beauty,10,27.57,275.72
2025-05-17,Store C,Electronics,8,150.92,1207.38
2025-05-17,Store C,Clothing,7,59.1,413.73
2025-05-17,Store C,Groceries,12,12.66,151.9
2025-05-17,Store C,Home & Kitchen,6,85.41,512.49
2025-05-17,Store C,Beauty,5,45.01,225.06
2025-05-18,Store A,Electronics,17,65.61,1115.37
2025-05-18,Store A,Clothing,18,57.92,1042.49
2025-05-18,Store A,Groceries,20,5.96,119.21
2025-05-18,Store A,Home & Kitchen,14,109.82,1537.49
2025-05-18,Store A,Beauty,5,59.45,297.24
2025-05-18,Store B,Electronics,12,249.49,2993.9
2025-05-18,Store B,Clothing,12,24.1,289.16
2025-05-18,Store B,Groceries,20,6.86,137.3
2025-05-18,Store B,Home & Kitchen,4,113.65,454.6
2025-05-18,Store B,Beauty,11,36.14,397.56
2025-05-18,Store C,Electronics,11,132.16,1453.79
2025-05-18,Store C,Clothing,9,75.82,682.42
2025-05-18,Store C,Groceries,16,12.24,195.83
2025-05-18,Store C,Home & Kitchen,4,42.45,169.8
2025-05-18,Store C,Beauty,6,5.36,32.15
2025-05-19,Store A,Electronics,10,243.94,2439.36
2025-05-19,Store A,Clothing,5,68.0,339.98
2025-05-19,Store A,Groceries,8,10.68,85.41
2025-05-19,Store A,Home & Kitchen,10,66.29,662.86
2025-05-19,Store A,Beauty,10,32.95,329.5
2025-05-19,Store B,Electronics,10,107.57,1075.72
2025-05-19,Store B,Clothing,8,75.07,600.55
2025-05-19,Store B,Groceries,9,9.94,89.46
2025-05-19,Store B,Home & Kitchen,8,31.2,249.59
2025-05-19,Store B,Beauty,8,26.75,213.99
2025-05-19,Store C,Electronics,13,173.42,2254.49
2025-05-19,Store C,Clothing,6,21.01,126.05
2025-05-19,Store C,Groceries,8,24.37,194.95
2025-05-19,Store C,Home & Kitchen,8,74.16,593.25
2025-05-19,Store C,Beauty,2,8.71,17.41
2025-05-20,Store A,Electronics,13,63.66,827.57
2025-05-20,Store A,Clothing,13,69.27,900.52
2025-05-20,Store A,Groceries,14,23.04,322.53
2025-05-20,Store A,Home & Kitchen,13,80.23,1043.04
2025-05-20,Store A,Beauty,7,14.95,104.65
2025-05-20,Store B,Electronics,11,320.4,3524.41
2025-05-20,Store B,Clothing,7,75.61,529.3
2025-05-20,Store B,Groceries,13,13.2,171.6
2025-05-20,Store B,Home & Kitchen,7,89.77,628.39
2025-05-20,Store B,Beauty,7,5.38,37.66
2025-05-20,Store C,Electronics,7,237.8,1664.62
2025-05-20,Store C,Clothing,3,72.96,218.87
2025-05-20,Store C,Groceries,14,23.62,330.74
2025-05-20,Store C,Home & Kitchen,6,69.38,416.28
2025-05-20,Store C,Beauty,1,11.49,11.49
2025-05-21,Store A,Electronics,15,245.5,3682.54
2025-05-21,Store A,Clothing,11,19.43,213.74
2025-05-21,Store A,Groceries,22,6.73,148.06
2025-05-21,Store A,Home & Kitchen,8,13.26,106.05
2025-05-21,Store A,Beauty,6,52.76,316.57
2025-05-21,Store B,Electronics,10,350.41,3504.12
2025-05-21,Store B,Clothing,7,26.42,184.91
2025-05-21,Store B,Groceries,13,10.25,133.21
2025-05-21,Store B,Home & Kitchen,6,115.43,692.55
2025-05-21,Store B,Beauty,6,21.04,126.25
2025-05-21,Store C,Electronics,12,250.23,3002.82
2025-05-21,Store C,Clothing,4,25.01,100.03
2025-05-21,Store C,Groceries,7,10.75,75.25
2025-05-21,Store C,Home & Kitchen,3,27.51,82.52
2025-05-21,Store C,Beauty,4,16.88,67.5
2025-05-22,Store A,Electronics,18,220.26,3964.69
2025-05-22,Store A,Clothing,10,59.3,593.01
2025-05-22,Store A,Groceries,16,12.52,200.3
2025-05-22,Store A,Home & Kitchen,9,55.89,503.0
2025-05-22,Store A,Beauty,7,52.98,370.86
2025-05-22,Store B,Electronics,7,151.97,1063.78
2025-05-22,Store B,Clothing,11,50.42,554.61
2025-05-22,Store B,Groceries,14,21.34,298.8
2025-05-22,Store B,Home & Kitchen,9,67.38,606.41
2025-05-22,Store B,Beauty,8,20.59,164.75
2025-05-22,Store C,Electronics,6,279.29,1675.75
2025-05-22,Store C,Clothing,7,79.14,553.95
2025-05-22,Store C,Groceries,8,24.07,192.55
2025-05-22,Store C,Home & Kitchen,4,103.01,412.03
2025-05-22,Store C,Beauty,2,9.98,19.96
2025-05-23,Store A,Electronics,13,80.03,1040.38
2025-05-23,Store A,Clothing,10,42.89,428.9
2025-05-23,Store A,Groceries,23,23.38,537.67
2025-05-23,Store A,Home & Kitchen,13,99.77,1296.95
2025-05-23,Store A,Beauty,9,50.01,450.1
2025-05-23,Store B,Electronics,11,251.72,2768.91
2025-05-23,Store B,Clothing,12,32.2,386.42
2025-05-23,Store B,Groceries,13,24.71,321.17
2025-05-23,Store B,Home & Kitchen,5,36.5,182.52
2025-05-23,Store B,Beauty,2,5.0,10.0
2025-05-23,Store C,Electronics,16,284.76,4556.2
2025-05-23,Store C,Clothing,13,53.69,697.92
2025-05-23,Store C,Groceries,16,20.53,328.45
2025-05-23,Store C,Home & Kitchen,7,90.35,632.42
2025-05-23,Store C,Beauty,5,43.24,216.2
2025-05-24,Store A,Electronics,16,100.59,1609.41
2025-05-24,Store A,Clothing,8,66.06,528.44
2025-05-24,Store A,Groceries,21,8.11,170.25
2025-05-24,Store A,Home & Kitchen,9,81.66,734.97
2025-05-24,Store A,Beauty,9,31.62,284.6
2025-05-24,Store B,Electronics,13,104.96,1364.52
2025-05-24,Store B,Clothing,12,61.04,732.44
2025-05-24,Store B,Groceries,15,6.91,103.68
2025-05-24,Store B,Home & Kitchen,7,10.26,71.81
2025-05-24,Store B,Beauty,9,23.74,213.68
2025-05-24,Store C,Electronics,13,56.82,738.66
2025-05-24,Store C,Clothing,5,74.68,373.41
2025-05-24,Store C,Groceries,12,15.54,186.52
2025-05-24,Store C,Home & Kitchen,8,73.78,590.26
2025-05-24,Store C,Beauty,9,24.51,220.57
2025-05-25,Store A,Electronics,16,277.97,4447.57
2025-05-25,Store A,Clothing,10,28.66,286.59
2025-05-25,Store A,Groceries,22,16.75,368.43
2025-05-25,Store A,Home & Kitchen,7,62.35,436.48
2025-05-25,Store A,Beauty,17,14.72,250.22
2025-05-25,Store B,Electronics,12,57.99,695.84
2025-05-25,Store B,Clothing,17,62.85,1068.43
2025-05-25,Store B,Groceries,11,20.62,226.83
2025-05-25,Store B,Home & Kitchen,7,33.16,232.13
2025-05-25,Store B,Beauty,8,49.5,395.98
2025-05-25,Store C,Electronics,7,194.25,1359.73
2025-05-25,Store C,Clothing,6,79.26,475.55
2025-05-25,Store C,Groceries,18,8.64,155.55
2025-05-25,Store C,Home & Kitchen,5,103.53,517.63
2025-05-25,Store C,Beauty,9,50.56,455.0
2025-05-26,Store A,Electronics,10,299.77,2997.67
2025-05-26,Store A,Clothing,15,66.93,1003.91
2025-05-26,Store A,Groceries,22,24.73,544.15
2025-05-26,Store A,Home & Kitchen,15,90.94,1364.16
2025-05-26,Store A,Beauty,7,35.17,246.16
2025-05-26,Store B,Electronics,8,233.14,1865.08
2025-05-26,Store B,Clothing,14,36.65,513.11
2025-05-26,Store B,Groceries,9,24.43,219.89
2025-05-26,Store B,Home & Kitchen,12,100.59,1207.12
2025-05-26,Store B,Beauty,4,5.1,20.4
2025-05-26,Store C,Electronics,5,352.42,1762.12
2025-05-26,Store C,Clothing,5,49.14,245.69
2025-05-26,Store C,Groceries,7,21.56,150.92
2025-05-26,Store C,Home & Kitchen,7,58.87,412.06
2025-05-26,Store C,Beauty,8,9.6,76.81
2025-05-27,Store A,Electronics,16,110.39,1766.2
2025-05-27,Store A,Clothing,9,76.15,685.34
2025-05-27,Store A,Groceries,20,22.2,443.94
2025-05-27,Store A,Home & Kitchen,9,74.46,670.11
2025-05-27,Store A,Beauty,7,50.21,351.48
2025-05-27,Store B,Electronics,8,397.05,3176.39
2025-05-27,Store B,Clothing,8,56.41,451.24
2025-05-27,Store B,Groceries,13,20.39,265.08
2025-05-27,Store B,Home & Kitchen,8,107.96,863.71
2025-05-27,Store B,Beauty,7,14.16,99.15
2025-05-27,Store C,Electronics,11,224.43,2468.68
2025-05-27,Store C,Clothing,4,37.89,151.57
2025-05-27,Store C,Groceries,9,7.51,67.59
2025-05-27,Store C,Home & Kitchen,11,45.44,499.8
2025-05-27,Store C,Beauty,4,44.06,176.23
2025-05-28,Store A,Electronics,10,334.63,3346.25
2025-05-28,Store A,Clothing,10,30.2,302.04
2025-05-28,Store A,Groceries,15,2.05,30.81
2025-05-28,Store A,Home & Kitchen,6,22.31,133.86
2025-05-28,Store A,Beauty,10,24.3,243.02
2025-05-28,Store B,Electronics,12,251.44,3017.31
2025-05-28,Store B,Clothing,10,57.72,577.2
2025-05-28,Store B,Groceries,14,23.83,333.56
2025-05-28,Store B,Home & Kitchen,10,115.51,1155.09
2025-05-28,Store B,Beauty,4,5.1,20.4
2025-05-28,Store C,Electronics,11,137.84,1516.29
2025-05-28,Store C,Clothing,5,43.52,217.6
2025-05-28,Store C,Groceries,13,24.32,316.1
2025-05-28,Store C,Home & Kitchen,2,27.26,54.51
2025-05-28,Store C,Beauty,8,30.73,245.83
2025-05-29,Store A,Electronics,14,184.85,2587.97
2025-05-29,Store A,Clothing,7,26.58,186.07
2025-05-29,Store A,Groceries,15,12.82,192.37
2025-05-29,Store A,Home & Kitchen,12,24.91,298.94
2025-05-29,Store A,Beauty,11,30.84,339.19
2025-05-29,Store B,Electronics,13,296.52,3854.75
2025-05-29,Store B,Clothing,15,68.74,1031.16
2025-05-29,Store B,Groceries,11,19.25,211.7
2025-05-29,Store B,Home & Kitchen,6,62.44,374.63
2025-05-29,Store B,Beauty,7,51.44,360.06
2025-05-29,Store C,Electronics,12,285.66,3427.98
2025-05-29,Store C,Clothing,14,44.3,620.15
2025-05-29,Store C,Groceries,12,22.03,264.33
2025-05-29,Store C,Home & Kitchen,8,38.97,311.72
2025-05-29,Store C,Beauty,9,10.71,96.41
2025-05-30,Store A,Electronics,12,275.0,3299.95
2025-05-30,Store A,Clothing,15,15.0,225.05
2025-05-30,Store A,Groceries,10,13.24,132.38
2025-05-30,Store A,Home & Kitchen,8,78.34,626.71
2025-05-30,Store A,Beauty,4,38.1,152.39
2025-05-30,Store B,Electronics,9,343.59,3092.35
2025-05-30,Store B,Clothing,6,24.41,146.44
2025-05-30,Store B,Groceries,17,23.31,396.32
2025-05-30,Store B,Home & Kitchen,7,108.21,757.48
2025-05-30,Store B,Beauty,2,9.63,19.25
2025-05-30,Store C,Electronics,7,376.95,2638.63
2025-05-30,Store C,Clothing,7,62.74,439.17
2025-05-30,Store C,Groceries,9,2.2,19.82
2025-05-30,Store C,Home & Kitchen,4,94.23,376.93
2025-05-30,Store C,Beauty,3,11.54,34.63
2025-05-31,Store A,Electronics,15,92.87,1393.06
2025-05-31,Store A,Clothing,15,47.01,705.11
2025-05-31,Store A,Groceries,26,2.17,56.31
2025-05-31,Store A,Home & Kitchen,10,38.02,380.23
2025-05-31,Store A,Beauty,6,51.34,308.05
2025-05-31,Store B,Electronics,15,85.9,1288.52
2025-05-31,Store B,Clothing,8,62.74,501.92
2025-05-31,Store B,Groceries,17,5.89,100.08
2025-05-31,Store B,Home & Kitchen,5,99.33,496.65
2025-05-31,Store B,Beauty,6,45.4,272.4
2025-05-31,Store C,Electronics,14,157.21,2200.87
2025-05-31,Store C,Clothing,12,60.91,730.94
2025-05-31,Store C,Groceries,11,7.79,85.69
2025-05-31,Store C,Home & Kitchen,7,66.38,464.65
2025-05-31,Store C,Beauty,8,45.65,365.21
2025-06-01,Store A,Electronics,19,333.7,6340.27
2025-06-01,Store A,Clothing,7,30.34,212.41
2025-06-01,Store A,Groceries,15,3.68,55.13
2025-06-01,Store A,Home & Kitchen,13,50.9,661.7
2025-06-01,Store A,Beauty,10,28.6,286.04
2025-06-01,Store B,Electronics,13,64.94,844.16
2025-06-01,Store B,Clothing,11,15.65,172.12
2025-06-01,Store B,Groceries,16,5.85,93.59
2025-06-01,Store B,Home & Kitchen,13,15.84,205.94
2025-06-01,Store B,Beauty,13,54.25,705.24
2025-06-01,Store C,Electronics,17,368.93,6271.74
2025-06-01,Store C,Clothing,8,51.63,413.03
2025-06-01,Store C,Groceries,9,15.4,138.61
2025-06-01,Store C,Home & Kitchen,7,64.52,451.65
2025-06-01,Store C,Beauty,3,43.22,129.66
2025-06-02,Store A,Electronics,15,219.93,3298.94
2025-06-02,Store A,Clothing,6,46.58,279.46
2025-06-02,Store A,Groceries,12,3.62,43.4
2025-06-02,Store A,Home & Kitchen,13,52.45,681.83
2025-06-02,Store A,Beauty,9,31.89,287.0
2025-06-02,Store B,Electronics,11,135.34,1488.73
2025-06-02,Store B,Clothing,15,79.82,1197.25
2025-06-02,Store B,Groceries,17,18.79,319.45
2025-06-02,Store B,Home & Kitchen,5,83.3,416.52
2025-06-02,Store B,Beauty,4,27.22,108.87
2025-06-02,Store C,Electronics,7,283.4,1983.81
2025-06-02,Store C,Clothing,11,38.76,426.34
2025-06-02,Store C,Groceries,12,10.82,129.87
2025-06-02,Store C,Home & Kitchen,4,76.99,307.95
2025-06-02,Store C,Beauty,7,30.83,215.84
2025-06-03,Store A,Electronics,19,241.92,4596.46
2025-06-03,Store A,Clothing,9,28.19,253.7
2025-06-03,Store A,Groceries,13,24.84,322.9
2025-06-03,Store A,Home & Kitchen,4,54.02,216.08
2025-06-03,Store A,Beauty,8,34.59,276.71
2025-06-03,Store B,Electronics,6,353.52,2121.11
2025-06-03,Store B,Clothing,12,37.91,454.89
2025-06-03,Store B,Groceries,13,21.26,276.38
2025-06-03,Store B,Home & Kitchen,7,87.76,614.34
2025-06-03,Store B,Beauty,8,52.38,419.04
2025-06-03,Store C,Electronics,9,152.17,1369.49
2025-06-03,Store C,Clothing,8,73.5,588.04
2025-06-03,Store C,Groceries,11,3.76,41.35
2025-06-03,Store C,Home & Kitchen,5,73.2,366.02
2025-06-03,Store C,Beauty,3,18.19,54.57
2025-06-04,Store A,Electronics,21,221.48,4651.14
2025-06-04,Store A,Clothing,10,48.38,483.76
2025-06-04,Store A,Groceries,15,22.23,333.51
2025-06-04,Store A,Home & Kitchen,6,112.84,677.02
2025-06-04,Store A,Beauty,5,9.98,49.89
2025-06-04,Store B,Electronics,8,270.59,2164.71
2025-06-04,Store B,Clothing,7,68.48,479.33
2025-06-04,Store B,Groceries,16,11.12,177.86
2025-06-04,Store B,Home & Kitchen,10,104.31,1043.12
2025-06-04,Store B,Beauty,4,15.05,60.18
2025-06-04,Store C,Electronics,11,261.46,2876.08
2025-06-04,Store C,Clothing,6,20.56,123.38
2025-06-04,Store C,Groceries,11,9.18,100.99
2025-06-04,Store C,Home & Kitchen,10,72.18,721.83
2025-06-04,Store C,Beauty,9,16.79,151.1
2025-06-05,Store A,Electronics,13,269.82,3507.71
2025-06-05,Store A,Clothing,10,27.09,270.87
2025-06-05,Store A,Groceries,18,20.19,363.45
2025-06-05,Store A,Home & Kitchen,9,84.32,758.92
2025-06-05,Store A,Beauty,6,9.23,55.41
2025-06-05,Store B,Electronics,16,185.21,2963.39
2025-06-05,Store B,Clothing,10,61.83,618.26
2025-06-05,Store B,Groceries,16,17.03,272.52
2025-06-05,Store B,Home & Kitchen,8,19.58,156.68
2025-06-05,Store B,Beauty,7,33.1,231.67
2025-06-05,Store C,Electronics,7,105.63,739.39
2025-06-05,Store C,Clothing,7,27.23,190.62
2025-06-05,Store C,Groceries,12,6.77,81.22
2025-06-05,Store C,Home & Kitchen,2,113.22,226.44
2025-06-05,Store C,Beauty,8,29.23,233.82
2025-06-06,Store A,Electronics,11,236.72,2603.87
2025-06-06,Store A,Clothing,11,43.89,482.74
2025-06-06,Store A,Groceries,21,20.59,432.47
2025-06-06,Store A,Home & Kitchen,8,91.19,729.54
2025-06-06,Store A,Beauty,2,17.37,34.74
2025-06-06,Store B,Electronics,13,82.18,1068.35
2025-06-06,Store B,Clothing,9,39.16,352.4
2025-06-06,Store B,Groceries,13,14.4,187.2
2025-06-06,Store B,Home & Kitchen,1,105.75,105.75
2025-06-06,Store B,Beauty,10,26.2,261.98
2025-06-06,Store C,Electronics,8,178.72,1429.75
2025-06-06,Store C,Clothing,6,30.21,181.24
2025-06-06,Store C,Groceries,7,3.05,21.37
2025-06-06,Store C,Home & Kitchen,4,13.37,53.49
2025-06-06,Store C,Beauty,5,56.36,281.82
2025-06-07,Store A,Electronics,18,351.92,6334.53
2025-06-07,Store A,Clothing,21,68.72,1443.13
2025-06-07,Store A,Groceries,19,21.57,409.92
2025-06-07,Store A,Home & Kitchen,15,98.54,1478.16
2025-06-07,Store A,Beauty,11,18.56,204.11
2025-06-07,Store B,Electronics,10,68.78,687.82
2025-06-07,Store B,Clothing,12,62.71,752.52
2025-06-07,Store B,Groceries,14,14.92,208.87
2025-06-07,Store B,Home & Kitchen,6,99.55,597.29
2025-06-07,Store B,Beauty,5,59.87,299.37
2025-06-07,Store C,Electronics,15,215.71,3235.61
2025-06-07,Store C,Clothing,4,72.99,291.96
2025-06-07,Store C,Groceries,19,20.16,382.96
2025-06-07,Store C,Home & Kitchen,8,84.0,671.99
2025-06-07,Store C,Beauty,5,31.03,155.14
2025-06-08,Store A,Electronics,22,223.41,4914.97
2025-06-08,Store A,Clothing,7,35.31,247.2
2025-06-08,Store A,Groceries,18,4.81,86.53
2025-06-08,Store A,Home & Kitchen,9,39.47,355.23
2025-06-08,Store A,Beauty,12,19.37,232.5
2025-06-08,Store B,Electronics,11,359.99,3959.92
2025-06-08,Store B,Clothing,11,51.89,570.82
2025-06-08,Store B,Groceries,13,4.44,57.7
2025-06-08,Store B,Home & Kitchen,10,99.6,995.99
2025-06-08,Store B,Beauty,8,23.11,184.89
2025-06-08,Store C,Electronics,8,294.72,2357.76
2025-06-08,Store C,Clothing,5,22.9,114.51
2025-06-08,Store C,Groceries,15,19.82,297.35
2025-06-08,Store C,Home & Kitchen,14,92.53,1295.43
2025-06-08,Store C,Beauty,7,29.38,205.66
2025-06-09,Store A,Electronics,15,60.66,909.96
2025-06-09,Store A,Clothing,5,57.57,287.86
2025-06-09,Store A,Groceries,13,13.91,180.83
2025-06-09,Store A,Home & Kitchen,10,70.91,709.11
2025-06-09,Store A,Beauty,7,14.23,99.62
2025-06-09,Store B,Electronics,10,395.75,3957.54
2025-06-09,Store B,Clothing,8,16.83,134.62
2025-06-09,Store B,Groceries,11,21.99,241.88
2025-06-09,Store B,Home & Kitchen,6,27.3,163.81
2025-06-09,Store B,Beauty,6,10.59,63.55
2025-06-09,Store C,Electronics,12,276.1,3313.21
2025-06-09,Store C,Clothing,5,57.92,289.62
2025-06-09,Store C,Groceries,10,9.54,95.44
2025-06-09,Store C,Home & Kitchen,10,38.67,386.73
2025-06-09,Store C,Beauty,4,59.07,236.28
2025-06-10,Store A,Electronics,16,69.96,1119.39
2025-06-10,Store A,Clothing,10,52.05,520.53
2025-06-10,Store A,Groceries,13,12.57,163.38
2025-06-10,Store A,Home & Kitchen,12,80.87,970.49
2025-06-10,Store A,Beauty,8,18.22,145.77
2025-06-10,Store B,Electronics,15,100.13,1502.0
2025-06-10,Store B,Clothing,9,34.54,310.89
2025-06-10,Store B,Groceries,9,6.9,62.11
2025-06-10,Store B,Home & Kitchen,3,33.59,100.77
2025-06-10,Store B,Beauty,4,15.83,63.32
2025-06-10,Store C,Electronics,6,322.57,1935.4
2025-06-10,Store C,Clothing,6,35.61,213.67
2025-06-10,Store C,Groceries,13,20.0,259.96
2025-06-10,Store C,Home & Kitchen,7,85.13,595.9
2025-06-10,Store C,Beauty,6,57.08,342.46
2025-06-11,Store A,Electronics,10,66.86,668.63
2025-06-11,Store A,Clothing,16,71.38,1142.07
2025-06-11,Store A,Groceries,11,5.44,59.81
2025-06-11,Store A,Home & Kitchen,3,57.0,170.99
2025-06-11,Store A,Beauty,6,13.9,83.39
2025-06-11,Store B,Electronics,12,145.25,1743.02
2025-06-11,Store B,Clothing,6,59.33,355.96
2025-06-11,Store B,Groceries,15,2.9,43.51
2025-06-11,Store B,Home & Kitchen,9,69.9,629.11
2025-06-11,Store B,Beauty,8,17.47,139.72
2025-06-11,Store C,Electronics,6,312.33,1873.99
2025-06-11,Store C,Clothing,4,56.4,225.6
2025-06-11,Store C,Groceries,10,17.0,169.96
2025-06-11,Store C,Home & Kitchen,4,27.4,109.6
2025-06-11,Store C,Beauty,2,33.7,67.4
2025-06-12,Store A,Electronics,9,70.52,634.7
2025-06-12,Store A,Clothing,8,32.59,260.71
2025-06-12,Store A,Groceries,12,3.08,36.93
2025-06-12,Store A,Home & Kitchen,6,97.14,582.85
2025-06-12,Store A,Beauty,6,31.64,189.87
2025-06-12,Store B,Electronics,7,340.2,2381.4
2025-06-12,Store B,Clothing,11,75.58,831.38
2025-06-12,Store B,Groceries,13,2.38,30.88
2025-06-12,Store B,Home & Kitchen,11,106.47,1171.22
2025-06-12,Store B,Beauty,1,57.68,57.68
2025-06-12,Store C,Electronics,8,185.47,1483.78
2025-06-12,Store C,Clothing,9,59.44,534.97
2025-06-12,Store C,Groceries,9,9.63,86.64
2025-06-12,Store C,Home & Kitchen,3,57.77,173.3
2025-06-12,Store C,Beauty,7,18.52,129.65
2025-06-13,Store A,Electronics,14,193.75,2712.52
2025-06-13,Store A,Clothing,6,53.47,320.81
2025-06-13,Store A,Groceries,15,14.54,218.14
2025-06-13,Store A,Home & Kitchen,11,115.47,1270.19
2025-06-13,Store A,Beauty,8,49.86,398.91
2025-06-13,Store B,Electronics,13,183.72,2388.35
2025-06-13,Store B,Clothing,7,74.93,524.5
2025-06-13,Store B,Groceries,14,13.02,182.22
2025-06-13,Store B,Home & Kitchen,10,89.59,895.93
2025-06-13,Store B,Beauty,5,16.54,82.69
2025-06-13,Store C,Electronics,10,145.52,1455.24
2025-06-13,Store C,Clothing,7,51.26,358.83
2025-06-13,Store C,Groceries,10,6.93,69.33
2025-06-13,Store C,Home & Kitchen,3,106.64,319.93
2025-06-13,Store C,Beauty,4,6.58,26.33
2025-06-14,Store A,Electronics,17,158.51,2694.71
2025-06-14,Store A,Clothing,16,54.78,876.45
2025-06-14,Store A,Groceries,20,21.48,429.59
2025-06-14,Store A,Home & Kitchen,12,38.07,456.89
2025-06-14,Store A,Beauty,7,38.02,266.15
2025-06-14,Store B,Electronics,10,334.0,3339.97
2025-06-14,Store B,Clothing,11,23.57,259.24
2025-06-14,Store B,Groceries,23,3.4,78.1
2025-06-14,Store B,Home & Kitchen,8,14.84,118.72
2025-06-14,Store B,Beauty,8,53.79,430.34
2025-06-14,Store C,Electronics,8,207.57,1660.53
2025-06-14,Store C,Clothing,8,45.73,365.82
2025-06-14,Store C,Groceries,17,11.21,190.56
2025-06-14,Store C,Home & Kitchen,12,40.68,488.2
2025-06-14,Store C,Beauty,3,34.49,103.47
2025-06-15,Store A,Electronics,15,241.9,3628.48
2025-06-15,Store A,Clothing,8,33.03,264.25
2025-06-15,Store A,Groceries,13,5.88,76.39
2025-06-15,Store A,Home & Kitchen,10,95.74,957.41
2025-06-15,Store A,Beauty,11,53.74,591.17
2025-06-15,Store B,Electronics,9,139.0,1250.99
2025-06-15,Store B,Clothing,10,70.06,700.56
2025-06-15,Store B,Groceries,14,3.32,46.55
2025-06-15,Store B,Home & Kitchen,10,81.72,817.17
2025-06-15,Store B,Beauty,6,23.39,140.33
2025-06-15,Store C,Electronics,7,289.27,2024.86
2025-06-15,Store C,Clothing,5,70.02,350.11
2025-06-15,Store C,Groceries,15,11.23,168.52
2025-06-15,Store C,Home & Kitchen,6,19.55,117.28
2025-06-15,Store C,Beauty,11,6.19,68.1
2025-06-16,Store A,Electronics,10,149.84,1498.38
2025-06-16,Store A,Clothing,7,34.69,242.82
2025-06-16,Store A,Groceries,15,4.83,72.46
2025-06-16,Store A,Home & Kitchen,5,69.33,346.63
2025-06-16,Store A,Beauty,5,15.87,79.33
2025-06-16,Store B,Electronics,15,373.45,5601.81
2025-06-16,Store B,Clothing,6,32.53,195.18
2025-06-16,Store B,Groceries,11,17.08,187.91
2025-06-16,Store B,Home & Kitchen,9,76.07,684.61
2025-06-16,Store B,Beauty,5,55.75,278.75
2025-06-16,Store C,Electronics,6,360.44,2162.63
2025-06-16,Store C,Clothing,9,15.63,140.68
2025-06-16,Store C,Groceries,8,2.83,22.61
2025-06-16,Store C,Home & Kitchen,6,17.75,106.52
2025-06-16,Store C,Beauty,5,18.24,91.18
2025-06-17,Store A,Electronics,11,286.28,3149.12
2025-06-17,Store A,Clothing,10,51.88,518.85
2025-06-17,Store A,Groceries,12,12.92,154.98
2025-06-17,Store A,Home & Kitchen,5,15.02,75.08
2025-06-17,Store A,Beauty,5,42.58,212.89
2025-06-17,Store B,Electronics,13,169.77,2206.96
2025-06-17,Store B,Clothing,11,48.22,530.45
2025-06-17,Store B,Groceries,10,11.77,117.66
2025-06-17,Store B,Home & Kitchen,18,47.46,854.24
2025-06-17,Store B,Beauty,6,43.2,259.19
2025-06-17,Store C,Electronics,12,166.49,1997.92
2025-06-17,Store C,Clothing,7,23.79,166.51
2025-06-17,Store C,Groceries,11,16.67,183.39
2025-06-17,Store C,Home & Kitchen,7,85.71,599.95
2025-06-17,Store C,Beauty,4,54.19,216.76
2025-06-18,Store A,Electronics,18,387.69,6978.5
2025-06-18,Store A,Clothing,17,48.6,826.21
2025-06-18,Store A,Groceries,18,19.92,358.56
2025-06-18,Store A,Home & Kitchen,6,85.15,510.88
2025-06-18,Store A,Beauty,6,17.04,102.25
2025-06-18,Store B,Electronics,10,239.78,2397.8
2025-06-18,Store B,Clothing,7,54.46,381.25
2025-06-18,Store B,Groceries,15,2.03,30.42
2025-06-18,Store B,Home & Kitchen,10,105.11,1051.14
2025-06-18,Store B,Beauty,5,10.42,52.11
2025-06-18,Store C,Electronics,10,335.46,3354.63
2025-06-18,Store C,Clothing,5,40.79,203.96
2025-06-18,Store C,Groceries,13,15.59,202.67
2025-06-18,Store C,Home & Kitchen,7,80.81,565.68
2025-06-18,Store C,Beauty,3,41.26,123.77
2025-06-19,Store A,Electronics,8,320.13,2561.07
2025-06-19,Store A,Clothing,9,71.58,644.2
2025-06-19,Store A,Groceries,9,14.25,128.26
2025-06-19,Store A,Home & Kitchen,6,49.36,296.18
2025-06-19,Store A,Beauty,12,34.01,408.06
2025-06-19,Store B,Electronics,13,320.82,4170.63
2025-06-19,Store B,Clothing,7,35.47,248.31
2025-06-19,Store B,Groceries,18,18.38,330.86
2025-06-19,Store B,Home & Kitchen,6,80.69,484.11
2025-06-19,Store B,Beauty,6,47.67,286.04
2025-06-19,Store C,Electronics,8,395.54,3164.35
2025-06-19,Store C,Clothing,6,31.55,189.32
2025-06-19,Store C,Groceries,13,4.35,56.6
2025-06-19,Store C,Home & Kitchen,3,56.23,168.68
2025-06-19,Store C,Beauty,5,57.59,287.93
2025-06-20,Store A,Electronics,4,242.78,971.1
2025-06-20,Store A,Clothing,13,66.02,858.3
2025-06-20,Store A,Groceries,14,2.03,28.37
2025-06-20,Store A,Home & Kitchen,10,57.88,578.79
2025-06-20,Store A,Beauty,10,38.46,384.59
2025-06-20,Store B,Electronics,7,373.76,2616.33
2025-06-20,Store B,Clothing,7,74.68,522.74
2025-06-20,Store B,Groceries,12,17.64,211.62
2025-06-20,Store B,Home & Kitchen,12,35.36,424.28
2025-06-20,Store B,Beauty,2,12.7,25.4
2025-06-20,Store C,Electronics,11,260.61,2866.76
2025-06-20,Store C,Clothing,4,17.67,70.67
2025-06-20,Store C,Groceries,7,11.41,79.9
2025-06-20,Store C,Home & Kitchen,6,83.76,502.58
2025-06-20,Store C,Beauty,3,58.38,175.13
2025-06-21,Store A,Electronics,15,177.61,2664.08
2025-06-21,Store A,Clothing,12,20.37,244.4
2025-06-21,Store A,Groceries,20,8.99,179.82
2025-06-21,Store A,Home & Kitchen,12,81.61,979.3
2025-06-21,Store A,Beauty,12,12.86,154.35
2025-06-21,Store B,Electronics,14,305.71,4279.9
2025-06-21,Store B,Clothing,14,65.66,919.29
2025-06-21,Store B,Groceries,17,9.06,154.08
2025-06-21,Store B,Home & Kitchen,8,66.32,530.53
2025-06-21,Store B,Beauty,8,22.98,183.84
2025-06-21,Store C,Electronics,11,62.07,682.74
2025-06-21,Store C,Clothing,12,74.0,887.97
2025-06-21,Store C,Groceries,10,17.49,174.86
2025-06-21,Store C,Home & Kitchen,8,33.97,271.77
2025-06-21,Store C,Beauty,8,37.19,297.55
2025-06-22,Store A,Electronics,22,226.99,4993.88
2025-06-22,Store A,Clothing,11,78.11,859.23
2025-06-22,Store A,Groceries,19,24.09,457.62
2025-06-22,Store A,Home & Kitchen,11,84.88,933.65
2025-06-22,Store A,Beauty,7,13.31,93.2
2025-06-22,Store B,Electronics,15,185.4,2781.07
2025-06-22,Store B,Clothing,10,72.88,728.83
2025-06-22,Store B,Groceries,19,8.59,163.28
2025-06-22,Store B,Home & Kitchen,6,77.67,466.04
2025-06-22,Store B,Beauty,7,51.98,363.87
2025-06-22,Store C,Electronics,5,378.12,1890.59
2025-06-22,Store C,Clothing,12,75.81,909.68
2025-06-22,Store C,Groceries,13,14.75,191.8
2025-06-22,Store C,Home & Kitchen,5,73.88,369.41
2025-06-22,Store C,Beauty,7,31.3,219.11
2025-06-23,Store A,Electronics,11,63.24,695.69
2025-06-23,Store A,Clothing,9,22.97,206.72
2025-06-23,Store A,Groceries,15,14.33,214.99
2025-06-23,Store A,Home & Kitchen,7,109.08,763.56
2025-06-23,Store A,Beauty,6,33.71,202.25
2025-06-23,Store B,Electronics,15,250.29,3754.4
2025-06-23,Store B,Clothing,7,74.39,520.73
2025-06-23,Store B,Groceries,12,17.28,207.42
2025-06-23,Store B,Home & Kitchen,3,52.1,156.3
2025-06-23,Store B,Beauty,5,9.57,47.83
2025-06-23,Store C,Electronics,15,339.65,5094.68
2025-06-23,Store C,Clothing,13,58.82,764.66
2025-06-23,Store C,Groceries,6,19.37,116.21
2025-06-23,Store C,Home & Kitchen,3,32.51,97.52
2025-06-23,Store C,Beauty,4,9.5,38.01
2025-06-24,Store A,Electronics,21,205.85,4322.92
2025-06-24,Store A,Clothing,10,41.45,414.55
2025-06-24,Store A,Groceries,13,9.54,123.98
2025-06-24,Store A,Home & Kitchen,7,65.47,458.31
2025-06-24,Store A,Beauty,3,22.48,67.43
2025-06-24,Store B,Electronics,10,234.46,2344.59
2025-06-24,Store B,Clothing,7,24.81,173.67
2025-06-24,Store B,Groceries,14,7.32,102.46
2025-06-24,Store B,Home & Kitchen,9,48.93,440.36
2025-06-24,Store B,Beauty,5,59.67,298.37
2025-06-24,Store C,Electronics,5,218.95,1094.73
2025-06-24,Store C,Clothing,8,46.93,375.47
2025-06-24,Store C,Groceries,16,8.66,138.52
2025-06-24,Store C,Home & Kitchen,6,101.9,611.4
2025-06-24,Store C,Beauty,4,27.8,111.22
2025-06-25,Store A,Electronics,12,351.05,4212.66
2025-06-25,Store A,Clothing,5,77.09,385.45
2025-06-25,Store A,Groceries,11,12.91,142.03
2025-06-25,Store A,Home & Kitchen,10,88.21,882.14
2025-06-25,Store A,Beauty,8,58.13,465.05
2025-06-25,Store B,Electronics,10,50.4,503.96
2025-06-25,Store B,Clothing,11,69.96,769.53
2025-06-25,Store B,Groceries,12,9.2,110.42
2025-06-25,Store B,Home & Kitchen,9,56.18,505.58
2025-06-25,Store B,Beauty,5,31.7,158.51
2025-06-25,Store C,Electronics,5,294.31,1471.53
2025-06-25,Store C,Clothing,5,42.61,213.07
2025-06-25,Store C,Groceries,16,11.26,180.23
2025-06-25,Store C,Home & Kitchen,2,66.72,133.43
2025-06-25,Store C,Beauty,4,58.45,233.78
2025-06-26,Store A,Electronics,7,298.56,2089.89
2025-06-26,Store A,Clothing,11,58.8,646.85
2025-06-26,Store A,Groceries,16,7.76,124.22
2025-06-26,Store A,Home & Kitchen,11,60.47,665.12
2025-06-26,Store A,Beauty,13,14.99,194.93
2025-06-26,Store B,Electronics,5,74.73,373.66
2025-06-26,Store B,Clothing,6,17.01,102.06
2025-06-26,Store B,Groceries,12,8.2,98.35
2025-06-26,Store B,Home & Kitchen,4,115.67,462.68
2025-06-26,Store B,Beauty,3,53.91,161.73
2025-06-26,Store C,Electronics,10,328.49,3284.9
2025-06-26,Store C,Clothing,7,50.04,350.28
2025-06-26,Store C,Groceries,8,20.45,163.59
2025-06-26,Store C,Home & Kitchen,7,84.39,590.74
2025-06-26,Store C,Beauty,6,10.71,64.26
2025-06-27,Store A,Electronics,12,245.12,2941.48
2025-06-27,Store A,Clothing,7,21.47,150.3
2025-06-27,Store A,Groceries,22,22.91,504.03
2025-06-27,Store A,Home & Kitchen,7,36.75,257.23
2025-06-27,Store A,Beauty,8,27.28,218.25
2025-06-27,Store B,Electronics,20,52.04,1040.78
2025-06-27,Store B,Clothing,8,43.84,350.74
2025-06-27,Store B,Groceries,13,12.24,159.18
2025-06-27,Store B,Home & Kitchen,4,102.86,411.43
2025-06-27,Store B,Beauty,8,52.74,421.93
2025-06-27,Store C,Electronics,13,354.45,4607.85
2025-06-27,Store C,Clothing,7,35.66,249.64
2025-06-27,Store C,Groceries,11,20.49,225.44
2025-06-27,Store C,Home & Kitchen,7,111.24,778.69
2025-06-27,Store C,Beauty,5,28.48,142.4
2025-06-28,Store A,Electronics,17,367.1,6240.74
2025-06-28,Store A,Clothing,10,21.0,209.96
2025-06-28,Store A,Groceries,16,19.66,314.64
2025-06-28,Store A,Home & Kitchen,15,60.5,907.57
2025-06-28,Store A,Beauty,14,29.26,409.71
2025-06-28,Store B,Electronics,17,362.44,6161.51
2025-06-28,Store B,Clothing,10,53.69,536.92
2025-06-28,Store B,Groceries,14,5.38,75.3
2025-06-28,Store B,Home & Kitchen,7,99.89,699.24
2025-06-28,Store B,Beauty,8,57.79,462.28
2025-06-28,Store C,Electronics,10,276.2,2762.04
2025-06-28,Store C,Clothing,9,57.37,516.34
2025-06-28,Store C,Groceries,10,16.37,163.68
2025-06-28,Store C,Home & Kitchen,6,38.38,230.28
2025-06-28,Store C,Beauty,3,23.71,71.14
2025-06-29,Store A,Electronics,14,398.09,5573.3
2025-06-29,Store A,Clothing,9,50.69,456.25
2025-06-29,Store A,Groceries,24,12.9,309.62
2025-06-29,Store A,Home & Kitchen,15,59.38,890.65
2025-06-29,Store A,Beauty,15,43.56,653.41
2025-06-29,Store B,Electronics,14,210.77,2950.76
2025-06-29,Store B,Clothing,11,72.69,799.59
2025-06-29,Store B,Groceries,16,15.77,252.26
2025-06-29,Store B,Home & Kitchen,14,93.16,1304.23
2025-06-29,Store B,Beauty,13,28.93,376.08
2025-06-29,Store C,Electronics,12,111.79,1341.53
2025-06-29,Store C,Clothing,7,24.15,169.03
2025-06-29,Store C,Groceries,9,15.15,136.31
2025-06-29,Store C,Home & Kitchen,12,15.92,191.06
2025-06-29,Store C,Beauty,8,41.65,333.21
2025-06-30,Store A,Electronics,12,218.49,2621.84
2025-06-30,Store A,Clothing,10,48.11,481.08
2025-06-30,Store A,Groceries,13,16.94,220.22
2025-06-30,Store A,Home & Kitchen,10,104.08,1040.76
2025-06-30,Store A,Beauty,9,52.77,474.91
2025-06-30,Store B,Electronics,8,334.91,2679.29
2025-06-30,Store B,Clothing,8,41.42,331.39
2025-06-30,Store B,Groceries,18,12.6,226.88
2025-06-30,Store B,Home & Kitchen,10,24.33,243.27
2025-06-30,Store B,Beauty,7,44.02,308.14
2025-06-30,Store C,Electronics,6,73.04,438.22
2025-06-30,Store C,Clothing,10,70.89,708.93
2025-06-30,Store C,Groceries,8,4.74,37.89
2025-06-30,Store C,Home & Kitchen,8,57.87,462.95
2025-06-30,Store C,Beauty,5,49.78,248.9
2025-07-01,Store A,Electronics,11,382.68,4209.49
2025-07-01,Store A,Clothing,11,50.96,560.6
2025-07-01,Store A,Groceries,15,3.82,57.32
2025-07-01,Store A,Home & Kitchen,8,53.49,427.9
2025-07-01,Store A,Beauty,6,26.9,161.42
2025-07-01,Store B,Electronics,6,218.95,1313.67
2025-07-01,Store B,Clothing,4,31.64,126.55
2025-07-01,Store B,Groceries,12,5.39,64.63
2025-07-01,Store B,Home & Kitchen,4,66.11,264.45
2025-07-01,Store B,Beauty,3,48.12,144.36
2025-07-01,Store C,Electronics,7,167.23,1170.59
2025-07-01,Store C,Clothing,3,38.46,115.38
2025-07-01,Store C,Groceries,10,3.41,34.11
2025-07-01,Store C,Home & Kitchen,5,92.56,462.79
2025-07-01,Store C,Beauty,2,45.11,90.23
2025-07-02,Store A,Electronics,17,277.8,4722.59
2025-07-02,Store A,Clothing,8,67.73,541.81
2025-07-02,Store A,Groceries,21,15.71,329.85
2025-07-02,Store A,Home & Kitchen,7,67.24,470.69
2025-07-02,Store A,Beauty,3,24.79,74.37
2025-07-02,Store B,Electronics,13,336.84,4378.87
2025-07-02,Store B,Clothing,11,77.78,855.57
2025-07-02,Store B,Groceries,11,16.6,182.56
2025-07-02,Store B,Home & Kitchen,8,37.04,296.35
2025-07-02,Store B,Beauty,6,46.91,281.48
2025-07-02,Store C,Electronics,9,387.95,3491.51
2025-07-02,Store C,Clothing,9,23.11,207.98
2025-07-02,Store C,Groceries,12,12.71,152.49
2025-07-02,Store C,Home & Kitchen,5,64.81,324.04
2025-07-02,Store C,Beauty,2,26.31,52.61
2025-07-03,Store A,Electronics,18,315.09,5671.62
2025-07-03,Store A,Clothing,7,16.02,112.16
2025-07-03,Store A,Groceries,17,6.49,110.34
2025-07-03,Store A,Home & Kitchen,8,112.39,899.11
2025-07-03,Store A,Beauty,12,7.55,90.55
2025-07-03,Store B,Electronics,6,287.73,1726.37
2025-07-03,Store B,Clothing,7,56.73,397.13
2025-07-03,Store B,Groceries,13,23.71,308.26
2025-07-03,Store B,Home & Kitchen,7,51.19,358.3
2025-07-03,Store B,Beauty,5,43.88,219.41
2025-07-03,Store C,Electronics,9,334.78,3013.05
2025-07-03,Store C,Clothing,3,67.79,203.38
2025-07-03,Store C,Groceries,7,19.32,135.21
2025-07-03,Store C,Home & Kitchen,4,48.38,193.53
2025-07-03,Store C,Beauty,3,19.51,58.52
2025-07-04,Store A,Electronics,15,273.39,4100.87
2025-07-04,Store A,Clothing,11,66.43,730.75
2025-07-04,Store A,Groceries,7,16.16,113.1
2025-07-04,Store A,Home & Kitchen,5,41.03,205.17
2025-07-04,Store A,Beauty,6,47.79,286.71
2025-07-04,Store B,Electronics,11,172.91,1902.04
2025-07-04,Store B,Clothing,19,24.42,464.01
2025-07-04,Store B,Groceries,10,23.3,232.99
2025-07-04,Store B,Home & Kitchen,12,25.42,305.0
2025-07-04,Store B,Beauty,4,9.42,37.69
2025-07-04,Store C,Electronics,8,389.17,3113.39
2025-07-04,Store C,Clothing,7,34.85,243.96
2025-07-04,Store C,Groceries,12,17.37,208.39
2025-07-04,Store C,Home & Kitchen,7,100.28,701.94
2025-07-04,Store C,Beauty,6,43.19,259.12
2025-07-05,Store A,Electronics,13,194.5,2528.51
2025-07-05,Store A,Clothing,8,55.52,444.2
2025-07-05,Store A,Groceries,16,8.59,137.42
2025-07-05,Store A,Home & Kitchen,16,43.97,703.45
2025-07-05,Store A,Beauty,7,19.24,134.71
2025-07-05,Store B,Electronics,16,55.36,885.73
2025-07-05,Store B,Clothing,13,17.2,223.66
2025-07-05,Store B,Groceries,16,12.35,197.52
2025-07-05,Store B,Home & Kitchen,9,101.77,915.9
2025-07-05,Store B,Beauty,7,31.21,218.48
2025-07-05,Store C,Electronics,12,140.45,1685.39
2025-07-05,Store C,Clothing,8,43.56,348.47
2025-07-05,Store C,Groceries,16,19.79,316.62
2025-07-05,Store C,Home & Kitchen,6,78.22,469.3
2025-07-05,Store C,Beauty,9,29.81,268.28
2025-07-06,Store A,Electronics,15,179.78,2696.71
2025-07-06,Store A,Clothing,10,27.39,273.86
2025-07-06,Store A,Groceries,16,13.38,214.08
2025-07-06,Store A,Home & Kitchen,16,116.41,1862.63
2025-07-06,Store A,Beauty,10,25.25,252.51
2025-07-06,Store B,Electronics,16,386.53,6184.46
2025-07-06,Store B,Clothing,10,50.57,505.72
2025-07-06,Store B,Groceries,9,11.86,106.7
2025-07-06,Store B,Home & Kitchen,12,43.21,518.58
2025-07-06,Store B,Beauty,7,40.07,280.51
2025-07-06,Store C,Electronics,9,293.07,2637.65
2025-07-06,Store C,Clothing,5,60.3,301.51
2025-07-06,Store C,Groceries,9,10.05,90.43
2025-07-06,Store C,Home & Kitchen,5,96.57,482.84
2025-07-06,Store C,Beauty,6,59.55,357.3
2025-07-07,Store A,Electronics,15,226.63,3399.46
2025-07-07,Store A,Clothing,11,42.4,466.45
2025-07-07,Store A,Groceries,15,21.6,324.06
2025-07-07,Store A,Home & Kitchen,9,84.83,763.51
2025-07-07,Store A,Beauty,5,58.95,294.76
2025-07-07,Store B,Electronics,17,232.99,3960.83
2025-07-07,Store B,Clothing,17,20.95,356.17
2025-07-07,Store B,Groceries,17,7.37,125.21
2025-07-07,Store B,Home & Kitchen,6,91.75,550.51
2025-07-07,Store B,Beauty,4,12.24,48.98
2025-07-07,Store C,Electronics,8,183.53,1468.22
2025-07-07,Store C,Clothing,5,31.05,155.27
2025-07-07,Store C,Groceries,12,7.75,93.01
2025-07-07,Store C,Home & Kitchen,7,85.63,599.42
2025-07-07,Store C,Beauty,6,52.35,314.1
2025-07-08,Store A,Electronics,11,64.78,712.58
2025-07-08,Store A,Clothing,6,49.3,295.8
2025-07-08,Store A,Groceries,12,13.01,156.16
2025-07-08,Store A,Home & Kitchen,8,34.06,272.51
2025-07-08,Store A,Beauty,7,17.11,119.74
2025-07-08,Store B,Electronics,12,125.53,1506.4
2025-07-08,Store B,Clothing,11,48.35,531.82
2025-07-08,Store B,Groceries,14,8.16,114.21
2025-07-08,Store B,Home & Kitchen,7,113.64,795.5
2025-07-08,Store B,Beauty,9,58.66,527.93
2025-07-08,Store C,Electronics,9,270.7,2436.27
2025-07-08,Store C,Clothing,5,19.74,98.71
2025-07-08,Store C,Groceries,9,16.22,145.95
2025-07-08,Store C,Home & Kitchen,8,52.8,422.38
2025-07-08,Store C,Beauty,4,14.84,59.36
2025-07-09,Store A,Electronics,18,220.19,3963.36
2025-07-09,Store A,Clothing,9,51.94,467.47
2025-07-09,Store A,Groceries,10,23.44,234.38
2025-07-09,Store A,Home & Kitchen,11,55.68,612.43
2025-07-09,Store A,Beauty,4,48.35,193.39
2025-07-09,Store B,Electronics,10,232.85,2328.47
2025-07-09,Store B,Clothing,7,59.95,419.64
2025-07-09,Store B,Groceries,11,11.43,125.74
2025-07-09,Store B,Home & Kitchen,5,50.11,250.57
2025-07-09,Store B,Beauty,5,18.0,89.98
2025-07-09,Store C,Electronics,6,232.45,1394.72
2025-07-09,Store C,Clothing,4,17.74,70.97
2025-07-09,Store C,Groceries,10,11.69,116.9
2025-07-09,Store C,Home & Kitchen,3,49.26,147.78
2025-07-09,Store C,Beauty,4,8.82,35.27
2025-07-10,Store A,Electronics,12,217.46,2609.49
2025-07-10,Store A,Clothing,12,52.67,632.09
2025-07-10,Store A,Groceries,8,6.83,54.67
2025-07-10,Store A,Home & Kitchen,7,21.39,149.74
2025-07-10,Store B,Electronics,7,94.79,663.54
2025-07-10,Store B,Clothing,9,36.24,326.17
2025-07-10,Store B,Groceries,16,23.52,376.28
2025-07-10,Store B,Home & Kitchen,8,62.46,499.69
2025-07-10,Store B,Beauty,5,12.61,63.04
2025-07-10,Store C,Electronics,6,164.87,989.19
2025-07-10,Store C,Clothing,12,42.24,506.86
2025-07-10,Store C,Groceries,5,3.4,17.01
2025-07-10,Store C,Home & Kitchen,3,70.29,210.86
2025-07-10,Store C,Beauty,1,56.3,56.3
2025-07-11,Store A,Electronics,12,153.92,1847.07
2025-07-11,Store A,Clothing,9,62.4,561.61
2025-07-11,Store A,Groceries,12,14.98,179.81
2025-07-11,Store A,Home & Kitchen,6,13.81,82.89
2025-07-11,Store A,Beauty,7,30.56,213.92
2025-07-11,Store B,Electronics,12,59.54,714.49
2025-07-11,Store B,Clothing,7,43.78,306.44
2025-07-11,Store B,Groceries,16,9.33,149.29
2025-07-11,Store B,Home & Kitchen,3,31.92,95.77
2025-07-11,Store B,Beauty,8,23.94,191.54
2025-07-11,Store C,Electronics,10,221.1,2210.97
2025-07-11,Store C,Clothing,3,60.05,180.15
2025-07-11,Store C,Groceries,7,19.04,133.29
2025-07-11,Store C,Home & Kitchen,5,106.28,531.38
2025-07-11,Store C,Beauty,4,5.49,21.97
2025-07-12,Store A,Electronics,18,258.86,4659.48
2025-07-12,Store A,Clothing,12,24.16,289.94
2025-07-12,Store A,Groceries,25,5.35,133.77
2025-07-12,Store A,Home & Kitchen,7,115.37,807.62
2025-07-12,Store A,Beauty,7,51.05,357.38
2025-07-12,Store B,Electronics,11,282.32,3105.56
2025-07-12,Store B,Clothing,10,22.92,229.15
2025-07-12,Store B,Groceries,11,9.36,103.01
2025-07-12,Store B,Home & Kitchen,12,63.56,762.74
2025-07-12,Store B,Beauty,8,19.02,152.12
2025-07-12,Store C,Electronics,11,114.15,1255.7
2025-07-12,Store C,Clothing,6,40.61,243.67
2025-07-12,Store C,Groceries,12,6.29,75.5
2025-07-12,Store C,Home & Kitchen,7,107.74,754.15
2025-07-12,Store C,Beauty,8,37.66,301.27
2025-07-13,Store A,Electronics,15,190.45,2856.82
2025-07-13,Store A,Clothing,9,44.72,402.5
2025-07-13,Store A,Groceries,24,3.48,83.53
2025-07-13,Store A,Home & Kitchen,11,44.87,493.53
2025-07-13,Store A,Beauty,9,13.31,119.81
2025-07-13,Store B,Electronics,13,171.05,2223.59
2025-07-13,Store B,Clothing,13,51.8,673.45
2025-07-13,Store B,Groceries,14,15.38,215.32
2025-07-13,Store B,Home & Kitchen,9,76.03,684.27
2025-07-13,Store B,Beauty,6,52.02,312.12
2025-07-13,Store C,Electronics,10,271.71,2717.13
2025-07-13,Store C,Clothing,4,59.29,237.15
2025-07-13,Store C,Groceries,11,20.4,224.41
2025-07-13,Store C,Home & Kitchen,10,116.09,1160.89
2025-07-13,Store C,Beauty,6,29.44,176.62
2025-07-14,Store A,Electronics,11,66.21,728.32
2025-07-14,Store A,Clothing,6,70.71,424.28
2025-07-14,Store A,Groceries,16,14.42,230.75
2025-07-14,Store A,Home & Kitchen,6,95.28,571.67
2025-07-14,Store A,Beauty,11,50.95,560.5
2025-07-14,Store B,Electronics,10,219.73,2197.29
2025-07-14,Store B,Clothing,13,17.82,231.64
2025-07-14,Store B,Groceries,13,10.03,130.4
2025-07-14,Store B,Home & Kitchen,2,46.5,93.01
2025-07-14,Store B,Beauty,7,48.84,341.88
2025-07-14,Store C,Electronics,7,341.02,2387.17
2025-07-14,Store C,Clothing,6,31.42,188.53
2025-07-14,Store C,Groceries,10,8.88,88.82
2025-07-14,Store C,Home & Kitchen,10,15.14,151.45
2025-07-14,Store C,Beauty,5,12.37,61.85
2025-07-15,Store A,Electronics,11,236.63,2602.88
2025-07-15,Store A,Clothing,2,40.48,80.95
2025-07-15,Store A,Groceries,15,5.05,75.68
2025-07-15,Store A,Home & Kitchen,13,66.86,869.14
2025-07-15,Store A,Beauty,11,26.64,293.0
2025-07-15,Store B,Electronics,11,103.3,1136.25
2025-07-15,Store B,Clothing,12,43.71,524.52
2025-07-15,Store B,Groceries,16,21.03,336.53
2025-07-15,Store B,Home & Kitchen,11,99.94,1099.29
2025-07-15,Store B,Beauty,4,34.23,136.9
2025-07-15,Store C,Electronics,8,74.99,599.89
2025-07-15,Store C,Clothing,5,63.53,317.66
2025-07-15,Store C,Groceries,13,18.73,243.54
2025-07-15,Store C,Home & Kitchen,7,96.01,672.08
2025-07-15,Store C,Beauty,2,37.65,75.29
2025-07-16,Store A,Electronics,8,125.02,1000.17
2025-07-16,Store A,Clothing,9,75.01,675.13
2025-07-16,Store A,Groceries,13,8.68,112.78
2025-07-16,Store A,Home & Kitchen,9,89.64,806.78
2025-07-16,Store A,Beauty,8,36.54,292.34
2025-07-16,Store B,Electronics,12,351.5,4218.05
2025-07-16,Store B,Clothing,11,26.58,292.36
2025-07-16,Store B,Groceries,15,20.52,307.79
2025-07-16,Store B,Home & Kitchen,10,49.4,493.98
2025-07-16,Store B,Beauty,5,20.33,101.65
2025-07-16,Store C,Electronics,6,288.46,1730.76
2025-07-16,Store C,Clothing,3,70.48,211.45
2025-07-16,Store C,Groceries,4,20.68,82.71
2025-07-16,Store C,Home & Kitchen,3,114.85,344.55
2025-07-16,Store C,Beauty,4,53.57,214.29
2025-07-17,Store A,Electronics,12,329.79,3957.42
2025-07-17,Store A,Clothing,9,65.08,585.72
2025-07-17,Store A,Groceries,22,14.24,313.21
2025-07-17,Store A,Home & Kitchen,4,85.72,342.87
2025-07-17,Store A,Beauty,6,40.9,245.41
2025-07-17,Store B,Electronics,19,176.56,3354.64
2025-07-17,Store B,Clothing,5,66.13,330.67
2025-07-17,Store B,Groceries,5,21.9,109.5
2025-07-17,Store B,Home & Kitchen,6,17.35,104.08
2025-07-17,Store B,Beauty,9,19.06,171.5
2025-07-17,Store C,Electronics,4,162.87,651.47
2025-07-17,Store C,Clothing,5,30.72,153.58
2025-07-17,Store C,Groceries,12,17.56,210.78
2025-07-17,Store C,Home & Kitchen,8,84.93,679.4
2025-07-17,Store C,Beauty,6,24.98,149.86
2025-07-18,Store A,Electronics,17,141.06,2398.06
2025-07-18,Store A,Clothing,10,75.92,759.22
2025-07-18,Store A,Groceries,14,23.88,334.27
2025-07-18,Store A,Home & Kitchen,5,118.12,590.62
2025-07-18,Store A,Beauty,6,27.29,163.75
2025-07-18,Store B,Electronics,11,395.32,4348.56
2025-07-18,Store B,Clothing,9,73.52,661.64
2025-07-18,Store B,Groceries,11,12.53,137.86
2025-07-18,Store B,Home & Kitchen,7,64.85,453.92
2025-07-18,Store B,Beauty,7,55.79,390.52
2025-07-18,Store C,Electronics,8,222.08,1776.6
2025-07-18,Store C,Clothing,6,20.51,123.06
2025-07-18,Store C,Groceries,8,6.25,50.04
2025-07-18,Store C,Home & Kitchen,4,91.15,364.58
2025-07-18,Store C,Beauty,2,55.81,111.63
2025-07-19,Store A,Electronics,11,271.87,2990.52
2025-07-19,Store A,Clothing,16,68.6,1097.56
2025-07-19,Store A,Groceries,18,7.93,142.79
2025-07-19,Store A,Home & Kitchen,11,89.54,984.93
2025-07-19,Store A,Beauty,10,17.43,174.34
2025-07-19,Store B,Electronics,15,87.61,1314.08
2025-07-19,Store B,Clothing,16,44.98,719.62
2025-07-19,Store B,Groceries,16,23.87,381.88
2025-07-19,Store B,Home & Kitchen,10,27.02,270.16
2025-07-19,Store B,Beauty,2,13.38,26.76
2025-07-19,Store C,Electronics,10,296.05,2960.5
2025-07-19,Store C,Clothing,12,46.22,554.61
2025-07-19,Store C,Groceries,14,11.11,155.5
2025-07-19,Store C,Home & Kitchen,6,25.08,150.48
2025-07-19,Store C,Beauty,5,35.89,179.43
2025-07-20,Store A,Electronics,11,359.9,3958.93
2025-07-20,Store A,Clothing,16,70.97,1135.52
2025-07-20,Store A,Groceries,20,14.74,294.82
2025-07-20,Store A,Home & Kitchen,12,101.13,1213.58
2025-07-20,Store A,Beauty,7,54.34,380.4
2025-07-20,Store B,Electronics,15,335.87,5037.99
2025-07-20,Store B,Clothing,10,37.62,376.2
2025-07-20,Store B,Groceries,22,15.53,341.76
2025-07-20,Store B,Home & Kitchen,10,108.52,1085.23
2025-07-20,Store B,Beauty,4,33.24,132.94
2025-07-20,Store C,Electronics,11,54.39,598.24
2025-07-20,Store C,Clothing,4,49.41,197.63
2025-07-20,Store C,Groceries,17,18.17,308.87
2025-07-20,Store C,Home & Kitchen,8,84.92,679.39
2025-07-20,Store C,Beauty,4,48.4,193.6
2025-07-21,Store A,Electronics,12,217.63,2611.59
2025-07-21,Store A,Clothing,6,70.19,421.12
2025-07-21,Store A,Groceries,13,16.49,214.32
2025-07-21,Store A,Home & Kitchen,8,78.47,627.76
2025-07-21,Store A,Beauty,9,38.51,346.59
2025-07-21,Store B,Electronics,10,154.92,1549.18
2025-07-21,Store B,Clothing,4,28.12,112.48
2025-07-21,Store B,Groceries,15,21.97,329.59
2025-07-21,Store B,Home & Kitchen,8,107.51,860.07
2025-07-21,Store B,Beauty,2,45.96,91.92
2025-07-21,Store C,Electronics,6,88.89,533.36
2025-07-21,Store C,Clothing,6,48.32,289.92
2025-07-21,Store C,Groceries,8,17.38,139.07
2025-07-21,Store C,Home & Kitchen,4,50.21,200.83
2025-07-21,Store C,Beauty,3,47.75,143.25
2025-07-22,Store A,Electronics,12,241.54,2898.47
2025-07-22,Store A,Clothing,9,55.97,503.74
2025-07-22,Store A,Groceries,9,8.05,72.49
2025-07-22,Store A,Home & Kitchen,7,102.07,714.46
2025-07-22,Store A,Beauty,5,53.22,266.12
2025-07-22,Store B,Electronics,9,145.7,1311.3
2025-07-22,Store B,Clothing,5,26.4,132.01
2025-07-22,Store B,Groceries,10,7.91,79.11
2025-07-22,Store B,Home & Kitchen,9,86.55,778.92
2025-07-22,Store B,Beauty,8,41.2,329.56
2025-07-22,Store C,Electronics,1,210.29,210.29
2025-07-22,Store C,Clothing,9,75.25,677.27
2025-07-22,Store C,Groceries,7,7.48,52.34
2025-07-22,Store C,Home & Kitchen,9,80.35,723.17
2025-07-22,Store C,Beauty,3,45.07,135.21
2025-07-23,Store A,Electronics,14,179.05,2506.75
2025-07-23,Store A,Clothing,6,24.35,146.08
2025-07-23,Store A,Groceries,11,15.42,169.64
2025-07-23,Store A,Home & Kitchen,10,32.51,325.08
2025-07-23,Store A,Beauty,5,53.41,267.05
2025-07-23,Store B,Electronics,7,296.19,2073.31
2025-07-23,Store B,Clothing,11,31.96,351.6
2025-07-23,Store B,Groceries,17,19.16,325.65
2025-07-23,Store B,Home & Kitchen,6,30.93,185.58
2025-07-23,Store B,Beauty,8,25.21,201.7
2025-07-23,Store C,Electronics,7,260.14,1821.01
2025-07-23,Store C,Clothing,3,25.13,75.38
2025-07-23,Store C,Groceries,8,24.51,196.06
2025-07-23,Store C,Home & Kitchen,7,21.33,149.29
2025-07-23,Store C,Beauty,1,36.44,36.44
2025-07-24,Store A,Electronics,9,332.84,2995.53
2025-07-24,Store A,Clothing,12,69.41,832.94
2025-07-24,Store A,Groceries,23,7.38,169.74
2025-07-24,Store A,Home & Kitchen,9,15.93,143.33
2025-07-24,Store A,Beauty,5,10.73,53.63
2025-07-24,Store B,Electronics,10,374.37,3743.72
2025-07-24,Store B,Clothing,7,74.78,523.46
2025-07-24,Store B,Groceries,12,16.29,195.49
2025-07-24,Store B,Home & Kitchen,6,56.28,337.69
2025-07-24,Store B,Beauty,7,54.71,382.95
2025-07-24,Store C,Electronics,14,175.55,2457.69
2025-07-24,Store C,Clothing,11,45.99,505.91
2025-07-24,Store C,Groceries,7,17.97,125.8
2025-07-24,Store C,Home & Kitchen,7,39.17,274.2
2025-07-24,Store C,Beauty,1,17.94,17.94
2025-07-25,Store A,Electronics,13,149.48,1943.25
2025-07-25,Store A,Clothing,5,54.85,274.24
2025-07-25,Store A,Groceries,16,11.3,180.83
2025-07-25,Store A,Home & Kitchen,6,82.64,495.81
2025-07-25,Store A,Beauty,6,14.54,87.22
2025-07-25,Store B,Electronics,14,61.63,862.83
2025-07-25,Store B,Clothing,5,64.01,320.07
2025-07-25,Store B,Groceries,8,13.54,108.36
2025-07-25,Store B,Home & Kitchen,9,51.85,466.63
2025-07-25,Store B,Beauty,2,30.26,60.53
2025-07-25,Store C,Electronics,9,93.89,845.03
2025-07-25,Store C,Clothing,9,55.58,500.24
2025-07-25,Store C,Groceries,4,12.48,49.9
2025-07-25,Store C,Home & Kitchen,7,96.94,678.55
2025-07-25,Store C,Beauty,6,35.55,213.32
2025-07-26,Store A,Electronics,19,71.81,1364.3
2025-07-26,Store A,Clothing,11,38.9,427.88
2025-07-26,Store A,Groceries,19,11.49,218.33
2025-07-26,Store A,Home & Kitchen,11,67.53,742.88
2025-07-26,Store A,Beauty,4,35.04,140.16
2025-07-26,Store B,Electronics,20,147.48,2949.56
2025-07-26,Store B,Clothing,9,67.84,610.52
2025-07-26,Store B,Groceries,13,21.27,276.5
2025-07-26,Store B,Home & Kitchen,7,85.34,597.37
2025-07-26,Store B,Beauty,9,40.77,366.91
2025-07-26,Store C,Electronics,13,180.83,2350.75
2025-07-26,Store C,Clothing,10,60.67,606.72
2025-07-26,Store C,Groceries,11,24.66,271.31
2025-07-26,Store C,Home & Kitchen,4,78.21,312.86
2025-07-26,Store C,Beauty,7,33.67,235.71
2025-07-27,Store A,Electronics,8,217.7,1741.57
2025-07-27,Store A,Clothing,10,64.74,647.42
2025-07-27,Store A,Groceries,17,18.76,318.87
2025-07-27,Store A,Home & Kitchen,10,18.11,181.1
2025-07-27,Store A,Beauty,10,9.64,96.37
2025-07-27,Store B,Electronics,18,209.64,3773.56
2025-07-27,Store B,Clothing,15,55.39,830.78
2025-07-27,Store B,Groceries,20,20.17,403.47
2025-07-27,Store B,Home & Kitchen,7,18.87,132.11
2025-07-27,Store B,Beauty,4,48.56,194.23
2025-07-27,Store C,Electronics,7,263.1,1841.72
2025-07-27,Store C,Clothing,5,76.52,382.58
2025-07-27,Store C,Groceries,13,23.81,309.59
2025-07-27,Store C,Home & Kitchen,9,113.61,1022.51
2025-07-27,Store C,Beauty,6,13.25,79.51
2025-07-28,Store A,Electronics,11,281.87,3100.57
2025-07-28,Store A,Clothing,10,44.26,442.57
2025-07-28,Store A,Groceries,18,21.03,378.6
2025-07-28,Store A,Home & Kitchen,8,107.53,860.25
2025-07-28,Store A,Beauty,6,10.96,65.77
2025-07-28,Store B,Electronics,7,364.38,2550.68
2025-07-28,Store B,Clothing,8,16.45,131.61
2025-07-28,Store B,Groceries,14,22.57,315.96
2025-07-28,Store B,Home & Kitchen,4,88.81,355.23
2025-07-28,Store B,Beauty,5,20.61,103.06
2025-07-28,Store C,Electronics,10,144.52,1445.21
2025-07-28,Store C,Clothing,9,72.58,653.26
2025-07-28,Store C,Groceries,16,17.04,272.57
2025-07-28,Store C,Home & Kitchen,10,35.38,353.82
2025-07-28,Store C,Beauty,8,20.24,161.88
2025-07-29,Store A,Electronics,11,329.15,3620.61
2025-07-29,Store A,Clothing,14,29.51,413.18
2025-07-29,Store A,Groceries,9,12.56,113.0
2025-07-29,Store A,Home & Kitchen,5,28.54,142.71
2025-07-29,Store A,Beauty,4,49.0,195.99
2025-07-29,Store B,Electronics,6,79.51,477.07
2025-07-29,Store B,Clothing,8,48.6,388.81
2025-07-29,Store B,Groceries,16,11.83,189.3
2025-07-29,Store B,Home & Kitchen,9,88.62,797.62
2025-07-29,Store B,Beauty,2,10.62,21.25
2025-07-29,Store C,Electronics,4,164.45,657.78
2025-07-29,Store C,Clothing,3,16.92,50.77
2025-07-29,Store C,Groceries,10,20.01,200.14
2025-07-29,Store C,Home & Kitchen,2,79.39,158.77
2025-07-29,Store C,Beauty,2,26.11,52.22
2025-07-30,Store A,Electronics,16,267.28,4276.48
2025-07-30,Store A,Clothing,9,32.43,291.83
2025-07-30,Store A,Groceries,13,10.01,130.11
2025-07-30,Store A,Home & Kitchen,3,74.1,222.3
2025-07-30,Store A,Beauty,8,14.4,115.21
2025-07-30,Store B,Electronics,7,94.73,663.12
2025-07-30,Store B,Clothing,3,62.23,186.69
2025-07-30,Store B,Groceries,19,21.48,408.19
2025-07-30,Store B,Home & Kitchen,8,84.34,674.72
2025-07-30,Store B,Beauty,2,56.33,112.65
2025-07-30,Store C,Electronics,9,288.74,2598.66
2025-07-30,Store C,Clothing,8,55.7,445.63
2025-07-30,Store C,Groceries,12,20.54,246.48
2025-07-30,Store C,Home & Kitchen,4,21.67,86.67
2025-07-30,Store C,Beauty,4,25.11,100.43
2025-07-31,Store A,Electronics,13,210.41,2735.3
2025-07-31,Store A,Clothing,12,37.91,454.95
2025-07-31,Store A,Groceries,19,22.52,427.95
2025-07-31,Store A,Home & Kitchen,9,26.9,242.14
2025-07-31,Store A,Beauty,5,40.64,203.19
2025-07-31,Store B,Electronics,6,196.48,1178.9
2025-07-31,Store B,Clothing,6,28.43,170.6
2025-07-31,Store B,Groceries,9,11.16,100.45
2025-07-31,Store B,Home & Kitchen,5,111.77,558.86
2025-07-31,Store B,Beauty,3,18.32,54.96
2025-07-31,Store C,Electronics,6,286.26,1717.58
2025-07-31,Store C,Clothing,5,19.47,97.34
2025-07-31,Store C,Groceries,15,16.34,245.07
2025-07-31,Store C,Home & Kitchen,3,14.11,42.32
2025-07-31,Store C,Beauty,4,14.38,57.51
2025-08-01,Store A,Electronics,10,219.92,2199.18
2025-08-01,Store A,Clothing,8,33.53,268.27
2025-08-01,Store A,Groceries,9,4.73,42.56
2025-08-01,Store A,Home & Kitchen,5,45.8,229.02
2025-08-01,Store A,Beauty,5,16.77,83.85
2025-08-01,Store B,Electronics,6,346.25,2077.49
2025-08-01,Store B,Clothing,3,57.13,171.38
2025-08-01,Store B,Groceries,15,14.79,221.81
2025-08-01,Store B,Home & Kitchen,2,117.09,234.18
2025-08-01,Store B,Beauty,6,32.31,193.88
2025-08-01,Store C,Electronics,6,188.45,1130.71
2025-08-01,Store C,Clothing,5,39.58,197.92
2025-08-01,Store C,Groceries,11,23.72,260.89
2025-08-01,Store C,Home & Kitchen,3,36.72,110.17
2025-08-01,Store C,Beauty,4,23.7,94.81
2025-08-02,Store A,Electronics,13,94.36,1226.62
2025-08-02,Store A,Clothing,10,18.02,180.21
2025-08-02,Store A,Groceries,21,23.8,499.82
2025-08-02,Store A,Home & Kitchen,14,62.65,877.08
2025-08-02,Store A,Beauty,8,47.04,376.35
2025-08-02,Store B,Electronics,7,213.66,1495.63
2025-08-02,Store B,Clothing,13,73.44,954.67
2025-08-02,Store B,Groceries,14,14.75,206.45
2025-08-02,Store B,Home & Kitchen,9,58.52,526.71
2025-08-02,Store B,Beauty,7,26.44,185.06
2025-08-02,Store C,Electronics,4,320.52,1282.09
2025-08-02,Store C,Clothing,7,25.62,179.35
2025-08-02,Store C,Groceries,16,9.04,144.64
2025-08-02,Store C,Home & Kitchen,4,61.99,247.98
2025-08-02,Store C,Beauty,3,49.56,148.67
2025-08-03,Store A,Electronics,15,89.17,1337.59
2025-08-03,Store A,Clothing,16,52.46,839.37
2025-08-03,Store A,Groceries,16,5.77,92.25
2025-08-03,Store A,Home & Kitchen,9,92.33,830.98
2025-08-03,Store A,Beauty,8,26.25,210.02
2025-08-03,Store B,Electronics,11,358.79,3946.71
2025-08-03,Store B,Clothing,11,22.62,248.8
2025-08-03,Store B,Groceries,15,3.74,56.15
2025-08-03,Store B,Home & Kitchen,7,57.23,400.61
2025-08-03,Store B,Beauty,3,21.16,63.47
2025-08-03,Store C,Electronics,10,50.85,508.46
2025-08-03,Store C,Clothing,10,66.57,665.66
2025-08-03,Store C,Groceries,10,9.19,91.9
2025-08-03,Store C,Home & Kitchen,10,19.07,190.74
2025-08-03,Store C,Beauty,7,39.72,278.01
2025-08-04,Store A,Electronics,12,140.96,1691.51
2025-08-04,Store A,Clothing,4,20.33,81.32
2025-08-04,Store A,Groceries,14,4.43,62.08
2025-08-04,Store A,Home & Kitchen,4,109.2,436.79
2025-08-04,Store A,Beauty,8,22.3,178.39
2025-08-04,Store B,Electronics,7,339.59,2377.16
2025-08-04,Store B,Clothing,8,54.02,432.18
2025-08-04,Store B,Groceries,13,3.28,42.65
2025-08-04,Store B,Home & Kitchen,12,54.83,657.96
2025-08-04,Store B,Beauty,5,33.24,166.18
2025-08-04,Store C,Electronics,11,336.13,3697.45
2025-08-04,Store C,Clothing,6,76.8,460.83
2025-08-04,Store C,Groceries,15,15.46,231.89
2025-08-04,Store C,Home & Kitchen,7,17.47,122.32
2025-08-04,Store C,Beauty,6,47.74,286.46
2025-08-05,Store A,Electronics,10,92.09,920.89
2025-08-05,Store A,Clothing,10,34.53,345.29
2025-08-05,Store A,Groceries,11,11.19,123.07
2025-08-05,Store A,Home & Kitchen,12,47.34,568.09
2025-08-05,Store A,Beauty,1,33.74,33.74
2025-08-05,Store B,Electronics,7,257.48,1802.35
2025-08-05,Store B,Clothing,10,31.1,311.0
2025-08-05,Store B,Groceries,12,11.94,143.3
2025-08-05,Store B,Home & Kitchen,5,27.75,138.77
2025-08-05,Store B,Beauty,2,55.38,110.76
2025-08-05,Store C,Electronics,6,193.81,1162.88
2025-08-05,Store C,Clothing,6,20.85,125.09
2025-08-05,Store C,Groceries,8,19.02,152.16
2025-08-05,Store C,Home & Kitchen,3,77.06,231.18
2025-08-05,Store C,Beauty,6,48.11,288.67
2025-08-06,Store A,Electronics,11,234.72,2581.89
2025-08-06,Store A,Clothing,4,62.95,251.82
2025-08-06,Store A,Groceries,14,13.12,183.74
2025-08-06,Store A,Home & Kitchen,12,90.42,1085.09
2025-08-06,Store A,Beauty,7,49.86,349.04
2025-08-06,Store B,Electronics,12,219.02,2628.2
2025-08-06,Store B,Clothing,5,55.32,276.6
2025-08-06,Store B,Groceries,14,4.72,66.03
2025-08-06,Store B,Home & Kitchen,1,55.69,55.69
2025-08-06,Store B,Beauty,5,25.16,125.82
2025-08-06,Store C,Electronics,5,351.08,1755.38
2025-08-06,Store C,Clothing,8,69.82,558.53
2025-08-06,Store C,Groceries,11,13.45,147.99
2025-08-06,Store C,Home & Kitchen,10,10.09,100.86
2025-08-06,Store C,Beauty,5,42.79,213.96
2025-08-07,Store A,Electronics,12,64.66,775.92
2025-08-07,Store A,Clothing,9,23.05,207.46
2025-08-07,Store A,Groceries,14,2.41,33.78
2025-08-07,Store A,Home & Kitchen,9,73.45,661.01
2025-08-07,Store A,Beauty,6,53.01,318.08
2025-08-07,Store B,Electronics,8,285.15,2281.18
2025-08-07,Store B,Clothing,4,39.11,156.44
2025-08-07,Store B,Groceries,6,18.92,113.5
2025-08-07,Store B,Home & Kitchen,3,31.59,94.78
2025-08-07,Store B,Beauty,7,5.11,35.76
2025-08-07,Store C,Electronics,5,308.48,1542.38
2025-08-07,Store C,Clothing,7,24.28,169.95
2025-08-07,Store C,Groceries,7,21.54,150.78
2025-08-07,Store C,Home & Kitchen,6,36.94,221.64
2025-08-07,Store C,Beauty,5,44.46,222.28
2025-08-08,Store A,Electronics,14,297.31,4162.29
2025-08-08,Store A,Clothing,9,76.21,685.9
2025-08-08,Store A,Groceries,5,22.8,114.0
2025-08-08,Store A,Home & Kitchen,9,28.52,256.72
2025-08-08,Store A,Beauty,6,42.74,256.44
2025-08-08,Store B,Electronics,13,193.51,2515.62
2025-08-08,Store B,Clothing,4,29.75,118.99
2025-08-08,Store B,Groceries,7,22.76,159.33
2025-08-08,Store B,Home & Kitchen,8,80.96,647.64
2025-08-08,Store B,Beauty,8,50.77,406.16
2025-08-08,Store C,Electronics,9,141.11,1269.99
2025-08-08,Store C,Clothing,7,61.25,428.75
2025-08-08,Store C,Groceries,10,17.01,170.08
2025-08-08,Store C,Home & Kitchen,4,97.89,391.55
2025-08-08,Store C,Beauty,4,46.38,185.52
2025-08-09,Store A,Electronics,15,398.03,5970.43
2025-08-09,Store A,Clothing,7,38.05,266.38
2025-08-09,Store A,Groceries,20,20.23,404.64
2025-08-09,Store A,Home & Kitchen,11,78.57,864.22
2025-08-09,Store A,Beauty,6,31.05,186.3
2025-08-09,Store B,Electronics,11,394.2,4336.24
2025-08-09,Store B,Clothing,11,72.61,798.74
2025-08-09,Store B,Groceries,8,14.55,116.36
2025-08-09,Store B,Home & Kitchen,15,67.09,1006.38
2025-08-09,Store B,Beauty,3,49.78,149.35
2025-08-09,Store C,Electronics,5,250.0,1249.99
2025-08-09,Store C,Clothing,4,60.65,242.59
2025-08-09,Store C,Groceries,15,2.63,39.41
2025-08-09,Store C,Home & Kitchen,8,11.07,88.54
2025-08-09,Store C,Beauty,3,5.99,17.98
2025-08-10,Store A,Electronics,13,170.82,2220.65
2025-08-10,Store A,Clothing,9,48.87,439.87
2025-08-10,Store A,Groceries,16,5.13,82.12
2025-08-10,Store A,Home & Kitchen,3,100.34,301.03
2025-08-10,Store A,Beauty,13,9.7,126.09
2025-08-10,Store B,Electronics,8,175.29,1402.33
2025-08-10,Store B,Clothing,5,53.76,268.8
2025-08-10,Store B,Groceries,13,10.25,133.27
2025-08-10,Store B,Home & Kitchen,8,54.45,435.59
2025-08-10,Store B,Beauty,8,35.96,287.67
2025-08-10,Store C,Electronics,11,76.73,844.03
2025-08-10,Store C,Clothing,11,76.99,846.9
2025-08-10,Store C,Groceries,6,20.88,125.27
2025-08-10,Store C,Home & Kitchen,4,33.85,135.41
2025-08-10,Store C,Beauty,2,15.88,31.76
2025-08-11,Store A,Electronics,11,160.56,1766.15
2025-08-11,Store A,Clothing,6,58.06,348.36
2025-08-11,Store A,Groceries,10,22.58,225.78
2025-08-11,Store A,Home & Kitchen,9,47.02,423.22
2025-08-11,Store A,Beauty,11,21.5,236.51
2025-08-11,Store B,Electronics,11,140.22,1542.47
2025-08-11,Store B,Clothing,4,64.11,256.44
2025-08-11,Store B,Groceries,13,11.77,153.05
2025-08-11,Store B,Home & Kitchen,10,50.82,508.2
2025-08-11,Store B,Beauty,7,22.51,157.55
2025-08-11,Store C,Electronics,6,249.97,1499.79
2025-08-11,Store C,Clothing,7,17.14,119.97
2025-08-11,Store C,Groceries,13,12.61,163.9
2025-08-11,Store C,Home & Kitchen,8,48.85,390.77
2025-08-11,Store C,Beauty,4,19.55,78.18
2025-08-12,Store A,Electronics,12,359.98,4319.8
2025-08-12,Store A,Clothing,11,33.78,371.62
2025-08-12,Store A,Groceries,14,13.86,194.1
2025-08-12,Store A,Home & Kitchen,8,53.35,426.83
2025-08-12,Store A,Beauty,5,31.2,155.99
2025-08-12,Store B,Electronics,12,289.32,3471.83
2025-08-12,Store B,Clothing,9,59.24,533.16
2025-08-12,Store B,Groceries,12,15.29,183.51
2025-08-12,Store B,Home & Kitchen,8,56.5,451.97
2025-08-12,Store B,Beauty,5,17.03,85.14
2025-08-12,Store C,Electronics,7,274.59,1922.14
2025-08-12,Store C,Clothing,6,31.11,186.68
2025-08-12,Store C,Groceries,10,4.86,48.62
2025-08-12,Store C,Home & Kitchen,8,103.98,831.84
2025-08-12,Store C,Beauty,2,37.08,74.16
2025-08-13,Store A,Electronics,13,366.38,4762.88
2025-08-13,Store A,Clothing,7,53.6,375.19
2025-08-13,Store A,Groceries,13,14.37,186.8
2025-08-13,Store A,Home & Kitchen,7,61.42,429.92
2025-08-13,Store A,Beauty,6,14.51,87.03
2025-08-13,Store B,Electronics,9,198.23,1784.09
2025-08-13,Store B,Clothing,7,73.58,515.06
2025-08-13,Store B,Groceries,12,7.89,94.7
2025-08-13,Store B,Home & Kitchen,11,19.49,214.37
2025-08-13,Store B,Beauty,5,40.17,200.83
2025-08-13,Store C,Electronics,5,317.53,1587.65
2025-08-13,Store C,Clothing,4,47.29,189.15
2025-08-13,Store C,Groceries,8,9.8,78.42
2025-08-13,Store C,Home & Kitchen,6,115.51,693.05
2025-08-13,Store C,Beauty,3,48.37,145.12
2025-08-14,Store A,Electronics,8,207.3,1658.41
2025-08-14,Store A,Clothing,13,49.0,637.01
2025-08-14,Store A,Groceries,20,11.84,236.89
2025-08-14,Store A,Home & Kitchen,5,114.33,571.65
2025-08-14,Store A,Beauty,5,55.16,275.79
2025-08-14,Store B,Electronics,9,155.34,1398.1
2025-08-14,Store B,Clothing,10,64.36,643.61
2025-08-14,Store B,Groceries,14,10.79,151.08
2025-08-14,Store B,Home & Kitchen,6,12.31,73.86
2025-08-14,Store B,Beauty,2,14.7,29.41
2025-08-14,Store C,Electronics,6,191.05,1146.28
2025-08-14,Store C,Clothing,3,29.71,89.13
2025-08-14,Store C,Groceries,17,3.23,54.96
2025-08-14,Store C,Home & Kitchen,3,85.65,256.94
2025-08-14,Store C,Beauty,3,25.06,75.17
2025-08-15,Store A,Electronics,11,59.6,655.55
2025-08-15,Store A,Clothing,3,67.61,202.84
2025-08-15,Store A,Groceries,13,5.44,70.74
2025-08-15,Store A,Home & Kitchen,4,45.77,183.08
2025-08-15,Store A,Beauty,5,52.54,262.71
2025-08-15,Store B,Electronics,5,369.24,1846.19
2025-08-15,Store B,Clothing,6,30.04,180.25
2025-08-15,Store B,Groceries,9,17.77,159.89
2025-08-15,Store B,Home & Kitchen,7,25.19,176.33
2025-08-15,Store B,Beauty,5,51.92,259.59
2025-08-15,Store C,Electronics,10,83.74,837.44
2025-08-15,Store C,Clothing,6,71.11,426.64
2025-08-15,Store C,Groceries,8,16.68,133.47
2025-08-15,Store C,Home & Kitchen,4,67.29,269.16
2025-08-15,Store C,Beauty,4,41.09,164.36
2025-08-16,Store A,Electronics,18,362.15,6518.75
2025-08-16,Store A,Clothing,10,73.09,730.94
2025-08-16,Store A,Groceries,14,4.7,65.74
2025-08-16,Store A,Home & Kitchen,8,32.57,260.54
2025-08-16,Store A,Beauty,11,33.8,371.83
2025-08-16,Store B,Electronics,11,384.27,4227.02
2025-08-16,Store B,Clothing,13,35.06,455.73
2025-08-16,Store B,Groceries,11,5.08,55.92
2025-08-16,Store B,Home & Kitchen,9,101.05,909.44
2025-08-16,Store B,Beauty,3,35.2,105.6
2025-08-16,Store C,Electronics,10,352.73,3527.25
2025-08-16,Store C,Clothing,9,49.07,441.62
2025-08-16,Store C,Groceries,8,23.28,186.27
2025-08-16,Store C,Home & Kitchen,8,71.75,574.0
2025-08-16,Store C,Beauty,3,20.81,62.43
2025-08-17,Store A,Electronics,7,353.35,2473.48
2025-08-17,Store A,Clothing,12,56.77,681.26
2025-08-17,Store A,Groceries,12,13.78,165.35
2025-08-17,Store A,Home & Kitchen,4,106.83,427.31
2025-08-17,Store A,Beauty,9,58.72,528.51
2025-08-17,Store B,Electronics,18,375.72,6763.04
2025-08-17,Store B,Clothing,3,26.74,80.22
2025-08-17,Store B,Groceries,15,18.92,283.78
2025-08-17,Store B,Home & Kitchen,6,25.52,153.12
2025-08-17,Store B,Beauty,4,58.04,232.18
2025-08-17,Store C,Electronics,10,156.74,1567.36
2025-08-17,Store C,Clothing,9,64.74,582.67
2025-08-17,Store C,Groceries,8,13.99,111.92
2025-08-17,Store C,Home & Kitchen,8,86.71,693.67
2025-08-17,Store C,Beauty,5,52.34,261.71
2025-08-18,Store A,Electronics,5,202.46,1012.32
2025-08-18,Store A,Clothing,4,66.64,266.57
2025-08-18,Store A,Groceries,17,22.31,379.28
2025-08-18,Store A,Home & Kitchen,4,109.01,436.05
2025-08-18,Store A,Beauty,5,8.55,42.77
2025-08-18,Store B,Electronics,6,114.6,687.59
2025-08-18,Store B,Clothing,5,39.21,196.06
2025-08-18,Store B,Groceries,11,18.01,198.06
2025-08-18,Store B,Home & Kitchen,3,78.54,235.63
2025-08-18,Store B,Beauty,4,28.62,114.49
2025-08-18,Store C,Electronics,7,105.99,741.91
2025-08-18,Store C,Clothing,6,37.57,225.45
2025-08-18,Store C,Groceries,2,24.17,48.34
2025-08-18,Store C,Home & Kitchen,5,114.65,573.23
2025-08-18,Store C,Beauty,1,28.76,28.76
2025-08-19,Store A,Electronics,7,64.89,454.25
2025-08-19,Store A,Clothing,10,22.43,224.28
2025-08-19,Store A,Groceries,13,16.72,217.35
2025-08-19,Store A,Home & Kitchen,13,104.13,1353.75
2025-08-19,Store A,Beauty,7,59.3,415.07
2025-08-19,Store B,Electronics,10,186.42,1864.24
2025-08-19,Store B,Clothing,4,28.13,112.53
2025-08-19,Store B,Groceries,5,6.81,34.04
2025-08-19,Store B,Home & Kitchen,2,68.83,137.65
2025-08-19,Store B,Beauty,7,53.28,372.99
2025-08-19,Store C,Electronics,6,272.24,1633.46
2025-08-19,Store C,Clothing,6,40.58,243.5
2025-08-19,Store C,Groceries,6,13.73,82.41
2025-08-19,Store C,Home & Kitchen,3,25.64,76.92
2025-08-19,Store C,Beauty,6,55.47,332.84
2025-08-20,Store A,Electronics,5,181.91,909.54
2025-08-20,Store A,Clothing,6,38.65,231.91
2025-08-20,Store A,Groceries,10,10.7,107.02
2025-08-20,Store A,Home & Kitchen,5,48.45,242.23
2025-08-20,Store A,Beauty,3,23.6,70.81
2025-08-20,Store B,Electronics,15,209.22,3138.33
2025-08-20,Store B,Clothing,7,37.73,264.12
2025-08-20,Store B,Groceries,9,7.93,71.4
2025-08-20,Store B,Home & Kitchen,5,71.37,356.83
2025-08-20,Store B,Beauty,5,7.87,39.33
2025-08-20,Store C,Electronics,5,220.96,1104.79
2025-08-20,Store C,Clothing,3,30.73,92.19
2025-08-20,Store C,Groceries,14,6.66,93.21
2025-08-20,Store C,Home & Kitchen,4,49.89,199.58
2025-08-21,Store A,Electronics,8,243.72,1949.8
2025-08-21,Store A,Clothing,7,58.39,408.72
2025-08-21,Store A,Groceries,17,15.93,270.89
2025-08-21,Store A,Home & Kitchen,10,94.82,948.24
2025-08-21,Store A,Beauty,12,38.4,460.82
2025-08-21,Store B,Electronics,3,235.19,705.58
2025-08-21,Store B,Clothing,5,64.0,320.02
2025-08-21,Store B,Groceries,10,11.25,112.54
2025-08-21,Store B,Home & Kitchen,3,42.15,126.46
2025-08-21,Store B,Beauty,4,30.56,122.26
2025-08-21,Store C,Electronics,8,210.25,1681.96
2025-08-21,Store C,Clothing,6,18.89,113.34
2025-08-21,Store C,Groceries,13,24.66,320.62
2025-08-21,Store C,Home & Kitchen,4,75.79,303.16
2025-08-21,Store C,Beauty,4,55.36,221.45
2025-08-22,Store A,Electronics,13,220.76,2869.86
2025-08-22,Store A,Clothing,10,54.39,543.91
2025-08-22,Store A,Groceries,7,15.15,106.08
2025-08-22,Store A,Home & Kitchen,8,101.39,811.15
2025-08-22,Store A,Beauty,7,6.26,43.82
2025-08-22,Store B,Electronics,4,76.72,306.89
2025-08-22,Store B,Clothing,9,39.69,357.23
2025-08-22,Store B,Groceries,13,24.45,317.79
2025-08-22,Store B,Home & Kitchen,9,16.98,152.83
2025-08-22,Store B,Beauty,3,51.4,154.21
2025-08-22,Store C,Electronics,4,330.71,1322.85
2025-08-22,Store C,Clothing,6,66.17,397.0
2025-08-22,Store C,Groceries,10,4.16,41.58
2025-08-22,Store C,Home & Kitchen,6,18.42,110.55
2025-08-22,Store C,Beauty,5,31.62,158.1
2025-08-23,Store A,Electronics,11,251.74,2769.13
2025-08-23,Store A,Clothing,11,65.13,716.44
2025-08-23,Store A,Groceries,17,18.34,311.78
2025-08-23,Store A,Home & Kitchen,11,27.84,306.22
2025-08-23,Store A,Beauty,8,38.86,310.88
2025-08-23,Store B,Electronics,7,121.6,851.22
2025-08-23,Store B,Clothing,8,62.0,495.97
2025-08-23,Store B,Groceries,11,9.72,106.91
2025-08-23,Store B,Home & Kitchen,5,92.79,463.97
2025-08-23,Store B,Beauty,4,14.31,57.26
2025-08-23,Store C,Electronics,10,304.77,3047.71
2025-08-23,Store C,Clothing,9,70.84,637.54
2025-08-23,Store C,Groceries,8,19.2,153.64
2025-08-23,Store C,Home & Kitchen,3,17.09,51.26
2025-08-23,Store C,Beauty,2,47.32,94.64
2025-08-24,Store A,Electronics,10,191.17,1911.68
2025-08-24,Store A,Clothing,11,23.84,262.26
2025-08-24,Store A,Groceries,11,15.33,168.61
2025-08-24,Store A,Home & Kitchen,14,21.85,305.91
2025-08-24,Store A,Beauty,11,54.25,596.79
2025-08-24,Store B,Electronics,14,209.65,2935.16
2025-08-24,Store B,Clothing,14,32.36,453.06
2025-08-24,Store B,Groceries,13,10.57,137.4
2025-08-24,Store B,Home & Kitchen,3,49.07,147.22
2025-08-24,Store B,Beauty,6,47.54,285.26
2025-08-24,Store C,Electronics,15,301.36,4520.39
2025-08-24,Store C,Clothing,7,20.16,141.1
2025-08-24,Store C,Groceries,14,16.5,231.07
2025-08-24,Store C,Home & Kitchen,5,77.15,385.74
2025-08-24,Store C,Beauty,1,30.95,30.95
2025-08-25,Store A,Electronics,8,245.81,1966.49
2025-08-25,Store A,Clothing,4,23.89,95.55
2025-08-25,Store A,Groceries,15,8.74,131.14
2025-08-25,Store A,Home & Kitchen,5,91.14,455.71
2025-08-25,Store A,Beauty,5,22.39,111.93
2025-08-25,Store B,Electronics,11,252.63,2778.89
2025-08-25,Store B,Clothing,5,32.71,163.57
2025-08-25,Store B,Groceries,11,10.83,119.16
2025-08-25,Store B,Home & Kitchen,8,93.22,745.75
2025-08-25,Store B,Beauty,5,22.64,113.21
2025-08-25,Store C,Electronics,8,153.47,1227.72
2025-08-25,Store C,Clothing,8,75.09,600.7
2025-08-25,Store C,Groceries,13,16.93,220.15
2025-08-25,Store C,Home & Kitchen,2,86.53,173.07
2025-08-25,Store C,Beauty,5,39.09,195.46
2025-08-26,Store A,Electronics,10,340.27,3402.68
2025-08-26,Store A,Clothing,12,75.15,901.85
2025-08-26,Store A,Groceries,11,19.19,211.11
2025-08-26,Store A,Home & Kitchen,4,73.72,294.89
2025-08-26,Store A,Beauty,3,32.77,98.31
2025-08-26,Store B,Electronics,7,225.81,1580.66
2025-08-26,Store B,Clothing,7,38.2,267.38
2025-08-26,Store B,Groceries,6,4.38,26.29
2025-08-26,Store B,Home & Kitchen,4,45.76,183.03
2025-08-26,Store B,Beauty,5,37.32,186.6
2025-08-26,Store C,Electronics,6,339.32,2035.94
2025-08-26,Store C,Clothing,5,23.23,116.14
2025-08-26,Store C,Groceries,7,8.01,56.06
2025-08-26,Store C,Home & Kitchen,3,38.44,115.32
2025-08-26,Store C,Beauty,4,35.02,140.06
2025-08-27,Store A,Electronics,13,285.73,3714.53
2025-08-27,Store A,Clothing,8,79.4,635.2
2025-08-27,Store A,Groceries,14,11.39,159.51
2025-08-27,Store A,Home & Kitchen,9,114.78,1033.0
2025-08-27,Store A,Beauty,2,45.99,91.98
2025-08-27,Store B,Electronics,8,376.41,3011.3
2025-08-27,Store B,Clothing,11,51.65,568.11
2025-08-27,Store B,Groceries,3,14.15,42.44
2025-08-27,Store B,Home & Kitchen,7,85.58,599.03
2025-08-27,Store B,Beauty,1,52.6,52.6
2025-08-27,Store C,Electronics,3,216.9,650.7
2025-08-27,Store C,Clothing,6,38.53,231.15
2025-08-27,Store C,Groceries,8,10.37,82.97
2025-08-27,Store C,Home & Kitchen,2,62.05,124.11
2025-08-27,Store C,Beauty,5,24.93,124.67
2025-08-28,Store A,Electronics,7,94.15,659.03
2025-08-28,Store A,Clothing,7,60.43,423.04
2025-08-28,Store A,Groceries,12,11.14,133.68
2025-08-28,Store A,Home & Kitchen,9,32.84,295.55
2025-08-28,Store A,Beauty,1,29.93,29.93
2025-08-28,Store B,Electronics,7,97.8,684.62
2025-08-28,Store B,Clothing,8,75.71,605.72
2025-08-28,Store B,Groceries,15,17.78,266.63
2025-08-28,Store B,Home & Kitchen,7,62.15,435.06
2025-08-28,Store B,Beauty,2,41.42,82.83
2025-08-28,Store C,Electronics,7,249.92,1749.43
2025-08-28,Store C,Clothing,7,47.45,332.18
2025-08-28,Store C,Groceries,4,2.75,10.99
2025-08-28,Store C,Home & Kitchen,3,75.2,225.59
2025-08-28,Store C,Beauty,4,7.46,29.84
2025-08-29,Store A,Electronics,6,140.23,841.38
2025-08-29,Store A,Clothing,13,63.76,828.89
2025-08-29,Store A,Groceries,19,10.94,207.77
2025-08-29,Store A,Home & Kitchen,8,111.7,893.62
2025-08-29,Store A,Beauty,7,50.38,352.69
2025-08-29,Store B,Electronics,4,153.1,612.4
2025-08-29,Store B,Clothing,4,53.97,215.86
2025-08-29,Store B,Groceries,9,22.3,200.72
2025-08-29,Store B,Home & Kitchen,3,58.9,176.69
2025-08-29,Store B,Beauty,6,11.66,69.95
2025-08-29,Store C,Electronics,6,272.09,1632.53
2025-08-29,Store C,Clothing,2,23.62,47.23
2025-08-29,Store C,Groceries,8,13.21,105.67
2025-08-29,Store C,Home & Kitchen,5,15.53,77.67
2025-08-29,Store C,Beauty,3,45.06,135.19
2025-08-30,Store A,Electronics,15,391.38,5870.67
2025-08-30,Store A,Clothing,6,23.85,143.1
2025-08-30,Store A,Groceries,10,18.67,186.67
2025-08-30,Store A,Home & Kitchen,8,65.39,523.15
2025-08-30,Store A,Beauty,4,19.83,79.34
2025-08-30,Store B,Electronics,17,222.0,3774.07
2025-08-30,Store B,Clothing,12,63.19,758.23
2025-08-30,Store B,Groceries,17,23.26,395.46
2025-08-30,Store B,Home & Kitchen,5,93.83,469.14
2025-08-30,Store B,Beauty,5,25.4,126.99
2025-08-30,Store C,Electronics,3,333.89,1001.67
2025-08-30,Store C,Clothing,9,29.13,262.18
2025-08-30,Store C,Groceries,13,5.85,76.05
2025-08-30,Store C,Home & Kitchen,5,42.39,211.97
2025-08-30,Store C,Beauty,2,59.22,118.44
2025-08-31,Store A,Electronics,10,333.41,3334.14
2025-08-31,Store A,Clothing,6,68.53,411.17
2025-08-31,Store A,Groceries,15,20.28,304.24
2025-08-31,Store A,Home & Kitchen,7,23.66,165.65
2025-08-31,Store A,Beauty,8,5.98,47.87
2025-08-31,Store B,Electronics,16,104.57,1673.07
2025-08-31,Store B,Clothing,10,74.88,748.78
2025-08-31,Store B,Groceries,18,2.94,52.93
2025-08-31,Store B,Home & Kitchen,8,113.26,906.11
2025-08-31,Store B,Beauty,8,13.51,108.1
2025-08-31,Store C,Electronics,9,126.16,1135.47
2025-08-31,Store C,Clothing,8,74.94,599.49
2025-08-31,Store C,Groceries,6,8.71,52.28
2025-08-31,Store C,Home & Kitchen,8,35.69,285.54
2025-08-31,Store C,Beauty,4,8.03,32.12
2025-09-01,Store A,Electronics,9,312.3,2810.66
2025-09-01,Store A,Clothing,4,15.67,62.69
2025-09-01,Store A,Groceries,8,3.89,31.08
2025-09-01,Store A,Home & Kitchen,5,35.28,176.41
2025-09-01,Store A,Beauty,3,18.14,54.41
2025-09-01,Store B,Electronics,6,314.47,1886.8
2025-09-01,Store B,Clothing,7,32.25,225.77
2025-09-01,Store B,Groceries,13,6.25,81.22
2025-09-01,Store B,Beauty,6,57.61,345.66
2025-09-01,Store C,Electronics,11,150.52,1655.74
2025-09-01,Store C,Clothing,4,28.05,112.19
2025-09-01,Store C,Groceries,9,20.05,180.42
2025-09-01,Store C,Home & Kitchen,3,118.57,355.72
2025-09-01,Store C,Beauty,4,33.54,134.16
2025-09-02,Store A,Electronics,11,168.64,1855.06
2025-09-02,Store A,Clothing,1,59.34,59.34
2025-09-02,Store A,Groceries,13,19.76,256.87
2025-09-02,Store A,Home & Kitchen,12,114.43,1373.18
2025-09-02,Store A,Beauty,5,9.19,45.93
2025-09-02,Store B,Electronics,7,244.46,1711.2
2025-09-02,Store B,Clothing,2,42.2,84.39
2025-09-02,Store B,Groceries,9,2.03,18.23
2025-09-02,Store B,Home & Kitchen,4,44.47,177.88
2025-09-02,Store B,Beauty,6,34.72,208.3
2025-09-02,Store C,Electronics,4,127.92,511.7
2025-09-02,Store C,Clothing,4,22.85,91.41
2025-09-02,Store C,Groceries,14,3.23,45.29
2025-09-02,Store C,Home & Kitchen,3,93.87,281.6
2025-09-02,Store C,Beauty,5,31.52,157.61
2025-09-03,Store A,Electronics,4,206.06,824.25
2025-09-03,Store A,Clothing,4,24.27,97.08
2025-09-03,Store A,Groceries,15,21.38,320.68
2025-09-03,Store A,Home & Kitchen,1,103.53,103.53
2025-09-03,Store A,Beauty,10,56.72,567.2
2025-09-03,Store B,Electronics,6,225.68,1354.09
2025-09-03,Store B,Clothing,6,19.56,117.38
2025-09-03,Store B,Groceries,8,3.26,26.11
2025-09-03,Store B,Home & Kitchen,3,102.12,306.36
2025-09-03,Store B,Beauty,7,28.81,201.7
2025-09-03,Store C,Electronics,9,186.12,1675.06
2025-09-03,Store C,Clothing,4,76.85,307.4
2025-09-03,Store C,Groceries,7,17.12,119.83
2025-09-03,Store C,Home & Kitchen,5,118.51,592.55
2025-09-03,Store C,Beauty,5,36.12,180.62
2025-09-04,Store A,Electronics,10,136.25,1362.55
2025-09-04,Store A,Clothing,8,53.41,427.29
2025-09-04,Store A,Groceries,14,24.74,346.39
2025-09-04,Store A,Home & Kitchen,4,27.61,110.43
2025-09-04,Store A,Beauty,4,34.11,136.45
2025-09-04,Store B,Electronics,4,357.2,1428.8
2025-09-04,Store B,Clothing,5,76.86,384.31
2025-09-04,Store B,Groceries,7,17.25,120.78
2025-09-04,Store B,Home & Kitchen,5,98.47,492.35
2025-09-04,Store B,Beauty,5,49.13,245.63
2025-09-04,Store C,Electronics,6,51.89,311.37
2025-09-04,Store C,Clothing,7,39.94,279.6
2025-09-04,Store C,Groceries,9,23.13,208.2
2025-09-04,Store C,Home & Kitchen,2,35.4,70.8
2025-09-04,Store C,Beauty,3,47.24,141.72
2025-09-05,Store A,Electronics,9,283.23,2549.05
2025-09-05,Store A,Clothing,2,30.33,60.66
2025-09-05,Store A,Groceries,12,2.01,24.13
2025-09-05,Store A,Home & Kitchen,9,50.03,450.23
2025-09-05,Store A,Beauty,6,24.97,149.81
2025-09-05,Store B,Electronics,6,117.37,704.2
2025-09-05,Store B,Clothing,6,53.48,320.9
2025-09-05,Store B,Groceries,5,5.81,29.04
2025-09-05,Store B,Home & Kitchen,6,56.07,336.42
2025-09-05,Store B,Beauty,7,49.83,348.82
2025-09-05,Store C,Electronics,6,288.14,1728.86
2025-09-05,Store C,Clothing,5,79.81,399.06
2025-09-05,Store C,Groceries,14,15.68,219.5
2025-09-05,Store C,Home & Kitchen,3,22.04,66.12
2025-09-05,Store C,Beauty,3,49.87,149.61
2025-09-06,Store A,Electronics,11,274.5,3019.51
2025-09-06,Store A,Clothing,7,72.51,507.55
2025-09-06,Store A,Groceries,11,16.09,177.0
2025-09-06,Store A,Home & Kitchen,9,82.56,743.03
2025-09-06,Store A,Beauty,5,18.56,92.78
2025-09-06,Store B,Electronics,1,395.77,395.77
2025-09-06,Store B,Clothing,7,63.85,446.95
2025-09-06,Store B,Groceries,10,11.69,116.93
2025-09-06,Store B,Home & Kitchen,7,26.53,185.7
2025-09-06,Store B,Beauty,4,11.92,47.68
2025-09-06,Store C,Electronics,11,139.75,1537.23
2025-09-06,Store C,Clothing,8,45.59,364.69
2025-09-06,Store C,Groceries,8,7.77,62.18
2025-09-06,Store C,Home & Kitchen,7,57.93,405.53
2025-09-06,Store C,Beauty,5,25.69,128.45
2025-09-07,Store A,Electronics,13,233.56,3036.29
2025-09-07,Store A,Clothing,8,28.82,230.59
2025-09-07,Store A,Groceries,16,14.35,229.67
2025-09-07,Store A,Home & Kitchen,7,98.14,687.0
2025-09-07,Store A,Beauty,9,13.27,119.42
2025-09-07,Store B,Electronics,8,316.3,2530.41
2025-09-07,Store B,Clothing,6,62.15,372.9
2025-09-07,Store B,Groceries,15,24.26,363.94
2025-09-07,Store B,Home & Kitchen,9,89.09,801.81
2025-09-07,Store B,Beauty,7,19.09,133.64
2025-09-07,Store C,Electronics,9,111.48,1003.33
2025-09-07,Store C,Clothing,7,75.49,528.4
2025-09-07,Store C,Groceries,9,12.41,111.68
2025-09-07,Store C,Home & Kitchen,3,106.98,320.94
2025-09-07,Store C,Beauty,4,52.25,209.02
2025-09-08,Store A,Electronics,8,179.65,1437.19
2025-09-08,Store A,Clothing,6,26.7,160.23
2025-09-08,Store A,Groceries,14,11.62,162.68
2025-09-08,Store A,Home & Kitchen,5,69.95,349.73
2025-09-08,Store A,Beauty,5,25.55,127.76
2025-09-08,Store B,Electronics,11,262.09,2883.04
2025-09-08,Store B,Clothing,6,66.37,398.2
2025-09-08,Store B,Groceries,5,16.08,80.4
2025-09-08,Store B,Home & Kitchen,5,103.25,516.27
2025-09-08,Store B,Beauty,3,31.1,93.29
2025-09-08,Store C,Electronics,4,140.15,560.58
2025-09-08,Store C,Clothing,1,38.55,38.55
2025-09-08,Store C,Groceries,10,3.85,38.45
2025-09-08,Store C,Home & Kitchen,3,36.78,110.34
2025-09-08,Store C,Beauty,2,14.83,29.66
2025-09-09,Store A,Electronics,10,314.55,3145.47
2025-09-09,Store A,Clothing,8,71.25,569.98
2025-09-09,Store A,Groceries,15,8.15,122.21
2025-09-09,Store A,Home & Kitchen,12,40.45,485.34
2025-09-09,Store A,Beauty,7,48.34,338.38
2025-09-09,Store B,Electronics,6,167.63,1005.78
2025-09-09,Store B,Clothing,3,36.1,108.31
2025-09-09,Store B,Groceries,11,3.61,39.72
2025-09-09,Store B,Home & Kitchen,8,11.41,91.27
2025-09-09,Store B,Beauty,6,33.94,203.62
2025-09-09,Store C,Electronics,6,236.08,1416.5
2025-09-09,Store C,Clothing,6,22.03,132.19
2025-09-09,Store C,Groceries,9,14.54,130.9
2025-09-09,Store C,Home & Kitchen,2,24.93,49.87
2025-09-09,Store C,Beauty,3,19.72,59.15
2025-09-10,Store A,Electronics,11,231.28,2544.1
2025-09-10,Store A,Clothing,10,40.4,404.02
2025-09-10,Store A,Groceries,11,23.75,261.23
2025-09-10,Store A,Home & Kitchen,2,111.75,223.5
2025-09-10,Store A,Beauty,4,34.71,138.85
2025-09-10,Store B,Electronics,5,163.84,819.2
2025-09-10,Store B,Clothing,6,24.82,148.91
2025-09-10,Store B,Groceries,7,19.02,133.11
2025-09-10,Store B,Home & Kitchen,2,63.97,127.94
2025-09-10,Store B,Beauty,2,53.24,106.48
2025-09-10,Store C,Electronics,2,245.84,491.69
2025-09-10,Store C,Clothing,9,16.72,150.48
2025-09-10,Store C,Groceries,7,8.01,56.05
2025-09-10,Store C,Home & Kitchen,2,40.28,80.55
2025-09-10,Store C,Beauty,1,43.36,43.36
2025-09-11,Store A,Electronics,8,89.9,719.2
2025-09-11,Store A,Clothing,8,47.11,376.92
2025-09-11,Store A,Groceries,12,7.85,94.16
2025-09-11,Store A,Home & Kitchen,4,27.71,110.84
2025-09-11,Store A,Beauty,3,47.52,142.55
2025-09-11,Store B,Electronics,8,300.81,2406.48
2025-09-11,Store B,Clothing,7,56.82,397.71
2025-09-11,Store B,Groceries,12,4.22,50.62
2025-09-11,Store B,Home & Kitchen,5,93.06,465.31
2025-09-11,Store B,Beauty,8,18.41,147.3
2025-09-11,Store C,Electronics,3,64.8,194.41
2025-09-11,Store C,Clothing,2,67.9,135.8
2025-09-11,Store C,Groceries,5,14.63,73.17
2025-09-11,Store C,Home & Kitchen,8,34.06,272.48
2025-09-11,Store C,Beauty,7,59.67,417.68
2025-09-12,Store A,Electronics,8,351.6,2812.79
2025-09-12,Store A,Clothing,3,29.32,87.96
2025-09-12,Store A,Groceries,11,10.59,116.46
2025-09-12,Store A,Home & Kitchen,6,20.25,121.51
2025-09-12,Store A,Beauty,3,45.61,136.82
2025-09-12,Store B,Electronics,7,231.42,1619.95
2025-09-12,Store B,Clothing,4,43.12,172.49
2025-09-12,Store B,Groceries,13,4.55,59.16
2025-09-12,Store B,Home & Kitchen,10,117.7,1177.0
2025-09-12,Store B,Beauty,3,34.96,104.87
2025-09-12,Store C,Electronics,4,347.52,1390.09
2025-09-12,Store C,Clothing,4,28.44,113.77
2025-09-12,Store C,Groceries,8,9.43,75.43
2025-09-12,Store C,Home & Kitchen,3,85.41,256.22
2025-09-12,Store C,Beauty,7,52.77,369.4
2025-09-13,Store A,Electronics,10,378.93,3789.31
2025-09-13,Store A,Clothing,10,33.62,336.23
2025-09-13,Store A,Groceries,18,2.54,45.81
2025-09-13,Store A,Home & Kitchen,4,56.85,227.42
2025-09-13,Store A,Beauty,4,29.92,119.69
2025-09-13,Store B,Electronics,9,208.72,1878.44
2025-09-13,Store B,Clothing,7,66.89,468.24
2025-09-13,Store B,Groceries,8,18.06,144.45
2025-09-13,Store B,Home & Kitchen,5,65.21,326.03
2025-09-13,Store B,Beauty,5,54.78,273.88
2025-09-13,Store C,Electronics,9,157.49,1417.44
2025-09-13,Store C,Clothing,9,68.92,620.26
2025-09-13,Store C,Groceries,10,10.64,106.43
2025-09-13,Store C,Home & Kitchen,5,30.73,153.67
2025-09-13,Store C,Beauty,5,32.99,164.96
2025-09-14,Store A,Electronics,12,62.26,747.12
2025-09-14,Store A,Clothing,9,23.14,208.27
2025-09-14,Store A,Groceries,9,11.64,104.74
2025-09-14,Store A,Home & Kitchen,14,27.29,382.09
2025-09-14,Store A,Beauty,4,35.82,143.28
2025-09-14,Store B,Electronics,12,88.14,1057.62
2025-09-14,Store B,Clothing,6,16.79,100.74
2025-09-14,Store B,Groceries,10,17.27,172.71
2025-09-14,Store B,Home & Kitchen,8,67.65,541.16
2025-09-14,Store B,Beauty,5,19.88,99.38
2025-09-14,Store C,Electronics,3,317.43,952.3
2025-09-14,Store C,Clothing,7,31.84,222.91
2025-09-14,Store C,Groceries,6,17.6,105.6
2025-09-14,Store C,Home & Kitchen,4,49.22,196.86
2025-09-14,Store C,Beauty,2,10.2,20.39
2025-09-15,Store A,Electronics,9,263.45,2371.08
2025-09-15,Store A,Clothing,2,29.02,58.03
2025-09-15,Store A,Groceries,10,5.64,56.43
2025-09-15,Store A,Home & Kitchen,6,15.11,90.63
2025-09-15,Store A,Beauty,4,20.09,80.35
2025-09-15,Store B,Electronics,5,326.82,1634.08
2025-09-15,Store B,Clothing,4,27.85,111.41
2025-09-15,Store B,Groceries,6,14.68,88.09
2025-09-15,Store B,Home & Kitchen,5,78.07,390.34
2025-09-15,Store B,Beauty,4,51.57,206.29
2025-09-15,Store C,Electronics,7,205.82,1440.72
2025-09-15,Store C,Clothing,3,68.09,204.26
2025-09-15,Store C,Groceries,9,7.4,66.61
2025-09-15,Store C,Home & Kitchen,2,81.42,162.84
2025-09-15,Store C,Beauty,4,13.53,54.12
2025-09-16,Store A,Electronics,7,207.62,1453.34
2025-09-16,Store A,Clothing,4,23.01,92.02
2025-09-16,Store A,Groceries,4,12.49,49.97
2025-09-16,Store A,Home & Kitchen,5,43.92,219.6
2025-09-16,Store A,Beauty,5,52.18,260.89
2025-09-16,Store B,Electronics,6,76.06,456.37
2025-09-16,Store B,Clothing,4,55.21,220.85
2025-09-16,Store B,Groceries,12,9.18,110.18
2025-09-16,Store B,Home & Kitchen,4,115.91,463.65
2025-09-16,Store C,Electronics,4,321.25,1285.0
2025-09-16,Store C,Clothing,1,76.26,76.26
2025-09-16,Store C,Groceries,8,6.55,52.39
2025-09-16,Store C,Home & Kitchen,8,41.49,331.95
2025-09-16,Store C,Beauty,2,6.79,13.58
2025-09-17,Store A,Electronics,7,257.64,1803.5
2025-09-17,Store A,Clothing,4,27.38,109.51
2025-09-17,Store A,Groceries,14,6.19,86.62
2025-09-17,Store A,Home & Kitchen,5,14.77,73.87
2025-09-17,Store A,Beauty,5,19.43,97.16
2025-09-17,Store B,Electronics,9,363.04,3267.39
2025-09-17,Store B,Clothing,6,16.06,96.36
2025-09-17,Store B,Groceries,5,18.86,94.29
2025-09-17,Store B,Home & Kitchen,3,71.46,214.38
2025-09-17,Store B,Beauty,1,25.38,25.38
2025-09-17,Store C,Electronics,8,320.37,2562.99
2025-09-17,Store C,Clothing,3,44.9,134.7
2025-09-17,Store C,Groceries,6,16.45,98.67
2025-09-17,Store C,Home & Kitchen,4,11.79,47.16
2025-09-17,Store C,Beauty,2,40.56,81.13
2025-09-18,Store A,Electronics,8,390.14,3121.14
2025-09-18,Store A,Clothing,9,59.03,531.25
2025-09-18,Store A,Groceries,13,19.92,258.91
2025-09-18,Store A,Home & Kitchen,2,113.12,226.23
2025-09-18,Store A,Beauty,5,24.41,122.04
2025-09-18,Store B,Electronics,5,309.82,1549.12
2025-09-18,Store B,Clothing,5,17.19,85.93
2025-09-18,Store B,Groceries,5,5.42,27.11
2025-09-18,Store B,Home & Kitchen,1,28.28,28.28
2025-09-18,Store B,Beauty,3,10.25,30.74
2025-09-18,Store C,Electronics,6,338.26,2029.58
2025-09-18,Store C,Clothing,3,38.58,115.75
2025-09-18,Store C,Groceries,6,16.6,99.59
2025-09-18,Store C,Home & Kitchen,6,90.91,545.44
2025-09-18,Store C,Beauty,3,52.31,156.93
2025-09-19,Store A,Electronics,9,201.61,1814.49
2025-09-19,Store A,Clothing,5,79.22,396.11
2025-09-19,Store A,Groceries,8,3.63,29.02
2025-09-19,Store A,Home & Kitchen,8,62.04,496.32
2025-09-19,Store A,Beauty,8,22.65,181.16
2025-09-19,Store B,Electronics,4,203.0,811.99
2025-09-19,Store B,Clothing,7,76.11,532.74
2025-09-19,Store B,Groceries,15,20.59,308.79
2025-09-19,Store B,Home & Kitchen,1,47.89,47.89
2025-09-19,Store B,Beauty,1,46.81,46.81
2025-09-19,Store C,Electronics,3,63.51,190.52
2025-09-19,Store C,Clothing,3,35.54,106.62
2025-09-19,Store C,Groceries,12,19.38,232.58
2025-09-19,Store C,Home & Kitchen,6,19.04,114.24
2025-09-19,Store C,Beauty,2,14.31,28.62
2025-09-20,Store A,Electronics,10,211.79,2117.9
2025-09-20,Store A,Clothing,9,72.29,650.57
2025-09-20,Store A,Groceries,10,4.58,45.79
2025-09-20,Store A,Home & Kitchen,13,16.69,216.96
2025-09-20,Store A,Beauty,8,19.38,155.01
2025-09-20,Store B,Electronics,11,124.57,1370.22
2025-09-20,Store B,Clothing,3,40.98,122.94
2025-09-20,Store B,Groceries,8,12.71,101.65
2025-09-20,Store B,Home & Kitchen,6,105.49,632.96
2025-09-20,Store B,Beauty,10,29.84,298.43
2025-09-20,Store C,Electronics,10,258.83,2588.33
2025-09-20,Store C,Clothing,7,69.92,489.43
2025-09-20,Store C,Groceries,6,23.26,139.56
2025-09-20,Store C,Home & Kitchen,6,63.42,380.52
2025-09-20,Store C,Beauty,2,21.45,42.9
2025-09-21,Store A,Electronics,7,309.68,2167.73
2025-09-21,Store A,Clothing,7,24.63,172.44
2025-09-21,Store A,Groceries,16,6.67,106.79
2025-09-21,Store A,Home & Kitchen,7,22.49,157.45
2025-09-21,Store A,Beauty,5,23.0,114.98
2025-09-21,Store B,Electronics,5,209.17,1045.86
2025-09-21,Store B,Clothing,6,55.88,335.25
2025-09-21,Store B,Groceries,6,14.79,88.72
2025-09-21,Store B,Home & Kitchen,3,118.4,355.2
2025-09-21,Store B,Beauty,11,20.75,228.28
2025-09-21,Store C,Electronics,10,349.77,3497.73
2025-09-21,Store C,Clothing,5,63.34,316.69
2025-09-21,Store C,Groceries,11,7.65,84.15
2025-09-21,Store C,Home & Kitchen,3,112.14,336.41
2025-09-21,Store C,Beauty,4,39.73,158.91
2025-09-22,Store A,Electronics,7,230.79,1615.51
2025-09-22,Store A,Clothing,10,15.12,151.22
2025-09-22,Store A,Groceries,7,21.76,152.3
2025-09-22,Store A,Home & Kitchen,6,19.05,114.31
2025-09-22,Store A,Beauty,5,49.02,245.12
2025-09-22,Store B,Electronics,6,113.82,682.94
2025-09-22,Store B,Clothing,3,41.54,124.63
2025-09-22,Store B,Groceries,6,18.06,108.35
2025-09-22,Store B,Home & Kitchen,6,13.36,80.16
2025-09-22,Store B,Beauty,2,20.65,41.3
2025-09-22,Store C,Electronics,4,349.35,1397.41
2025-09-22,Store C,Clothing,7,36.91,258.4
2025-09-22,Store C,Groceries,10,4.93,49.29
2025-09-22,Store C,Home & Kitchen,7,114.83,803.81
2025-09-22,Store C,Beauty,3,16.9,50.71
2025-09-23,Store A,Electronics,10,68.64,686.42
2025-09-23,Store A,Clothing,10,37.65,376.47
2025-09-23,Store A,Groceries,13,17.88,232.45
2025-09-23,Store A,Home & Kitchen,7,48.7,340.92
2025-09-23,Store A,Beauty,2,36.68,73.35
2025-09-23,Store B,Electronics,8,85.11,680.89
2025-09-23,Store B,Clothing,5,69.28,346.39
2025-09-23,Store B,Groceries,6,4.81,28.84
2025-09-23,Store B,Home & Kitchen,6,78.87,473.23
2025-09-23,Store B,Beauty,4,15.39,61.54
2025-09-23,Store C,Electronics,8,305.15,2441.21
2025-09-23,Store C,Clothing,8,26.28,210.27
2025-09-23,Store C,Groceries,7,22.78,159.45
2025-09-23,Store C,Home & Kitchen,5,114.93,574.64
2025-09-23,Store C,Beauty,1,6.02,6.02
2025-09-24,Store A,Electronics,7,290.53,2033.69
2025-09-24,Store A,Clothing,7,32.94,230.56
2025-09-24,Store A,Groceries,7,22.05,154.34
2025-09-24,Store A,Home & Kitchen,6,78.16,468.93
2025-09-24,Store A,Beauty,5,14.86,74.31
2025-09-24,Store B,Electronics,4,313.01,1252.06
2025-09-24,Store B,Clothing,4,67.45,269.8
2025-09-24,Store B,Groceries,11,6.25,68.73
2025-09-24,Store B,Home & Kitchen,4,91.11,364.44
2025-09-24,Store C,Groceries,5,4.56,22.82
2025-09-24,Store C,Home & Kitchen,6,38.08,228.48
2025-09-25,Store A,Electronics,6,209.57,1257.45
2025-09-25,Store A,Clothing,10,57.8,578.01
2025-09-25,Store A,Groceries,11,19.57,215.3
2025-09-25,Store A,Home & Kitchen,5,79.97,399.84
2025-09-25,Store A,Beauty,7,41.69,291.84
2025-09-25,Store B,Electronics,8,56.16,449.28
2025-09-25,Store B,Clothing,5,78.25,391.23
2025-09-25,Store B,Groceries,5,11.9,59.48
2025-09-25,Store B,Home & Kitchen,2,102.08,204.16
2025-09-25,Store B,Beauty,4,35.44,141.77
2025-09-25,Store C,Electronics,6,90.66,543.95
2025-09-25,Store C,Clothing,5,22.27,111.36
2025-09-25,Store C,Groceries,4,15.06,60.24
2025-09-25,Store C,Home & Kitchen,3,34.68,104.03
2025-09-25,Store C,Beauty,2,57.13,114.26
2025-09-26,Store A,Electronics,4,99.17,396.67
2025-09-26,Store A,Clothing,5,60.09,300.46
2025-09-26,Store A,Groceries,9,17.44,157.0
2025-09-26,Store A,Home & Kitchen,9,107.79,970.13
2025-09-26,Store A,Beauty,6,18.08,108.5
2025-09-26,Store B,Electronics,5,299.69,1498.47
2025-09-26,Store B,Clothing,4,36.1,144.39
2025-09-26,Store B,Groceries,10,13.83,138.32
2025-09-26,Store B,Home & Kitchen,6,14.52,87.14
2025-09-26,Store B,Beauty,3,18.46,55.37
2025-09-26,Store C,Electronics,8,146.36,1170.9
2025-09-26,Store C,Clothing,4,60.88,243.51
2025-09-26,Store C,Groceries,8,18.64,149.08
2025-09-26,Store C,Home & Kitchen,5,46.67,233.37
2025-09-26,Store C,Beauty,8,30.25,241.99
2025-09-27,Store A,Electronics,11,393.73,4331.01
2025-09-27,Store A,Clothing,9,30.34,273.05
2025-09-27,Store A,Groceries,15,22.28,334.22
2025-09-27,Store A,Home & Kitchen,10,86.3,863.05
2025-09-27,Store A,Beauty,8,59.11,472.9
2025-09-27,Store B,Electronics,9,335.6,3020.39
2025-09-27,Store B,Clothing,6,79.95,479.73
2025-09-27,Store B,Groceries,8,17.96,143.67
2025-09-27,Store B,Home & Kitchen,10,91.35,913.48
2025-09-27,Store B,Beauty,7,18.01,126.09
2025-09-27,Store C,Electronics,6,351.17,2106.99
2025-09-27,Store C,Clothing,6,26.75,160.52
2025-09-27,Store C,Groceries,10,9.9,99.04
2025-09-27,Store C,Home & Kitchen,1,77.0,77.0
2025-09-27,Store C,Beauty,2,13.68,27.37
2025-09-28,Store A,Electronics,10,284.58,2845.77
2025-09-28,Store A,Clothing,8,58.49,467.93
2025-09-28,Store A,Groceries,11,12.95,142.43
2025-09-28,Store A,Home & Kitchen,6,58.44,350.62
2025-09-28,Store A,Beauty,4,34.24,136.97
2025-09-28,Store B,Electronics,6,128.42,770.53
2025-09-28,Store B,Clothing,7,39.57,277.02
2025-09-28,Store B,Groceries,10,2.45,24.54
2025-09-28,Store B,Home & Kitchen,5,84.66,423.32
2025-09-28,Store B,Beauty,7,48.28,337.96
2025-09-28,Store C,Electronics,4,320.64,1282.57
2025-09-28,Store C,Clothing,5,60.39,301.95
2025-09-28,Store C,Groceries,5,23.85,119.26
2025-09-28,Store C,Home & Kitchen,5,30.91,154.57
2025-09-28,Store C,Beauty,9,12.35,111.13
2025-09-29,Store A,Electronics,8,298.26,2386.09
2025-09-29,Store A,Clothing,12,63.6,763.14
2025-09-29,Store A,Groceries,7,4.38,30.63
2025-09-29,Store A,Home & Kitchen,4,115.79,463.16
2025-09-29,Store A,Beauty,5,52.14,260.71
2025-09-29,Store B,Electronics,7,64.92,454.43
2025-09-29,Store B,Clothing,2,65.4,130.79
2025-09-29,Store B,Groceries,6,6.41,38.49
2025-09-29,Store B,Home & Kitchen,3,90.61,271.84
2025-09-29,Store B,Beauty,5,45.64,228.21
2025-09-29,Store C,Electronics,7,290.81,2035.69
2025-09-29,Store C,Clothing,7,26.52,185.64
2025-09-29,Store C,Groceries,7,22.88,160.14
2025-09-29,Store C,Home & Kitchen,1,60.25,60.25
2025-09-29,Store C,Beauty,4,36.68,146.74
2025-09-30,Store A,Electronics,9,55.62,500.6
2025-09-30,Store A,Clothing,7,55.71,389.98
2025-09-30,Store A,Groceries,9,9.79,88.07
2025-09-30,Store A,Home & Kitchen,3,83.68,251.03
2025-09-30,Store A,Beauty,4,10.02,40.08
2025-09-30,Store B,Electronics,2,287.17,574.34
2025-09-30,Store B,Clothing,6,52.57,315.41
2025-09-30,Store B,Groceries,8,19.46,155.68
2025-09-30,Store B,Home & Kitchen,2,20.34,40.67
2025-09-30,Store B,Beauty,6,15.33,92.01
2025-09-30,Store C,Electronics,2,120.76,241.52
2025-09-30,Store C,Clothing,4,45.75,183.01
2025-09-30,Store C,Groceries,2,23.24,46.48
2025-09-30,Store C,Home & Kitchen,1,88.71,88.71
2025-09-30,Store C,Beauty,1,41.12,41.12
2025-10-01,Store A,Electronics,5,142.25,711.24
2025-10-01,Store A,Clothing,7,51.68,361.79
2025-10-01,Store A,Groceries,12,8.97,107.69
2025-10-01,Store A,Home & Kitchen,2,76.35,152.69
2025-10-01,Store A,Beauty,3,25.9,77.69
2025-10-01,Store B,Electronics,10,238.55,2385.47
2025-10-01,Store B,Clothing,2,72.39,144.78
2025-10-01,Store B,Groceries,4,11.85,47.4
2025-10-01,Store B,Home & Kitchen,3,83.02,249.06
2025-10-01,Store B,Beauty,5,24.92,124.61
2025-10-01,Store C,Electronics,3,191.34,574.03
2025-10-01,Store C,Clothing,6,63.87,383.2
2025-10-01,Store C,Groceries,1,23.87,23.87
2025-10-01,Store C,Home & Kitchen,4,58.65,234.61
2025-10-01,Store C,Beauty,3,37.24,111.72
2025-10-02,Store A,Electronics,14,353.45,4948.35
2025-10-02,Store A,Clothing,4,78.3,313.22
2025-10-02,Store A,Groceries,9,7.77,69.91
2025-10-02,Store A,Home & Kitchen,5,42.22,211.11
2025-10-02,Store B,Electronics,5,66.02,330.08
2025-10-02,Store B,Clothing,1,30.37,30.37
2025-10-02,Store B,Groceries,9,11.62,104.6
2025-10-02,Store B,Home & Kitchen,1,62.28,62.28
2025-10-02,Store B,Beauty,2,28.27,56.53
2025-10-02,Store C,Electronics,4,73.2,292.78
2025-10-02,Store C,Clothing,3,28.55,85.66
2025-10-02,Store C,Groceries,5,5.16,25.81
2025-10-02,Store C,Home & Kitchen,3,26.66,79.99
2025-10-03,Store A,Electronics,11,287.66,3164.3
2025-10-03,Store A,Clothing,8,72.5,580.01
2025-10-03,Store A,Groceries,8,4.59,36.7
2025-10-03,Store A,Home & Kitchen,7,115.69,809.85
2025-10-03,Store A,Beauty,2,46.68,93.36
2025-10-03,Store B,Electronics,6,73.28,439.67
2025-10-03,Store B,Clothing,4,20.5,82.01
2025-10-03,Store B,Groceries,4,9.77,39.1
2025-10-03,Store B,Home & Kitchen,2,71.88,143.76
2025-10-03,Store B,Beauty,7,47.84,334.87
2025-10-03,Store C,Electronics,2,304.12,608.25
2025-10-03,Store C,Groceries,7,13.51,94.57
2025-10-03,Store C,Home & Kitchen,1,94.4,94.4
2025-10-03,Store C,Beauty,1,55.86,55.86
2025-10-04,Store A,Electronics,11,197.07,2167.73
2025-10-04,Store A,Clothing,4,63.06,252.24
2025-10-04,Store A,Groceries,4,4.2,16.8
2025-10-04,Store A,Home & Kitchen,5,72.13,360.64
2025-10-04,Store A,Beauty,4,19.5,77.99
2025-10-04,Store B,Electronics,7,363.6,2545.17
2025-10-04,Store B,Clothing,4,34.8,139.19
2025-10-04,Store B,Groceries,11,3.07,33.74
2025-10-04,Store B,Home & Kitchen,10,72.46,724.63
2025-10-04,Store B,Beauty,1,37.13,37.13
2025-10-04,Store C,Electronics,6,338.41,2030.45
2025-10-04,Store C,Clothing,3,21.08,63.25
2025-10-04,Store C,Groceries,4,9.71,38.84
2025-10-04,Store C,Home & Kitchen,4,85.0,340.0
2025-10-04,Store C,Beauty,2,43.32,86.63
2025-10-05,Store A,Electronics,8,171.46,1371.67
2025-10-05,Store A,Clothing,1,70.73,70.73
2025-10-05,Store A,Groceries,13,17.08,222.07
2025-10-05,Store A,Home & Kitchen,5,33.09,165.47
2025-10-05,Store A,Beauty,3,34.15,102.45
2025-10-05,Store B,Electronics,5,394.37,1971.87
2025-10-05,Store B,Clothing,6,76.66,459.96
2025-10-05,Store B,Groceries,11,14.45,158.95
2025-10-05,Store B,Home & Kitchen,9,67.82,610.42
2025-10-05,Store B,Beauty,5,25.12,125.62
2025-10-05,Store C,Electronics,5,161.14,805.72
2025-10-05,Store C,Clothing,4,67.25,269.0
2025-10-05,Store C,Groceries,9,6.01,54.13
2025-10-05,Store C,Home & Kitchen,1,68.32,68.32
2025-10-05,Store C,Beauty,2,16.06,32.12
2025-10-06,Store A,Electronics,7,270.2,1891.41
2025-10-06,Store A,Clothing,3,52.02,156.07
2025-10-06,Store A,Groceries,6,2.33,13.96
2025-10-06,Store A,Home & Kitchen,9,20.19,181.73
2025-10-06,Store A,Beauty,1,59.34,59.34
2025-10-06,Store B,Electronics,4,123.72,494.87
2025-10-06,Store B,Clothing,8,32.81,262.47
2025-10-06,Store B,Groceries,4,10.65,42.6
2025-10-06,Store B,Home & Kitchen,2,19.32,38.65
2025-10-06,Store B,Beauty,2,49.14,98.29
2025-10-06,Store C,Electronics,3,337.86,1013.59
2025-10-06,Store C,Clothing,3,43.14,129.43
2025-10-06,Store C,Groceries,5,20.19,100.97
2025-10-06,Store C,Home & Kitchen,5,40.29,201.44
2025-10-06,Store C,Beauty,2,37.02,74.04
2025-10-07,Store A,Electronics,7,142.5,997.53
2025-10-07,Store A,Clothing,9,73.05,657.43
2025-10-07,Store A,Groceries,7,12.59,88.12
2025-10-07,Store A,Home & Kitchen,8,27.23,217.83
2025-10-07,Store A,Beauty,2,33.43,66.86
2025-10-07,Store B,Electronics,11,220.94,2430.36
2025-10-07,Store B,Clothing,4,50.18,200.72
2025-10-07,Store B,Groceries,4,14.95,59.82
2025-10-07,Store B,Home & Kitchen,3,73.12,219.37
2025-10-07,Store B,Beauty,4,36.66,146.62
2025-10-07,Store C,Electronics,2,394.48,788.95
2025-10-07,Store C,Clothing,4,61.27,245.08
2025-10-07,Store C,Groceries,5,11.75,58.75
2025-10-07,Store C,Home & Kitchen,2,94.52,189.04
2025-10-07,Store C,Beauty,1,13.62,13.62
2025-10-08,Store A,Electronics,7,289.81,2028.65
2025-10-08,Store A,Clothing,7,59.93,419.48
2025-10-08,Store A,Groceries,7,18.84,131.86
2025-10-08,Store A,Home & Kitchen,7,17.96,125.71
2025-10-08,Store A,Beauty,6,46.01,276.08
2025-10-08,Store B,Electronics,4,192.02,768.07
2025-10-08,Store B,Clothing,4,48.83,195.31
2025-10-08,Store B,Groceries,7,18.5,129.51
2025-10-08,Store B,Home & Kitchen,1,15.3,15.3
2025-10-08,Store B,Beauty,3,46.91,140.74
2025-10-08,Store C,Electronics,5,89.0,445.01
2025-10-08,Store C,Clothing,2,46.15,92.3
2025-10-08,Store C,Groceries,6,18.19,109.12
2025-10-08,Store C,Home & Kitchen,1,67.83,67.83
2025-10-08,Store C,Beauty,3,38.91,116.73
2025-10-09,Store A,Electronics,4,311.19,1244.76
2025-10-09,Store A,Clothing,3,39.24,117.73
2025-10-09,Store A,Groceries,7,6.83,47.82
2025-10-09,Store A,Home & Kitchen,3,68.77,206.32
2025-10-09,Store A,Beauty,3,24.1,72.29
2025-10-09,Store B,Electronics,4,166.24,664.96
2025-10-09,Store B,Clothing,5,62.19,310.96
2025-10-09,Store B,Groceries,6,19.86,119.18
2025-10-09,Store B,Home & Kitchen,4,37.3,149.18
2025-10-09,Store B,Beauty,5,58.46,292.28
2025-10-09,Store C,Electronics,5,396.23,1981.17
2025-10-09,Store C,Clothing,2,74.45,148.89
2025-10-09,Store C,Groceries,3,9.06,27.19
2025-10-09,Store C,Home & Kitchen,1,46.65,46.65
2025-10-10,Store A,Electronics,2,277.46,554.92
2025-10-10,Store A,Clothing,4,32.96,131.85
2025-10-10,Store A,Groceries,12,14.3,171.55
2025-10-10,Store A,Home & Kitchen,7,87.37,611.6
2025-10-10,Store A,Beauty,1,23.04,23.04
2025-10-10,Store B,Electronics,3,70.9,212.71
2025-10-10,Store B,Clothing,5,72.83,364.14
2025-10-10,Store B,Groceries,13,9.95,129.3
2025-10-10,Store B,Home & Kitchen,5,94.46,472.32
2025-10-10,Store B,Beauty,10,18.78,187.75
2025-10-10,Store C,Electronics,5,226.74,1133.71
2025-10-10,Store C,Clothing,4,60.13,240.52
2025-10-10,Store C,Groceries,5,16.68,83.42
2025-10-10,Store C,Home & Kitchen,4,86.8,347.21
2025-10-10,Store C,Beauty,2,22.66,45.32
2025-10-11,Store A,Electronics,6,320.19,1921.16
2025-10-11,Store A,Clothing,3,27.37,82.11
2025-10-11,Store A,Groceries,11,11.83,130.15
2025-10-11,Store A,Home & Kitchen,5,66.9,334.49
2025-10-11,Store A,Beauty,5,5.23,26.17
2025-10-11,Store B,Electronics,6,93.39,560.32
2025-10-11,Store B,Clothing,2,42.51,85.02
2025-10-11,Store B,Groceries,6,19.6,117.59
2025-10-11,Store B,Home & Kitchen,7,80.67,564.72
2025-10-11,Store B,Beauty,2,35.61,71.22
2025-10-11,Store C,Electronics,4,124.57,498.28
2025-10-11,Store C,Clothing,6,38.01,228.04
2025-10-11,Store C,Groceries,9,19.64,176.8
2025-10-11,Store C,Home & Kitchen,5,10.59,52.94
2025-10-11,Store C,Beauty,6,14.61,87.69
2025-10-12,Store A,Electronics,11,378.92,4168.15
2025-10-12,Store A,Clothing,2,39.53,79.05
2025-10-12,Store A,Groceries,10,19.43,194.28
2025-10-12,Store A,Home & Kitchen,5,67.93,339.66
2025-10-12,Store A,Beauty,4,20.12,80.47
2025-10-12,Store B,Electronics,11,242.56,2668.15
2025-10-12,Store B,Clothing,5,34.43,172.14
2025-10-12,Store B,Groceries,9,2.87,25.8
2025-10-12,Store B,Home & Kitchen,7,97.71,683.97
2025-10-12,Store B,Beauty,5,38.32,191.58
2025-10-12,Store C,Electronics,9,108.28,974.54
2025-10-12,Store C,Clothing,1,20.31,20.31
2025-10-12,Store C,Groceries,7,19.44,136.1
2025-10-12,Store C,Home & Kitchen,3,34.78,104.35
2025-10-12,Store C,Beauty,6,51.14,306.82
2025-10-13,Store A,Electronics,4,83.08,332.31
2025-10-13,Store A,Clothing,8,29.64,237.11
2025-10-13,Store A,Groceries,4,4.59,18.36
2025-10-13,Store A,Home & Kitchen,2,113.93,227.85
2025-10-13,Store A,Beauty,5,18.1,90.52
2025-10-13,Store B,Electronics,7,152.2,1065.43
2025-10-13,Store B,Clothing,3,39.23,117.7
2025-10-13,Store B,Groceries,7,21.21,148.44
2025-10-13,Store B,Home & Kitchen,3,110.79,332.36
2025-10-13,Store B,Beauty,4,12.27,49.07
2025-10-13,Store C,Electronics,6,98.03,588.2
2025-10-13,Store C,Clothing,2,52.7,105.39
2025-10-13,Store C,Groceries,6,23.67,142.0
2025-10-13,Store C,Home & Kitchen,4,116.5,466.02
2025-10-13,Store C,Beauty,1,54.12,54.12
2025-10-14,Store A,Electronics,9,179.19,1612.75
2025-10-14,Store A,Clothing,7,58.94,412.59
2025-10-14,Store A,Groceries,7,21.64,151.5
2025-10-14,Store A,Home & Kitchen,2,54.58,109.15
2025-10-14,Store A,Beauty,6,39.29,235.74
2025-10-14,Store B,Electronics,6,239.29,1435.74
2025-10-14,Store B,Clothing,5,64.41,322.05
2025-10-14,Store B,Groceries,6,13.06,78.38
2025-10-14,Store B,Home & Kitchen,8,49.73,397.84
2025-10-14,Store B,Beauty,2,10.99,21.99
2025-10-14,Store C,Electronics,4,150.48,601.93
2025-10-14,Store C,Clothing,2,45.98,91.95
2025-10-14,Store C,Groceries,5,15.4,77.0
2025-10-14,Store C,Beauty,1,21.54,21.54
2025-10-15,Store A,Electronics,5,195.84,979.19
2025-10-15,Store A,Clothing,3,43.67,131.01
2025-10-15,Store A,Groceries,5,24.83,124.15
2025-10-15,Store A,Home & Kitchen,7,49.45,346.18
2025-10-15,Store A,Beauty,3,32.2,96.59
2025-10-15,Store B,Electronics,5,279.24,1396.21
2025-10-15,Store B,Clothing,2,51.5,103.01
2025-10-15,Store B,Groceries,5,16.19,80.93
2025-10-15,Store B,Home & Kitchen,4,61.62,246.5
2025-10-15,Store B,Beauty,2,42.45,84.89
2025-10-15,Store C,Electronics,4,348.41,1393.64
2025-10-15,Store C,Clothing,4,35.0,139.99
2025-10-15,Store C,Groceries,6,10.21,61.25
2025-10-15,Store C,Home & Kitchen,2,10.05,20.11
2025-10-15,Store C,Beauty,2,6.14,12.27
2025-10-16,Store A,Electronics,6,242.29,1453.75
2025-10-16,Store A,Clothing,8,24.06,192.45
2025-10-16,Store A,Groceries,9,18.03,162.24
2025-10-16,Store A,Home & Kitchen,4,79.68,318.71
2025-10-16,Store A,Beauty,5,31.35,156.77
2025-10-16,Store B,Electronics,6,167.56,1005.38
2025-10-16,Store B,Clothing,4,79.89,319.57
2025-10-16,Store B,Groceries,8,21.27,170.18
2025-10-16,Store B,Home & Kitchen,2,45.69,91.37
2025-10-16,Store B,Beauty,2,51.82,103.65
2025-10-16,Store C,Electronics,3,149.74,449.22
2025-10-16,Store C,Clothing,4,29.0,116.01
2025-10-16,Store C,Groceries,10,4.48,44.77
2025-10-16,Store C,Home & Kitchen,2,90.24,180.48
2025-10-17,Store A,Electronics,11,141.81,1559.87
2025-10-17,Store A,Clothing,8,44.55,356.41
2025-10-17,Store A,Groceries,8,7.48,59.86
2025-10-17,Store A,Home & Kitchen,7,113.19,792.3
2025-10-17,Store A,Beauty,3,18.98,56.94
2025-10-17,Store B,Clothing,4,69.73,278.94
2025-10-17,Store B,Groceries,7,9.9,69.28
2025-10-17,Store B,Home & Kitchen,2,94.04,188.07
2025-10-17,Store B,Beauty,1,47.54,47.54
2025-10-17,Store C,Electronics,4,338.01,1352.04
2025-10-17,Store C,Clothing,3,26.91,80.74
2025-10-17,Store C,Groceries,3,6.71,20.14
2025-10-17,Store C,Home & Kitchen,3,13.96,41.88
2025-10-17,Store C,Beauty,2,35.0,70.0
2025-10-18,Store A,Electronics,8,206.11,1648.91
2025-10-18,Store A,Clothing,10,24.61,246.13
2025-10-18,Store A,Groceries,23,12.48,287.14
2025-10-18,Store A,Home & Kitchen,5,69.8,348.98
2025-10-18,Store A,Beauty,1,8.62,8.62
2025-10-18,Store B,Electronics,6,359.71,2158.27
2025-10-18,Store B,Clothing,4,39.16,156.65
2025-10-18,Store B,Groceries,5,6.32,31.59
2025-10-18,Store B,Home & Kitchen,5,17.68,88.42
2025-10-18,Store B,Beauty,7,44.32,310.27
2025-10-18,Store C,Electronics,5,247.51,1237.55
2025-10-18,Store C,Clothing,3,38.75,116.24
2025-10-18,Store C,Groceries,4,6.52,26.09
2025-10-18,Store C,Home & Kitchen,5,76.35,381.73
2025-10-18,Store C,Beauty,3,13.1,39.3
2025-10-19,Store A,Electronics,7,144.83,1013.82
2025-10-19,Store A,Clothing,5,75.44,377.19
2025-10-19,Store A,Groceries,9,13.1,117.92
2025-10-19,Store A,Home & Kitchen,9,65.77,591.92
2025-10-19,Store A,Beauty,6,36.5,218.98
2025-10-19,Store B,Electronics,10,226.77,2267.73
2025-10-19,Store B,Clothing,4,71.14,284.58
2025-10-19,Store B,Groceries,5,19.05,95.25
2025-10-19,Store B,Home & Kitchen,3,91.91,275.74
2025-10-19,Store B,Beauty,3,21.53,64.59
2025-10-19,Store C,Electronics,12,146.29,1755.51
2025-10-19,Store C,Clothing,5,41.08,205.38
2025-10-19,Store C,Groceries,8,11.77,94.12
2025-10-19,Store C,Home & Kitchen,7,61.49,430.41
2025-10-19,Store C,Beauty,4,26.65,106.6
2025-10-20,Store A,Electronics,10,177.82,1778.23
2025-10-20,Store A,Clothing,5,68.19,340.96
2025-10-20,Store A,Groceries,7,19.85,138.94
2025-10-20,Store A,Home & Kitchen,4,48.97,195.88
2025-10-20,Store A,Beauty,3,55.99,167.96
2025-10-20,Store B,Electronics,5,131.33,656.67
2025-10-20,Store B,Clothing,5,72.4,362.02
2025-10-20,Store B,Groceries,10,10.48,104.75
2025-10-20,Store B,Home & Kitchen,4,55.0,220.0
2025-10-20,Store B,Beauty,2,6.7,13.41
2025-10-20,Store C,Electronics,6,61.93,371.57
2025-10-20,Store C,Clothing,3,61.34,184.01
2025-10-20,Store C,Groceries,4,2.37,9.47
2025-10-20,Store C,Home & Kitchen,5,109.78,548.88
2025-10-20,Store C,Beauty,1,14.8,14.8
2025-10-21,Store A,Electronics,6,203.44,1220.62
2025-10-21,Store A,Clothing,6,19.63,117.76
2025-10-21,Store A,Groceries,8,20.03,160.22
2025-10-21,Store A,Home & Kitchen,4,68.48,273.93
2025-10-21,Store A,Beauty,3,27.65,82.95
2025-10-21,Store B,Electronics,5,56.02,280.1
2025-10-21,Store B,Clothing,5,50.82,254.09
2025-10-21,Store B,Groceries,13,19.98,259.71
2025-10-21,Store B,Home & Kitchen,7,107.88,755.13
2025-10-21,Store B,Beauty,2,20.33,40.66
2025-10-21,Store C,Electronics,3,107.78,323.34
2025-10-21,Store C,Clothing,1,46.11,46.11
2025-10-21,Store C,Groceries,3,18.5,55.49
2025-10-21,Store C,Home & Kitchen,2,85.97,171.94
2025-10-21,Store C,Beauty,5,52.26,261.28
2025-10-22,Store A,Electronics,5,97.58,487.92
2025-10-22,Store A,Clothing,8,54.46,435.65
2025-10-22,Store A,Groceries,5,17.75,88.74
2025-10-22,Store A,Home & Kitchen,6,14.15,84.91
2025-10-22,Store A,Beauty,6,16.92,101.52
2025-10-22,Store B,Electronics,4,137.08,548.31
2025-10-22,Store B,Clothing,4,74.7,298.81
2025-10-22,Store B,Groceries,9,11.36,102.27
2025-10-22,Store B,Home & Kitchen,3,47.69,143.06
2025-10-22,Store C,Electronics,7,283.33,1983.28
2025-10-22,Store C,Clothing,7,75.42,527.96
2025-10-22,Store C,Groceries,5,11.4,57.01
2025-10-22,Store C,Home & Kitchen,5,73.8,368.98
2025-10-22,Store C,Beauty,1,51.04,51.04
2025-10-23,Store A,Electronics,6,160.37,962.2
2025-10-23,Store A,Clothing,8,41.22,329.8
2025-10-23,Store A,Groceries,7,10.09,70.61
2025-10-23,Store A,Home & Kitchen,5,21.51,107.56
2025-10-23,Store A,Beauty,2,35.85,71.71
2025-10-23,Store B,Electronics,2,261.69,523.38
2025-10-23,Store B,Clothing,6,68.15,408.92
2025-10-23,Store B,Groceries,7,6.08,42.59
2025-10-23,Store B,Home & Kitchen,3,39.97,119.9
2025-10-23,Store B,Beauty,5,41.21,206.05
2025-10-23,Store C,Electronics,4,250.33,1001.3
2025-10-23,Store C,Clothing,3,58.4,175.2
2025-10-23,Store C,Groceries,4,21.29,85.17
2025-10-23,Store C,Home & Kitchen,2,118.42,236.83
2025-10-23,Store C,Beauty,1,8.02,8.02
2025-10-24,Store A,Electronics,4,266.82,1067.28
2025-10-24,Store A,Clothing,2,50.08,100.16
2025-10-24,Store A,Groceries,7,9.77,68.39
2025-10-24,Store A,Home & Kitchen,7,83.16,582.09
2025-10-24,Store A,Beauty,1,57.07,57.07
2025-10-24,Store B,Electronics,5,170.08,850.39
2025-10-24,Store B,Clothing,4,78.18,312.74
2025-10-24,Store B,Groceries,8,22.42,179.35
2025-10-24,Store B,Home & Kitchen,6,90.93,545.58
2025-10-24,Store B,Beauty,2,47.82,95.63
2025-10-24,Store C,Electronics,1,52.05,52.05
2025-10-24,Store C,Clothing,4,43.34,173.37
2025-10-24,Store C,Groceries,7,20.56,143.93
2025-10-24,Store C,Home & Kitchen,4,20.0,79.99
2025-10-24,Store C,Beauty,1,22.02,22.02
2025-10-25,Store A,Electronics,8,326.64,2613.1
2025-10-25,Store A,Clothing,6,52.42,314.49
2025-10-25,Store A,Groceries,11,5.65,62.14
2025-10-25,Store A,Home & Kitchen,8,77.0,615.98
2025-10-25,Store A,Beauty,6,24.75,148.51
2025-10-25,Store B,Electronics,6,261.39,1568.32
2025-10-25,Store B,Clothing,5,30.27,151.33
2025-10-25,Store B,Groceries,6,4.33,25.98
2025-10-25,Store B,Home & Kitchen,4,11.05,44.2
2025-10-25,Store B,Beauty,4,26.85,107.4
2025-10-25,Store C,Electronics,8,62.39,499.09
2025-10-25,Store C,Clothing,3,79.06,237.19
2025-10-25,Store C,Groceries,4,23.87,95.48
2025-10-25,Store C,Home & Kitchen,2,108.93,217.86
2025-10-26,Store A,Electronics,4,200.28,801.12
2025-10-26,Store A,Clothing,3,41.3,123.91
2025-10-26,Store A,Groceries,11,15.74,173.12
2025-10-26,Store A,Home & Kitchen,7,19.15,134.08
2025-10-26,Store A,Beauty,6,11.96,71.76
2025-10-26,Store B,Electronics,10,134.33,1343.25
2025-10-26,Store B,Groceries,14,21.9,306.63
2025-10-26,Store B,Home & Kitchen,7,82.23,575.63
2025-10-26,Store B,Beauty,2,40.08,80.17
2025-10-26,Store C,Electronics,6,321.22,1927.29
2025-10-26,Store C,Clothing,3,72.43,217.3
2025-10-26,Store C,Groceries,7,6.06,42.39
2025-10-26,Store C,Home & Kitchen,6,30.41,182.44
2025-10-26,Store C,Beauty,6,42.43,254.59
2025-10-27,Store A,Electronics,6,136.8,820.79
2025-10-27,Store A,Clothing,3,37.86,113.57
2025-10-27,Store A,Groceries,5,3.72,18.6
2025-10-27,Store A,Home & Kitchen,7,44.59,312.1
2025-10-27,Store A,Beauty,1,56.36,56.36
2025-10-27,Store B,Electronics,7,242.54,1697.81
2025-10-27,Store B,Clothing,4,68.68,274.74
2025-10-27,Store B,Groceries,7,16.93,118.51
2025-10-27,Store B,Home & Kitchen,2,19.18,38.35
2025-10-27,Store B,Beauty,4,39.27,157.07
2025-10-27,Store C,Electronics,4,323.28,1293.14
2025-10-27,Store C,Clothing,2,59.55,119.11
2025-10-27,Store C,Groceries,6,21.52,129.1
2025-10-27,Store C,Home & Kitchen,4,49.82,199.3
2025-10-27,Store C,Beauty,3,5.76,17.29
2025-10-28,Store A,Electronics,13,264.96,3444.42
2025-10-28,Store A,Clothing,8,17.72,141.75
2025-10-28,Store A,Groceries,7,2.9,20.3
2025-10-28,Store A,Home & Kitchen,6,50.54,303.25
2025-10-28,Store A,Beauty,2,7.72,15.43
2025-10-28,Store B,Electronics,4,127.29,509.15
2025-10-28,Store B,Clothing,7,78.4,548.82
2025-10-28,Store B,Groceries,4,22.35,89.4
2025-10-28,Store B,Home & Kitchen,2,115.24,230.48
2025-10-28,Store C,Electronics,2,265.07,530.13
2025-10-28,Store C,Clothing,1,75.71,75.71
2025-10-28,Store C,Groceries,6,5.21,31.24
2025-10-28,Store C,Home & Kitchen,6,60.84,365.02
2025-10-28,Store C,Beauty,1,14.49,14.49
2025-10-29,Store A,Electronics,7,278.7,1950.88
2025-10-29,Store A,Clothing,6,65.13,390.79
2025-10-29,Store A,Groceries,8,16.46,131.67
2025-10-29,Store A,Home & Kitchen,5,95.99,479.94
2025-10-29,Store A,Beauty,4,27.15,108.6
2025-10-29,Store B,Electronics,6,282.91,1697.45
2025-10-29,Store B,Clothing,4,40.3,161.2
2025-10-29,Store B,Groceries,2,2.72,5.44
2025-10-29,Store B,Home & Kitchen,6,76.54,459.25
2025-10-29,Store B,Beauty,4,40.26,161.05
2025-10-29,Store C,Electronics,9,132.76,1194.86
2025-10-29,Store C,Clothing,2,78.24,156.49
2025-10-29,Store C,Groceries,7,19.85,138.96
2025-10-29,Store C,Home & Kitchen,3,103.41,310.24
2025-10-29,Store C,Beauty,1,16.97,16.97
2025-10-30,Store A,Electronics,9,345.65,3110.81
2025-10-30,Store A,Clothing,2,73.15,146.3
2025-10-30,Store A,Groceries,7,23.98,167.89
2025-10-30,Store A,Home & Kitchen,3,69.61,208.84
2025-10-30,Store A,Beauty,4,35.9,143.58
2025-10-30,Store B,Electronics,8,88.19,705.53
2025-10-30,Store B,Clothing,1,29.35,29.35
2025-10-30,Store B,Groceries,3,23.5,70.49
2025-10-30,Store B,Home & Kitchen,4,94.78,379.13
2025-10-30,Store B,Beauty,1,23.91,23.91
2025-10-30,Store C,Electronics,4,168.37,673.5
2025-10-30,Store C,Clothing,1,34.55,34.55
2025-10-30,Store C,Groceries,7,10.83,75.81
2025-10-30,Store C,Home & Kitchen,1,83.4,83.4
2025-10-30,Store C,Beauty,1,7.14,7.14
2025-10-31,Store A,Electronics,4,321.14,1284.57
2025-10-31,Store A,Clothing,5,63.8,318.99
2025-10-31,Store A,Groceries,4,5.62,22.47
2025-10-31,Store A,Home & Kitchen,5,90.64,453.19
2025-10-31,Store A,Beauty,2,32.08,64.17
2025-10-31,Store B,Electronics,6,260.25,1561.5
2025-10-31,Store B,Clothing,6,16.48,98.88
2025-10-31,Store B,Groceries,7,5.37,37.6
2025-10-31,Store B,Home & Kitchen,3,72.29,216.87
2025-10-31,Store B,Beauty,3,34.27,102.82
2025-10-31,Store C,Electronics,3,323.26,969.77
2025-10-31,Store C,Groceries,4,10.6,42.39
2025-10-31,Store C,Home & Kitchen,5,94.22,471.09
2025-10-31,Store C,Beauty,3,18.29,54.88
2025-11-01,Store A,Electronics,20,289.42,5788.32
2025-11-01,Store A,Clothing,16,55.43,886.84
2025-11-01,Store A,Groceries,30,19.74,592.13
2025-11-01,Store A,Home & Kitchen,9,92.86,835.7
2025-11-01,Store A,Beauty,10,6.36,63.63
2025-11-01,Store B,Electronics,11,275.35,3028.88
2025-11-01,Store B,Clothing,13,24.09,313.12
2025-11-01,Store B,Groceries,20,4.37,87.41
2025-11-01,Store B,Home & Kitchen,11,78.65,865.13
2025-11-01,Store B,Beauty,7,50.25,351.72
2025-11-01,Store C,Electronics,9,212.97,1916.7
2025-11-01,Store C,Clothing,5,40.91,204.56
2025-11-01,Store C,Groceries,8,16.28,130.26
2025-11-01,Store C,Home & Kitchen,6,110.1,660.6
2025-11-01,Store C,Beauty,4,52.24,208.94
2025-11-02,Store A,Electronics,17,340.83,5794.05
2025-11-02,Store A,Clothing,12,24.43,293.11
2025-11-02,Store A,Groceries,24,17.37,416.97
2025-11-02,Store A,Home & Kitchen,10,26.61,266.11
2025-11-02,Store A,Beauty,8,56.45,451.6
2025-11-02,Store B,Electronics,5,141.92,709.6
2025-11-02,Store B,Clothing,15,36.97,554.48
2025-11-02,Store B,Groceries,16,11.48,183.66
2025-11-02,Store B,Home & Kitchen,8,73.64,589.12
2025-11-02,Store B,Beauty,5,10.94,54.7
2025-11-02,Store C,Electronics,8,345.24,2761.96
2025-11-02,Store C,Clothing,2,38.85,77.69
2025-11-02,Store C,Groceries,10,22.72,227.21
2025-11-02,Store C,Home & Kitchen,3,97.58,292.75
2025-11-02,Store C,Beauty,3,55.08,165.25
2025-11-03,Store A,Electronics,10,153.7,1536.99
2025-11-03,Store A,Clothing,7,60.2,421.43
2025-11-03,Store A,Groceries,11,8.04,88.46
2025-11-03,Store A,Home & Kitchen,3,62.45,187.36
2025-11-03,Store A,Beauty,5,35.04,175.2
2025-11-03,Store B,Electronics,7,283.39,1983.72
2025-11-03,Store B,Clothing,10,59.56,595.62
2025-11-03,Store B,Groceries,10,6.22,62.19
2025-11-03,Store B,Home & Kitchen,10,57.82,578.18
2025-11-03,Store B,Beauty,2,22.75,45.49
2025-11-03,Store C,Electronics,10,185.39,1853.94
2025-11-03,Store C,Clothing,7,50.04,350.26
2025-11-03,Store C,Groceries,12,11.69,140.31
2025-11-03,Store C,Home & Kitchen,4,37.89,151.56
2025-11-03,Store C,Beauty,1,53.42,53.42
2025-11-04,Store A,Electronics,9,80.45,724.08
2025-11-04,Store A,Clothing,4,71.36,285.45
2025-11-04,Store A,Groceries,20,21.76,435.15
2025-11-04,Store A,Home & Kitchen,6,53.01,318.07
2025-11-04,Store A,Beauty,5,6.53,32.64
2025-11-04,Store B,Electronics,6,144.64,867.81
2025-11-04,Store B,Clothing,8,42.46,339.71
2025-11-04,Store B,Groceries,8,15.82,126.53
2025-11-04,Store B,Home & Kitchen,7,92.23,645.62
2025-11-04,Store B,Beauty,6,51.85,311.1
2025-11-04,Store C,Electronics,3,249.29,747.86
2025-11-04,Store C,Clothing,7,64.17,449.17
2025-11-04,Store C,Groceries,12,8.01,96.13
2025-11-04,Store C,Home & Kitchen,3,105.31,315.94
2025-11-04,Store C,Beauty,4,20.5,82.02
2025-11-05,Store A,Electronics,10,374.1,3741.04
2025-11-05,Store A,Clothing,14,77.49,1084.92
2025-11-05,Store A,Groceries,12,13.77,165.22
2025-11-05,Store A,Home & Kitchen,8,16.08,128.66
2025-11-05,Store A,Beauty,10,40.74,407.41
2025-11-05,Store B,Electronics,10,180.8,1808.02
2025-11-05,Store B,Clothing,8,30.38,243.04
2025-11-05,Store B,Groceries,6,24.12,144.73
2025-11-05,Store B,Home & Kitchen,6,114.42,686.53
2025-11-05,Store B,Beauty,5,51.57,257.85
2025-11-05,Store C,Electronics,4,186.02,744.09
2025-11-05,Store C,Clothing,8,55.1,440.79
2025-11-05,Store C,Groceries,4,14.24,56.98
2025-11-05,Store C,Home & Kitchen,4,98.84,395.36
2025-11-05,Store C,Beauty,2,51.59,103.18
2025-11-06,Store A,Electronics,5,374.02,1870.08
2025-11-06,Store A,Clothing,7,23.65,165.53
2025-11-06,Store A,Groceries,10,6.73,67.28
2025-11-06,Store A,Home & Kitchen,8,98.06,784.51
2025-11-06,Store A,Beauty,10,55.03,550.35
2025-11-06,Store B,Electronics,9,188.39,1695.52
2025-11-06,Store B,Clothing,7,72.24,505.71
2025-11-06,Store B,Groceries,12,23.31,279.67
2025-11-06,Store B,Home & Kitchen,8,55.94,447.51
2025-11-06,Store B,Beauty,3,53.57,160.72
2025-11-06,Store C,Electronics,7,345.29,2417.01
2025-11-06,Store C,Clothing,6,41.97,251.81
2025-11-06,Store C,Groceries,13,17.26,224.4
2025-11-06,Store C,Home & Kitchen,3,91.96,275.88
2025-11-06,Store C,Beauty,4,45.29,181.17
2025-11-07,Store A,Electronics,8,195.88,1567.04
2025-11-07,Store A,Clothing,12,45.83,550.02
2025-11-07,Store A,Groceries,11,22.76,250.35
2025-11-07,Store A,Home & Kitchen,12,49.25,591.02
2025-11-07,Store A,Beauty,4,33.52,134.07
2025-11-07,Store B,Electronics,13,221.1,2874.31
2025-11-07,Store B,Clothing,8,38.63,309.01
2025-11-07,Store B,Groceries,15,10.63,159.45
2025-11-07,Store B,Home & Kitchen,5,79.47,397.33
2025-11-07,Store B,Beauty,1,5.24,5.24
2025-11-07,Store C,Electronics,6,377.83,2266.99
2025-11-07,Store C,Clothing,5,15.22,76.11
2025-11-07,Store C,Groceries,3,6.64,19.92
2025-11-07,Store C,Home & Kitchen,1,82.37,82.37
2025-11-07,Store C,Beauty,5,44.73,223.64
2025-11-08,Store A,Electronics,15,343.81,5157.19
2025-11-08,Store A,Clothing,9,79.34,714.08
2025-11-08,Store A,Groceries,20,21.75,435.06
2025-11-08,Store A,Home & Kitchen,8,108.14,865.11
2025-11-08,Store A,Beauty,10,25.93,259.35
2025-11-08,Store B,Electronics,8,186.03,1488.24
2025-11-08,Store B,Clothing,4,70.89,283.55
2025-11-08,Store B,Groceries,12,2.26,27.09
2025-11-08,Store B,Home & Kitchen,4,84.52,338.1
2025-11-08,Store B,Beauty,6,38.15,228.9
2025-11-08,Store C,Electronics,11,334.9,3683.9
2025-11-08,Store C,Clothing,5,50.95,254.73
2025-11-08,Store C,Groceries,10,11.74,117.43
2025-11-08,Store C,Home & Kitchen,7,119.47,836.32
2025-11-09,Store A,Electronics,18,258.72,4657.03
2025-11-09,Store A,Clothing,5,71.69,358.45
2025-11-09,Store A,Groceries,15,21.88,328.13
2025-11-09,Store A,Home & Kitchen,11,60.12,661.31
2025-11-09,Store A,Beauty,6,30.68,184.07
2025-11-09,Store B,Electronics,21,207.59,4359.36
2025-11-09,Store B,Clothing,4,50.4,201.59
2025-11-09,Store B,Groceries,21,21.62,453.95
2025-11-09,Store B,Home & Kitchen,14,39.98,559.71
2025-11-09,Store B,Beauty,9,12.39,111.48
2025-11-09,Store C,Electronics,8,379.28,3034.24
2025-11-09,Store C,Clothing,11,57.93,637.24
2025-11-09,Store C,Groceries,11,2.93,32.25
2025-11-09,Store C,Home & Kitchen,5,77.51,387.56
2025-11-09,Store C,Beauty,5,41.03,205.15
2025-11-10,Store A,Electronics,12,301.62,3619.4
2025-11-10,Store A,Clothing,5,16.15,80.73
2025-11-10,Store A,Groceries,12,6.98,83.77
2025-11-10,Store A,Home & Kitchen,13,33.11,430.37
2025-11-10,Store A,Beauty,7,7.38,51.65
2025-11-10,Store B,Electronics,7,217.58,1523.05
2025-11-10,Store B,Clothing,7,15.27,106.88
2025-11-10,Store B,Groceries,17,16.18,275.12
2025-11-10,Store B,Home & Kitchen,6,30.72,184.31
2025-11-10,Store B,Beauty,5,24.14,120.7
2025-11-10,Store C,Electronics,5,194.81,974.07
2025-11-10,Store C,Clothing,4,31.58,126.33
2025-11-10,Store C,Groceries,9,20.47,184.23
2025-11-10,Store C,Home & Kitchen,6,55.5,333.02
2025-11-10,Store C,Beauty,1,39.14,39.14
2025-11-11,Store A,Electronics,1,325.71,325.71
2025-11-11,Store A,Clothing,7,18.58,130.06
2025-11-11,Store A,Groceries,12,9.12,109.42
2025-11-11,Store A,Home & Kitchen,8,115.3,922.44
2025-11-11,Store A,Beauty,4,55.96,223.85
2025-11-11,Store B,Electronics,16,93.37,1493.91
2025-11-11,Store B,Clothing,6,21.41,128.44
2025-11-11,Store B,Groceries,11,6.18,67.93
2025-11-11,Store B,Home & Kitchen,6,20.96,125.78
2025-11-11,Store B,Beauty,4,54.33,217.34
2025-11-11,Store C,Electronics,7,248.34,1738.39
2025-11-11,Store C,Clothing,2,23.54,47.07
2025-11-11,Store C,Groceries,4,21.31,85.23
2025-11-11,Store C,Home & Kitchen,5,102.02,510.12
2025-11-11,Store C,Beauty,4,22.39,89.56
2025-11-12,Store A,Electronics,8,277.59,2220.7
2025-11-12,Store A,Clothing,4,45.74,182.95
2025-11-12,Store A,Groceries,9,11.55,103.91
2025-11-12,Store A,Home & Kitchen,5,106.13,530.63
2025-11-12,Store A,Beauty,6,18.5,111.0
2025-11-12,Store B,Electronics,13,242.63,3154.21
2025-11-12,Store B,Clothing,9,39.76,357.85
2025-11-12,Store B,Groceries,7,24.46,171.25
2025-11-12,Store B,Home & Kitchen,6,72.26,433.53
2025-11-12,Store B,Beauty,5,57.88,289.41
2025-11-12,Store C,Electronics,6,344.31,2065.86
2025-11-12,Store C,Clothing,5,36.77,183.87
2025-11-12,Store C,Groceries,11,3.51,38.59
2025-11-12,Store C,Home & Kitchen,1,114.19,114.19
2025-11-12,Store C,Beauty,2,45.97,91.95
2025-11-13,Store A,Electronics,14,262.06,3668.88
2025-11-13,Store A,Clothing,8,52.52,420.14
2025-11-13,Store A,Groceries,18,4.62,83.19
2025-11-13,Store A,Home & Kitchen,9,91.97,827.75
2025-11-13,Store A,Beauty,7,49.07,343.47
2025-11-13,Store B,Electronics,9,257.68,2319.11
2025-11-13,Store B,Clothing,5,52.69,263.43
2025-11-13,Store B,Groceries,9,4.71,42.39
2025-11-13,Store B,Home & Kitchen,5,67.4,336.99
2025-11-13,Store B,Beauty,4,14.84,59.38
2025-11-13,Store C,Electronics,7,198.73,1391.13
2025-11-13,Store C,Clothing,9,49.43,444.86
2025-11-13,Store C,Groceries,7,5.52,38.64
2025-11-13,Store C,Home & Kitchen,6,81.0,486.01
2025-11-13,Store C,Beauty,5,11.16,55.79
2025-11-14,Store A,Electronics,17,197.0,3348.95
2025-11-14,Store A,Clothing,9,38.74,348.7
2025-11-14,Store A,Groceries,17,18.41,312.95
2025-11-14,Store A,Home & Kitchen,6,23.27,139.64
2025-11-14,Store A,Beauty,3,41.12,123.37
2025-11-14,Store B,Electronics,5,366.51,1832.54
2025-11-14,Store B,Clothing,8,52.79,422.32
2025-11-14,Store B,Groceries,12,24.41,292.96
2025-11-14,Store B,Home & Kitchen,7,41.0,286.97
2025-11-14,Store B,Beauty,3,39.24,117.71
2025-11-14,Store C,Electronics,9,341.92,3077.29
2025-11-14,Store C,Clothing,6,76.38,458.3
2025-11-14,Store C,Groceries,4,11.34,45.37
2025-11-14,Store C,Home & Kitchen,4,32.47,129.88
2025-11-14,Store C,Beauty,3,12.53,37.59
2025-11-15,Store A,Electronics,11,87.73,965.03
2025-11-15,Store A,Clothing,9,46.47,418.21
2025-11-15,Store A,Groceries,10,17.21,172.09
2025-11-15,Store A,Home & Kitchen,14,103.02,1442.27
2025-11-15,Store A,Beauty,6,59.13,354.75
2025-11-15,Store B,Electronics,10,383.31,3833.12
2025-11-15,Store B,Clothing,5,43.11,215.55
2025-11-15,Store B,Groceries,20,3.73,74.51
2025-11-15,Store B,Home & Kitchen,7,110.62,774.35
2025-11-15,Store B,Beauty,10,45.42,454.19
2025-11-15,Store C,Electronics,7,207.21,1450.5
2025-11-15,Store C,Clothing,7,21.24,148.65
2025-11-15,Store C,Groceries,11,24.44,268.86
2025-11-15,Store C,Home & Kitchen,7,102.77,719.42
2025-11-15,Store C,Beauty,4,39.95,159.82
2025-11-16,Store A,Electronics,11,72.7,799.69
2025-11-16,Store A,Clothing,12,79.61,955.26
2025-11-16,Store A,Groceries,13,2.22,28.81
2025-11-16,Store A,Home & Kitchen,6,109.99,659.92
2025-11-16,Store A,Beauty,7,20.25,141.75
2025-11-16,Store B,Electronics,13,134.67,1750.76
2025-11-16,Store B,Clothing,2,75.84,151.68
2025-11-16,Store B,Groceries,10,12.81,128.11
2025-11-16,Store B,Home & Kitchen,6,90.68,544.09
2025-11-16,Store B,Beauty,8,9.52,76.19
2025-11-16,Store C,Electronics,12,63.37,760.42
2025-11-16,Store C,Clothing,4,57.61,230.42
2025-11-16,Store C,Groceries,12,13.28,159.3
2025-11-16,Store C,Home & Kitchen,10,65.61,656.14
2025-11-16,Store C,Beauty,2,34.93,69.86
2025-11-17,Store A,Electronics,6,116.84,701.06
2025-11-17,Store A,Clothing,8,72.6,580.81
2025-11-17,Store A,Groceries,22,20.97,461.4
2025-11-17,Store A,Home & Kitchen,7,51.81,362.67
2025-11-17,Store A,Beauty,8,44.49,355.95
2025-11-17,Store B,Electronics,12,231.25,2774.95
2025-11-17,Store B,Clothing,9,69.56,626.05
2025-11-17,Store B,Groceries,11,21.12,232.36
2025-11-17,Store B,Home & Kitchen,11,30.53,335.82
2025-11-17,Store B,Beauty,4,43.47,173.88
2025-11-17,Store C,Electronics,10,292.29,2922.85
2025-11-17,Store C,Clothing,4,38.12,152.48
2025-11-17,Store C,Groceries,7,11.07,77.49
2025-11-17,Store C,Home & Kitchen,10,26.91,269.14
2025-11-17,Store C,Beauty,2,23.85,47.71
2025-11-18,Store A,Electronics,10,159.09,1590.86
2025-11-18,Store A,Clothing,8,37.74,301.94
2025-11-18,Store A,Groceries,8,19.53,156.27
2025-11-18,Store A,Home & Kitchen,12,108.72,1304.61
2025-11-18,Store A,Beauty,8,35.82,286.6
2025-11-18,Store B,Electronics,4,106.31,425.24
2025-11-18,Store B,Clothing,8,18.44,147.5
2025-11-18,Store B,Groceries,11,12.83,141.12
2025-11-18,Store B,Home & Kitchen,5,37.96,189.79
2025-11-18,Store B,Beauty,4,5.43,21.72
2025-11-18,Store C,Electronics,5,269.47,1347.36
2025-11-18,Store C,Clothing,1,70.63,70.63
2025-11-18,Store C,Groceries,5,21.37,106.83
2025-11-18,Store C,Home & Kitchen,4,32.29,129.16
2025-11-18,Store C,Beauty,2,54.37,108.73
2025-11-19,Store A,Electronics,6,293.78,1762.65
2025-11-19,Store A,Clothing,10,16.01,160.1
2025-11-19,Store A,Groceries,14,4.34,60.72
2025-11-19,Store A,Home & Kitchen,9,63.15,568.39
2025-11-19,Store A,Beauty,7,17.67,123.72
2025-11-19,Store B,Electronics,11,361.41,3975.47
2025-11-19,Store B,Clothing,9,26.51,238.59
2025-11-19,Store B,Groceries,8,23.0,184.03
2025-11-19,Store B,Home & Kitchen,6,21.66,129.94
2025-11-19,Store B,Beauty,6,19.27,115.63
2025-11-19,Store C,Electronics,5,131.26,656.3
2025-11-19,Store C,Clothing,6,72.91,437.49
2025-11-19,Store C,Groceries,7,9.3,65.08
2025-11-19,Store C,Home & Kitchen,6,93.51,561.04
2025-11-19,Store C,Beauty,4,19.97,79.89
2025-11-20,Store A,Electronics,13,346.21,4500.77
2025-11-20,Store A,Clothing,7,50.1,350.73
2025-11-20,Store A,Groceries,11,5.04,55.45
2025-11-20,Store A,Home & Kitchen,11,68.03,748.32
2025-11-20,Store A,Beauty,6,56.12,336.73
2025-11-20,Store B,Electronics,8,331.52,2652.2
2025-11-20,Store B,Clothing,5,16.72,83.62
2025-11-20,Store B,Groceries,6,13.77,82.61
2025-11-20,Store B,Home & Kitchen,6,45.6,273.62
2025-11-20,Store B,Beauty,5,33.5,167.51
2025-11-20,Store C,Electronics,8,331.18,2649.47
2025-11-20,Store C,Clothing,5,18.07,90.36
2025-11-20,Store C,Groceries,10,7.84,78.42
2025-11-20,Store C,Home & Kitchen,5,46.93,234.63
2025-11-20,Store C,Beauty,4,56.0,223.99
2025-11-21,Store A,Electronics,3,288.19,864.58
2025-11-21,Store A,Clothing,5,70.91,354.56
2025-11-21,Store A,Groceries,6,8.92,53.53
2025-11-21,Store A,Home & Kitchen,6,68.4,410.4
2025-11-21,Store A,Beauty,2,17.16,34.32
2025-11-21,Store B,Electronics,9,176.64,1589.73
2025-11-21,Store B,Clothing,5,49.42,247.08
2025-11-21,Store B,Groceries,9,23.95,215.54
2025-11-21,Store B,Home & Kitchen,5,33.16,165.79
2025-11-21,Store B,Beauty,7,56.9,398.32
2025-11-21,Store C,Electronics,10,73.46,734.62
2025-11-21,Store C,Clothing,2,59.69,119.39
2025-11-21,Store C,Groceries,6,16.99,101.96
2025-11-21,Store C,Home & Kitchen,11,38.9,427.94
2025-11-21,Store C,Beauty,5,24.12,120.59
2025-11-22,Store A,Electronics,12,93.42,1121.04
2025-11-22,Store A,Clothing,7,58.44,409.1
2025-11-22,Store A,Groceries,24,5.28,126.68
2025-11-22,Store A,Home & Kitchen,9,81.73,735.57
2025-11-22,Store A,Beauty,7,17.94,125.59
2025-11-22,Store B,Electronics,9,374.63,3371.63
2025-11-22,Store B,Clothing,6,61.89,371.37
2025-11-22,Store B,Groceries,10,6.75,67.48
2025-11-22,Store B,Home & Kitchen,9,95.66,860.92
2025-11-22,Store B,Beauty,9,58.76,528.87
2025-11-22,Store C,Electronics,12,316.96,3803.55
2025-11-22,Store C,Clothing,7,44.53,311.7
2025-11-22,Store C,Groceries,13,24.79,322.26
2025-11-22,Store C,Home & Kitchen,6,62.83,376.95
2025-11-22,Store C,Beauty,7,45.86,321.01
2025-11-23,Store A,Electronics,10,391.4,3913.96
2025-11-23,Store A,Clothing,7,76.05,532.36
2025-11-23,Store A,Groceries,19,24.74,469.98
2025-11-23,Store A,Home & Kitchen,5,46.94,234.7
2025-11-23,Store A,Beauty,12,21.31,255.69
2025-11-23,Store B,Electronics,10,106.76,1067.6
2025-11-23,Store B,Clothing,4,59.49,237.97
2025-11-23,Store B,Groceries,11,15.31,168.44
2025-11-23,Store B,Home & Kitchen,11,40.27,442.94
2025-11-23,Store B,Beauty,6,5.76,34.57
2025-11-23,Store C,Electronics,6,95.5,573.02
2025-11-23,Store C,Clothing,6,57.09,342.53
2025-11-23,Store C,Groceries,15,14.74,221.14
2025-11-23,Store C,Home & Kitchen,6,27.2,163.18
2025-11-23,Store C,Beauty,10,34.0,340.02
2025-11-24,Store A,Electronics,4,268.89,1075.57
2025-11-24,Store A,Clothing,5,36.3,181.48
2025-11-24,Store A,Groceries,9,20.22,182.0
2025-11-24,Store A,Home & Kitchen,8,112.35,898.8
2025-11-24,Store A,Beauty,5,43.94,219.68
2025-11-24,Store B,Electronics,12,87.49,1049.9
2025-11-24,Store B,Clothing,8,35.98,287.85
2025-11-24,Store B,Groceries,15,22.7,340.5
2025-11-24,Store B,Home & Kitchen,5,79.47,397.37
2025-11-24,Store B,Beauty,5,38.72,193.58
2025-11-24,Store C,Electronics,11,234.65,2581.2
2025-11-24,Store C,Clothing,4,61.86,247.44
2025-11-24,Store C,Groceries,7,17.7,123.92
2025-11-24,Store C,Home & Kitchen,1,84.09,84.09
2025-11-24,Store C,Beauty,4,40.5,162.0
2025-11-25,Store A,Electronics,8,339.09,2712.72
2025-11-25,Store A,Clothing,5,49.25,246.23
2025-11-25,Store A,Groceries,9,3.09,27.83
2025-11-25,Store A,Home & Kitchen,10,59.45,594.45
2025-11-25,Store A,Beauty,3,55.9,167.7
2025-11-25,Store B,Electronics,8,136.22,1089.74
2025-11-25,Store B,Clothing,3,64.99,194.96
2025-11-25,Store B,Groceries,13,13.26,172.35
2025-11-25,Store B,Home & Kitchen,7,96.8,677.57
2025-11-25,Store B,Beauty,4,24.81,99.25
2025-11-25,Store C,Electronics,7,262.01,1834.05
2025-11-25,Store C,Clothing,5,43.45,217.26
2025-11-25,Store C,Groceries,11,18.37,202.1
2025-11-25,Store C,Home & Kitchen,6,83.32,499.93
2025-11-25,Store C,Beauty,3,6.65,19.94
2025-11-26,Store A,Electronics,5,261.0,1304.98
2025-11-26,Store A,Clothing,10,27.19,271.86
2025-11-26,Store A,Groceries,7,13.36,93.54
2025-11-26,Store A,Home & Kitchen,3,51.57,154.71
2025-11-26,Store A,Beauty,6,21.16,126.96
2025-11-26,Store B,Electronics,11,73.38,807.21
2025-11-26,Store B,Clothing,5,69.34,346.7
2025-11-26,Store B,Groceries,6,9.67,58.04
2025-11-26,Store B,Home & Kitchen,8,81.48,651.81
2025-11-26,Store B,Beauty,2,6.97,13.93
2025-11-26,Store C,Electronics,8,344.93,2759.47
2025-11-26,Store C,Clothing,9,16.56,149.05
2025-11-26,Store C,Groceries,3,10.69,32.07
2025-11-26,Store C,Home & Kitchen,6,67.46,404.78
2025-11-26,Store C,Beauty,1,32.67,32.67
2025-11-27,Store A,Electronics,5,189.63,948.17
2025-11-27,Store A,Clothing,13,17.02,221.22
2025-11-27,Store A,Groceries,10,8.19,81.91
2025-11-27,Store A,Home & Kitchen,6,22.49,134.94
2025-11-27,Store A,Beauty,3,23.26,69.79
2025-11-27,Store B,Electronics,7,157.4,1101.83
2025-11-27,Store B,Clothing,9,66.73,600.55
2025-11-27,Store B,Groceries,12,24.38,292.56
2025-11-27,Store B,Home & Kitchen,9,52.04,468.33
2025-11-27,Store B,Beauty,2,25.66,51.33
2025-11-27,Store C,Electronics,10,135.64,1356.43
2025-11-27,Store C,Clothing,6,50.05,300.31
2025-11-27,Store C,Groceries,14,11.44,160.11
2025-11-27,Store C,Home & Kitchen,8,66.31,530.51
2025-11-27,Store C,Beauty,7,59.32,415.24
2025-11-28,Store A,Electronics,10,172.15,1721.52
2025-11-28,Store A,Clothing,8,35.16,281.29
2025-11-28,Store A,Groceries,11,22.29,245.24
2025-11-28,Store A,Home & Kitchen,8,15.14,121.13
2025-11-28,Store A,Beauty,5,10.36,51.81
2025-11-28,Store B,Electronics,7,261.61,1831.3
2025-11-28,Store B,Clothing,7,75.49,528.4
2025-11-28,Store B,Groceries,10,17.18,171.81
2025-11-28,Store B,Home & Kitchen,4,70.11,280.44
2025-11-28,Store B,Beauty,1,39.63,39.63
2025-11-28,Store C,Electronics,3,386.03,1158.08
2025-11-28,Store C,Clothing,4,28.68,114.7
2025-11-28,Store C,Groceries,10,16.22,162.22
2025-11-28,Store C,Home & Kitchen,2,59.23,118.47
2025-11-29,Store A,Electronics,9,225.25,2027.21
2025-11-29,Store A,Clothing,13,19.37,251.78
2025-11-29,Store A,Groceries,11,22.21,244.32
2025-11-29,Store A,Home & Kitchen,2,118.77,237.53
2025-11-29,Store A,Beauty,6,13.98,83.88
2025-11-29,Store B,Electronics,12,109.93,1319.18
2025-11-29,Store B,Clothing,13,51.68,671.82
2025-11-29,Store B,Groceries,18,4.8,86.45
2025-11-29,Store B,Home & Kitchen,7,18.23,127.59
2025-11-29,Store B,Beauty,10,44.7,447.01
2025-11-29,Store C,Electronics,7,122.32,856.24
2025-11-29,Store C,Clothing,9,35.86,322.77
2025-11-29,Store C,Groceries,14,13.02,182.29
2025-11-29,Store C,Home & Kitchen,10,90.06,900.63
2025-11-29,Store C,Beauty,7,24.45,171.15
2025-11-30,Store A,Electronics,13,394.56,5129.28
2025-11-30,Store A,Clothing,12,16.26,195.14
2025-11-30,Store A,Groceries,15,21.84,327.59
2025-11-30,Store A,Home & Kitchen,15,13.7,205.44
2025-11-30,Store A,Beauty,4,32.71,130.85
2025-11-30,Store B,Electronics,9,208.35,1875.19
2025-11-30,Store B,Clothing,8,63.9,511.23
2025-11-30,Store B,Groceries,12,19.31,231.73
2025-11-30,Store B,Home & Kitchen,8,80.68,645.41
2025-11-30,Store B,Beauty,10,50.38,503.83
2025-11-30,Store C,Electronics,15,183.25,2748.77
2025-11-30,Store C,Clothing,6,63.07,378.4
2025-11-30,Store C,Groceries,10,8.73,87.3
2025-11-30,Store C,Home & Kitchen,4,84.3,337.19
2025-11-30,Store C,Beauty,2,11.96,23.91
2025-12-01,Store A,Electronics,17,113.26,1925.47
2025-12-01,Store A,Clothing,6,42.37,254.21
2025-12-01,Store A,Groceries,8,9.22,73.73
2025-12-01,Store A,Home & Kitchen,8,33.1,264.76
2025-12-01,Store A,Beauty,2,33.64,67.29
2025-12-01,Store B,Electronics,5,221.44,1107.18
2025-12-01,Store B,Clothing,8,29.3,234.39
2025-12-01,Store B,Groceries,11,14.89,163.81
2025-12-01,Store B,Home & Kitchen,4,105.9,423.6
2025-12-01,Store B,Beauty,6,7.82,46.95
2025-12-01,Store C,Electronics,7,344.48,2411.35
2025-12-01,Store C,Clothing,4,45.53,182.12
2025-12-01,Store C,Groceries,2,7.27,14.54
2025-12-01,Store C,Home & Kitchen,6,68.57,411.41
2025-12-01,Store C,Beauty,2,47.3,94.61
2025-12-02,Store A,Electronics,10,57.5,574.99
2025-12-02,Store A,Clothing,12,59.46,713.56
2025-12-02,Store A,Groceries,11,8.7,95.71
2025-12-02,Store A,Home & Kitchen,5,69.26,346.29
2025-12-02,Store A,Beauty,6,56.7,340.2
2025-12-02,Store B,Electronics,6,50.39,302.37
2025-12-02,Store B,Clothing,6,69.54,417.26
2025-12-02,Store B,Groceries,10,4.32,43.18
2025-12-02,Store B,Home & Kitchen,9,113.68,1023.12
2025-12-02,Store B,Beauty,3,26.39,79.17
2025-12-02,Store C,Electronics,2,347.38,694.75
2025-12-02,Store C,Clothing,5,64.75,323.75
2025-12-02,Store C,Groceries,11,20.32,223.53
2025-12-02,Store C,Home & Kitchen,5,63.33,316.63
2025-12-02,Store C,Beauty,3,11.09,33.26
2025-12-03,Store A,Electronics,12,392.94,4715.22
2025-12-03,Store A,Clothing,15,66.43,996.48
2025-12-03,Store A,Groceries,14,21.58,302.12
2025-12-03,Store A,Home & Kitchen,10,60.12,601.24
2025-12-03,Store A,Beauty,7,38.31,268.17
2025-12-03,Store B,Electronics,7,354.18,2479.24
2025-12-03,Store B,Clothing,6,17.51,105.05
2025-12-03,Store B,Groceries,6,19.57,117.42
2025-12-03,Store B,Home & Kitchen,2,96.0,191.99
2025-12-03,Store B,Beauty,7,45.98,321.84
2025-12-03,Store C,Electronics,7,353.49,2474.42
2025-12-03,Store C,Clothing,5,17.88,89.39
2025-12-03,Store C,Groceries,9,23.42,210.79
2025-12-03,Store C,Home & Kitchen,1,22.37,22.37
2025-12-03,Store C,Beauty,1,46.67,46.67
2025-12-04,Store A,Electronics,11,121.63,1337.9
2025-12-04,Store A,Clothing,8,72.17,577.33
2025-12-04,Store A,Groceries,16,18.44,295.08
2025-12-04,Store A,Home & Kitchen,5,27.29,136.46
2025-12-04,Store A,Beauty,9,58.07,522.61
2025-12-04,Store B,Electronics,4,258.24,1032.97
2025-12-04,Store B,Clothing,8,61.36,490.91
2025-12-04,Store B,Groceries,2,7.83,15.66
2025-12-04,Store B,Home & Kitchen,6,57.04,342.25
2025-12-04,Store B,Beauty,4,24.45,97.78
2025-12-04,Store C,Electronics,4,50.47,201.89
2025-12-04,Store C,Clothing,3,39.89,119.68
2025-12-04,Store C,Groceries,6,17.85,107.08
2025-12-04,Store C,Home & Kitchen,5,43.96,219.82
2025-12-04,Store C,Beauty,6,12.13,72.77
2025-12-05,Store A,Electronics,11,129.6,1425.56
2025-12-05,Store A,Clothing,12,34.81,417.75
2025-12-05,Store A,Groceries,19,6.98,132.61
2025-12-05,Store A,Home & Kitchen,5,49.05,245.24
2025-12-05,Store A,Beauty,4,23.17,92.68
2025-12-05,Store B,Electronics,7,265.87,1861.11
2025-12-05,Store B,Clothing,6,62.02,372.11
2025-12-05,Store B,Groceries,7,8.77,61.36
2025-12-05,Store B,Home & Kitchen,9,111.87,1006.79
2025-12-05,Store B,Beauty,5,30.01,150.07
2025-12-05,Store C,Electronics,4,93.57,374.29
2025-12-05,Store C,Clothing,2,65.68,131.37
2025-12-05,Store C,Groceries,7,11.5,80.53
2025-12-05,Store C,Home & Kitchen,2,95.85,191.7
2025-12-05,Store C,Beauty,5,46.97,234.85
2025-12-06,Store A,Electronics,13,257.8,3351.39
2025-12-06,Store A,Clothing,9,45.8,412.22
2025-12-06,Store A,Groceries,17,24.13,410.13
2025-12-06,Store A,Home & Kitchen,10,90.85,908.5
2025-12-06,Store A,Beauty,7,13.86,97.05
2025-12-06,Store B,Electronics,7,188.63,1320.41
2025-12-06,Store B,Clothing,5,77.59,387.94
2025-12-06,Store B,Groceries,16,9.54,152.62
2025-12-06,Store B,Home & Kitchen,10,55.13,551.25
2025-12-06,Store B,Beauty,4,33.31,133.25
2025-12-06,Store C,Electronics,11,297.51,3272.62
2025-12-06,Store C,Clothing,6,76.06,456.35
2025-12-06,Store C,Groceries,13,20.96,272.49
2025-12-06,Store C,Home & Kitchen,6,86.35,518.11
2025-12-06,Store C,Beauty,5,17.16,85.8
2025-12-07,Store A,Electronics,15,169.3,2539.48
2025-12-07,Store A,Clothing,9,58.87,529.81
2025-12-07,Store A,Groceries,13,10.68,138.83
2025-12-07,Store A,Home & Kitchen,9,82.47,742.23
2025-12-07,Store A,Beauty,7,6.33,44.31
2025-12-07,Store B,Electronics,12,85.61,1027.32
2025-12-07,Store B,Clothing,18,28.02,504.45
2025-12-07,Store B,Groceries,16,24.19,387.11
2025-12-07,Store B,Home & Kitchen,4,19.49,77.95
2025-12-07,Store B,Beauty,3,35.23,105.69
2025-12-07,Store C,Electronics,13,86.16,1120.07
2025-12-07,Store C,Clothing,1,71.76,71.76
2025-12-07,Store C,Groceries,14,24.19,338.62
2025-12-07,Store C,Home & Kitchen,10,103.84,1038.41
2025-12-07,Store C,Beauty,5,16.89,84.44
2025-12-08,Store A,Electronics,8,217.62,1740.92
2025-12-08,Store A,Clothing,8,17.2,137.61
2025-12-08,Store A,Groceries,14,7.57,106.02
2025-12-08,Store A,Home & Kitchen,7,104.83,733.83
2025-12-08,Store A,Beauty,3,22.39,67.17
2025-12-08,Store B,Electronics,10,193.27,1932.74
2025-12-08,Store B,Clothing,4,62.78,251.11
2025-12-08,Store B,Groceries,4,12.58,50.31
2025-12-08,Store B,Home & Kitchen,5,86.22,431.08
2025-12-08,Store B,Beauty,7,18.24,127.69
2025-12-08,Store C,Electronics,5,357.99,1789.97
2025-12-08,Store C,Clothing,6,68.48,410.87
2025-12-08,Store C,Groceries,9,10.52,94.68
2025-12-08,Store C,Home & Kitchen,4,70.17,280.68
2025-12-08,Store C,Beauty,3,38.23,114.69
2025-12-09,Store A,Electronics,7,126.09,882.66
2025-12-09,Store A,Clothing,4,23.94,95.77
2025-12-09,Store A,Groceries,15,3.19,47.82
2025-12-09,Store A,Home & Kitchen,9,43.08,387.72
2025-12-09,Store A,Beauty,8,28.26,226.08
2025-12-09,Store B,Electronics,7,86.64,606.51
2025-12-09,Store B,Clothing,7,23.33,163.3
2025-12-09,Store B,Groceries,17,5.98,101.65
2025-12-09,Store B,Home & Kitchen,5,21.8,109.02
2025-12-09,Store B,Beauty,1,57.59,57.59
2025-12-09,Store C,Electronics,13,331.05,4303.64
2025-12-09,Store C,Clothing,5,51.04,255.18
2025-12-09,Store C,Groceries,8,9.39,75.1
2025-12-09,Store C,Home & Kitchen,3,74.15,222.44
2025-12-09,Store C,Beauty,6,32.71,196.26
2025-12-10,Store A,Electronics,13,326.68,4246.83
2025-12-10,Store A,Clothing,8,49.47,395.73
2025-12-10,Store A,Groceries,26,15.53,403.89
2025-12-10,Store A,Home & Kitchen,7,15.86,111.02
2025-12-10,Store A,Beauty,4,26.27,105.08
2025-12-10,Store B,Electronics,7,322.79,2259.56
2025-12-10,Store B,Clothing,10,43.65,436.53
2025-12-10,Store B,Groceries,12,11.89,142.71
2025-12-10,Store B,Home & Kitchen,7,119.85,838.98
2025-12-10,Store B,Beauty,3,33.32,99.97
2025-12-10,Store C,Electronics,6,345.21,2071.27
2025-12-10,Store C,Clothing,9,26.77,240.94
2025-12-10,Store C,Groceries,10,3.22,32.24
2025-12-10,Store C,Home & Kitchen,4,60.02,240.08
2025-12-10,Store C,Beauty,5,49.61,248.03
2025-12-11,Store A,Electronics,8,194.42,1555.33
2025-12-11,Store A,Clothing,11,61.92,681.09
2025-12-11,Store A,Groceries,12,6.51,78.18
2025-12-11,Store A,Home & Kitchen,4,95.35,381.39
2025-12-11,Store A,Beauty,11,40.95,450.41
2025-12-11,Store B,Electronics,11,109.08,1199.83
2025-12-11,Store B,Clothing,3,62.55,187.65
2025-12-11,Store B,Groceries,15,18.87,283.03
2025-12-11,Store B,Home & Kitchen,2,48.93,97.85
2025-12-11,Store B,Beauty,2,43.05,86.09
2025-12-11,Store C,Electronics,8,218.3,1746.38
2025-12-11,Store C,Clothing,5,61.58,307.9
2025-12-11,Store C,Groceries,8,4.51,36.12
2025-12-11,Store C,Home & Kitchen,7,13.94,97.6
2025-12-11,Store C,Beauty,2,53.02,106.03
2025-12-12,Store A,Electronics,10,241.93,2419.25
2025-12-12,Store A,Clothing,5,72.24,361.18
2025-12-12,Store A,Groceries,8,8.69,69.53
2025-12-12,Store A,Home & Kitchen,4,84.45,337.81
2025-12-12,Store A,Beauty,3,26.47,79.41
2025-12-12,Store B,Electronics,5,250.49,1252.43
2025-12-12,Store B,Clothing,8,19.74,157.89
2025-12-12,Store B,Groceries,11,10.67,117.34
2025-12-12,Store B,Home & Kitchen,5,106.05,530.25
2025-12-12,Store B,Beauty,9,43.87,394.84
2025-12-12,Store C,Electronics,7,395.49,2768.41
2025-12-12,Store C,Clothing,2,72.09,144.17
2025-12-12,Store C,Groceries,10,10.38,103.75
2025-12-12,Store C,Home & Kitchen,2,69.7,139.39
2025-12-12,Store C,Beauty,7,57.08,399.55
2025-12-13,Store A,Electronics,12,360.82,4329.82
2025-12-13,Store A,Clothing,12,42.97,515.7
2025-12-13,Store A,Groceries,23,11.2,257.66
2025-12-13,Store A,Home & Kitchen,6,20.78,124.7
2025-12-13,Store A,Beauty,9,38.26,344.34
2025-12-13,Store B,Electronics,13,205.03,2665.38
2025-12-13,Store B,Clothing,13,72.51,942.69
2025-12-13,Store B,Groceries,16,5.81,92.95
2025-12-13,Store B,Home & Kitchen,10,26.33,263.33
2025-12-13,Store B,Beauty,7,33.53,234.73
2025-12-13,Store C,Electronics,8,362.53,2900.27
2025-12-13,Store C,Clothing,7,45.65,319.57
2025-12-13,Store C,Groceries,12,18.65,223.78
2025-12-13,Store C,Home & Kitchen,5,25.07,125.34
2025-12-13,Store C,Beauty,6,7.93,47.55
2025-12-14,Store A,Electronics,15,166.4,2495.95
2025-12-14,Store A,Clothing,14,20.98,293.76
2025-12-14,Store A,Groceries,15,13.83,207.4
2025-12-14,Store A,Home & Kitchen,3,92.63,277.89
2025-12-14,Store A,Beauty,4,16.2,64.81
2025-12-14,Store B,Electronics,10,309.13,3091.33
2025-12-14,Store B,Clothing,11,36.9,405.93
2025-12-14,Store B,Groceries,13,11.4,148.14
2025-12-14,Store B,Home & Kitchen,7,102.28,715.98
2025-12-14,Store B,Beauty,2,9.15,18.3
2025-12-14,Store C,Electronics,8,339.02,2712.19
2025-12-14,Store C,Clothing,6,26.64,159.83
2025-12-14,Store C,Groceries,15,4.96,74.37
2025-12-14,Store C,Home & Kitchen,7,68.07,476.51
2025-12-14,Store C,Beauty,4,25.85,103.42
2025-12-15,Store A,Electronics,12,144.34,1732.07
2025-12-15,Store A,Clothing,8,68.21,545.65
2025-12-15,Store A,Groceries,20,15.67,313.32
2025-12-15,Store A,Home & Kitchen,5,54.14,270.69
2025-12-15,Store A,Beauty,4,47.44,189.75
2025-12-15,Store B,Electronics,7,56.19,393.36
2025-12-15,Store B,Clothing,9,35.23,317.03
2025-12-15,Store B,Groceries,6,10.79,64.72
2025-12-15,Store B,Home & Kitchen,8,89.45,715.58
2025-12-15,Store B,Beauty,2,44.9,89.79
2025-12-15,Store C,Electronics,4,141.41,565.63
2025-12-15,Store C,Clothing,2,46.42,92.83
2025-12-15,Store C,Groceries,7,7.01,49.04
2025-12-15,Store C,Home & Kitchen,4,21.1,84.41
2025-12-15,Store C,Beauty,3,53.42,160.25
2025-12-16,Store A,Electronics,7,235.57,1649.0
2025-12-16,Store A,Clothing,8,73.79,590.3
2025-12-16,Store A,Groceries,11,10.92,120.11
2025-12-16,Store A,Home & Kitchen,7,35.84,250.86
2025-12-16,Store A,Beauty,5,14.32,71.58
2025-12-16,Store B,Electronics,7,285.9,2001.27
2025-12-16,Store B,Clothing,6,74.92,449.55
2025-12-16,Store B,Groceries,8,23.81,190.46
2025-12-16,Store B,Home & Kitchen,10,91.8,917.96
2025-12-16,Store B,Beauty,7,5.84,40.91
2025-12-16,Store C,Electronics,9,100.83,907.46
2025-12-16,Store C,Clothing,2,55.53,111.06
2025-12-16,Store C,Groceries,4,3.83,15.33
2025-12-16,Store C,Home & Kitchen,6,86.01,516.06
2025-12-16,Store C,Beauty,1,30.37,30.37
2025-12-17,Store A,Electronics,9,242.12,2179.12
2025-12-17,Store A,Clothing,9,27.23,245.08
2025-12-17,Store A,Groceries,8,18.8,150.39
2025-12-17,Store A,Home & Kitchen,10,88.54,885.36
2025-12-17,Store A,Beauty,10,43.19,431.87
2025-12-17,Store B,Electronics,8,363.95,2911.63
2025-12-17,Store B,Clothing,11,47.71,524.86
2025-12-17,Store B,Groceries,11,19.59,215.48
2025-12-17,Store B,Home & Kitchen,8,41.19,329.55
2025-12-17,Store B,Beauty,4,48.06,192.24
2025-12-17,Store C,Electronics,2,239.42,478.84
2025-12-17,Store C,Clothing,3,55.57,166.72
2025-12-17,Store C,Groceries,5,24.19,120.93
2025-12-17,Store C,Home & Kitchen,5,96.78,483.92
2025-12-17,Store C,Beauty,5,34.57,172.83
2025-12-18,Store A,Electronics,11,394.37,4338.11
2025-12-18,Store A,Clothing,8,45.14,361.12
2025-12-18,Store A,Groceries,14,6.97,97.52
2025-12-18,Store A,Home & Kitchen,10,50.1,500.95
2025-12-18,Store A,Beauty,7,21.24,148.69
2025-12-18,Store B,Electronics,8,381.92,3055.34
2025-12-18,Store B,Clothing,9,65.14,586.28
2025-12-18,Store B,Groceries,12,9.06,108.73
2025-12-18,Store B,Home & Kitchen,9,94.72,852.5
2025-12-18,Store B,Beauty,4,27.07,108.28
2025-12-18,Store C,Electronics,6,283.21,1699.23
2025-12-18,Store C,Clothing,4,67.35,269.39
2025-12-18,Store C,Groceries,7,9.0,63.02
2025-12-18,Store C,Home & Kitchen,3,55.43,166.3
2025-12-18,Store C,Beauty,5,42.43,212.14
2025-12-19,Store A,Electronics,10,376.85,3768.5
2025-12-19,Store A,Clothing,6,46.21,277.29
2025-12-19,Store A,Groceries,11,7.52,82.69
2025-12-19,Store A,Home & Kitchen,11,48.03,528.36
2025-12-19,Store A,Beauty,2,25.55,51.1
2025-12-19,Store B,Electronics,8,142.69,1141.52
2025-12-19,Store B,Clothing,5,77.27,386.35
2025-12-19,Store B,Groceries,8,21.1,168.84
2025-12-19,Store B,Beauty,4,16.75,67.01
2025-12-19,Store C,Electronics,5,214.83,1074.15
2025-12-19,Store C,Clothing,5,73.36,366.79
2025-12-19,Store C,Groceries,6,14.02,84.12
2025-12-19,Store C,Home & Kitchen,4,100.83,403.32
2025-12-19,Store C,Beauty,7,17.6,123.17
2025-12-20,Store A,Electronics,9,273.6,2462.42
2025-12-20,Store A,Clothing,8,53.74,429.9
2025-12-20,Store A,Groceries,20,6.29,125.8
2025-12-20,Store A,Home & Kitchen,12,32.55,390.58
2025-12-20,Store A,Beauty,15,42.63,639.39
2025-12-20,Store B,Electronics,9,315.93,2843.35
2025-12-20,Store B,Clothing,7,51.3,359.08
2025-12-20,Store B,Groceries,13,3.51,45.68
2025-12-20,Store B,Home & Kitchen,10,18.11,181.08
2025-12-20,Store B,Beauty,3,45.5,136.51
2025-12-20,Store C,Electronics,10,255.72,2557.18
2025-12-20,Store C,Clothing,4,61.2,244.79
2025-12-20,Store C,Groceries,5,20.2,100.99
2025-12-20,Store C,Home & Kitchen,5,54.81,274.05
2025-12-20,Store C,Beauty,5,27.78,138.88
2025-12-21,Store A,Electronics,10,324.87,3248.69
2025-12-21,Store A,Clothing,8,32.5,260.02
2025-12-21,Store A,Groceries,20,23.94,478.81
2025-12-21,Store A,Home & Kitchen,9,72.07,648.6
2025-12-21,Store A,Beauty,6,53.6,321.63
2025-12-21,Store B,Electronics,6,396.11,2376.65
2025-12-21,Store B,Clothing,10,60.29,602.86
2025-12-21,Store B,Groceries,14,17.0,238.0
2025-12-21,Store B,Home & Kitchen,7,115.48,808.36
2025-12-21,Store B,Beauty,9,52.76,474.85
2025-12-21,Store C,Electronics,9,96.34,867.06
2025-12-21,Store C,Clothing,7,43.89,307.23
2025-12-21,Store C,Groceries,12,16.15,193.82
2025-12-21,Store C,Home & Kitchen,6,41.3,247.77
2025-12-21,Store C,Beauty,4,18.71,74.85
2025-12-22,Store A,Electronics,11,209.44,2303.81
2025-12-22,Store A,Clothing,11,24.63,270.88
2025-12-22,Store A,Groceries,18,11.68,210.27
2025-12-22,Store A,Home & Kitchen,8,51.42,411.34
2025-12-22,Store A,Beauty,3,13.39,40.17
2025-12-22,Store B,Electronics,13,177.52,2307.71
2025-12-22,Store B,Clothing,8,60.04,480.3
2025-12-22,Store B,Groceries,9,13.28,119.56
2025-12-22,Store B,Home & Kitchen,5,28.26,141.31
2025-12-22,Store B,Beauty,5,45.89,229.46
2025-12-22,Store C,Electronics,8,312.93,2503.48
2025-12-22,Store C,Clothing,5,53.5,267.48
2025-12-22,Store C,Groceries,7,3.97,27.82
2025-12-22,Store C,Home & Kitchen,5,103.62,518.12
2025-12-22,Store C,Beauty,4,20.98,83.91
2025-12-23,Store A,Electronics,12,243.18,2918.2
2025-12-23,Store A,Clothing,10,23.09,230.87
2025-12-23,Store A,Groceries,10,5.4,54.01
2025-12-23,Store A,Home & Kitchen,3,58.8,176.39
2025-12-23,Store A,Beauty,3,47.67,143.0
2025-12-23,Store B,Electronics,6,144.87,869.19
2025-12-23,Store B,Clothing,5,74.83,374.16
2025-12-23,Store B,Groceries,8,3.68,29.47
2025-12-23,Store B,Beauty,2,43.64,87.27
2025-12-23,Store C,Electronics,3,357.76,1073.28
2025-12-23,Store C,Clothing,2,61.29,122.58
2025-12-23,Store C,Groceries,11,2.84,31.26
2025-12-23,Store C,Home & Kitchen,4,12.26,49.04
2025-12-23,Store C,Beauty,5,27.57,137.86
2025-12-24,Store A,Electronics,9,250.56,2255.05
2025-12-24,Store A,Clothing,6,67.48,404.87
2025-12-24,Store A,Groceries,11,17.84,196.23
2025-12-24,Store A,Home & Kitchen,9,67.27,605.43
2025-12-24,Store A,Beauty,6,26.26,157.54
2025-12-24,Store B,Electronics,8,224.13,1793.0
2025-12-24,Store B,Clothing,6,44.5,267.0
2025-12-24,Store B,Groceries,6,24.72,148.32
2025-12-24,Store B,Home & Kitchen,8,23.76,190.07
2025-12-24,Store B,Beauty,2,13.64,27.28
2025-12-24,Store C,Electronics,7,282.2,1975.43
2025-12-24,Store C,Clothing,4,32.16,128.66
2025-12-24,Store C,Groceries,8,18.85,150.78
2025-12-24,Store C,Home & Kitchen,4,56.9,227.61
2025-12-24,Store C,Beauty,6,19.7,118.18
2025-12-25,Store A,Electronics,13,151.32,1967.15
2025-12-25,Store A,Clothing,6,61.77,370.61
2025-12-25,Store A,Groceries,15,12.66,189.97
2025-12-25,Store A,Home & Kitchen,12,34.01,408.08
2025-12-25,Store A,Beauty,6,41.79,250.73
2025-12-25,Store B,Electronics,8,353.26,2826.06
2025-12-25,Store B,Clothing,11,75.29,828.22
2025-12-25,Store B,Groceries,13,20.41,265.31
2025-12-25,Store B,Home & Kitchen,4,118.88,475.53
2025-12-25,Store B,Beauty,8,18.94,151.56
2025-12-25,Store C,Electronics,5,198.55,992.77
2025-12-25,Store C,Clothing,5,51.95,259.73
2025-12-25,Store C,Groceries,10,6.73,67.27
2025-12-25,Store C,Home & Kitchen,6,20.7,124.21
2025-12-25,Store C,Beauty,4,40.31,161.25
2025-12-26,Store A,Electronics,9,300.48,2704.28
2025-12-26,Store A,Clothing,15,51.13,766.93
2025-12-26,Store A,Groceries,15,4.99,74.88
2025-12-26,Store A,Home & Kitchen,8,101.31,810.47
2025-12-26,Store A,Beauty,8,31.84,254.7
2025-12-26,Store B,Electronics,11,62.72,689.95
2025-12-26,Store B,Clothing,5,77.25,386.26
2025-12-26,Store B,Groceries,12,24.41,292.9
2025-12-26,Store B,Home & Kitchen,5,26.98,134.91
2025-12-26,Store B,Beauty,9,16.24,146.18
2025-12-26,Store C,Electronics,7,104.48,731.35
2025-12-26,Store C,Clothing,7,53.52,374.63
2025-12-26,Store C,Groceries,9,11.53,103.8
2025-12-26,Store C,Home & Kitchen,6,60.04,360.26
2025-12-26,Store C,Beauty,3,58.31,174.94
2025-12-27,Store A,Electronics,14,235.43,3296.01
2025-12-27,Store A,Clothing,9,47.34,426.04
2025-12-27,Store A,Groceries,23,18.72,430.63
2025-12-27,Store A,Home & Kitchen,11,92.58,1018.34
2025-12-27,Store A,Beauty,4,25.34,101.38
2025-12-27,Store B,Electronics,14,399.47,5592.64
2025-12-27,Store B,Clothing,5,21.61,108.05
2025-12-27,Store B,Groceries,12,17.3,207.63
2025-12-27,Store B,Home & Kitchen,3,101.47,304.4
2025-12-27,Store B,Beauty,7,28.81,201.68
2025-12-27,Store C,Electronics,11,339.38,3733.2
2025-12-27,Store C,Clothing,8,62.7,501.6
2025-12-27,Store C,Groceries,17,8.15,138.55
2025-12-27,Store C,Home & Kitchen,6,69.13,414.77
2025-12-27,Store C,Beauty,3,38.87,116.61
2025-12-28,Store A,Electronics,17,142.18,2416.98
2025-12-28,Store A,Clothing,14,23.65,331.12
2025-12-28,Store A,Groceries,15,23.12,346.75
2025-12-28,Store A,Home & Kitchen,11,80.43,884.75
2025-12-28,Store A,Beauty,10,16.7,166.95
2025-12-28,Store B,Electronics,7,112.85,789.96
2025-12-28,Store B,Clothing,7,38.75,271.24
2025-12-28,Store B,Groceries,13,5.64,73.28
2025-12-28,Store B,Home & Kitchen,9,81.7,735.3
2025-12-28,Store B,Beauty,7,59.62,417.35
2025-12-28,Store C,Electronics,12,311.89,3742.64
2025-12-28,Store C,Clothing,6,75.19,451.16
2025-12-28,Store C,Groceries,10,22.09,220.87
2025-12-28,Store C,Home & Kitchen,4,106.13,424.5
2025-12-28,Store C,Beauty,7,12.4,86.79
2025-12-29,Store A,Electronics,9,119.29,1073.59
2025-12-29,Store A,Clothing,7,22.68,158.77
2025-12-29,Store A,Groceries,20,19.28,385.59
2025-12-29,Store A,Home & Kitchen,9,110.53,994.74
2025-12-29,Store A,Beauty,12,54.64,655.67
2025-12-29,Store B,Electronics,12,398.96,4787.49
2025-12-29,Store B,Clothing,6,60.64,363.82
2025-12-29,Store B,Groceries,13,9.99,129.88
2025-12-29,Store B,Home & Kitchen,3,53.35,160.05
2025-12-29,Store B,Beauty,1,51.08,51.08
2025-12-29,Store C,Electronics,7,254.26,1779.84
2025-12-29,Store C,Clothing,4,62.68,250.73
2025-12-29,Store C,Groceries,11,17.42,191.59
2025-12-29,Store C,Home & Kitchen,4,119.47,477.88
2025-12-29,Store C,Beauty,5,19.02,95.12
2025-12-30,Store A,Electronics,11,280.34,3083.69
2025-12-30,Store A,Clothing,13,25.31,329.09
2025-12-30,Store A,Groceries,10,12.07,120.67
2025-12-30,Store A,Home & Kitchen,4,44.97,179.9
2025-12-30,Store A,Beauty,5,32.19,160.93
2025-12-30,Store B,Electronics,6,250.82,1504.92
2025-12-30,Store B,Clothing,2,71.77,143.54
2025-12-30,Store B,Groceries,13,9.58,124.6
2025-12-30,Store B,Home & Kitchen,3,59.96,179.89
2025-12-30,Store B,Beauty,2,39.84,79.68
2025-12-30,Store C,Electronics,11,280.25,3082.73
2025-12-30,Store C,Clothing,4,62.1,248.4
2025-12-30,Store C,Groceries,9,10.66,95.93
2025-12-30,Store C,Home & Kitchen,6,22.73,136.38
2025-12-30,Store C,Beauty,5,55.87,279.34
2025-12-31,Store A,Electronics,10,98.66,986.56
2025-12-31,Store A,Clothing,5,63.88,319.39
2025-12-31,Store A,Groceries,12,22.85,274.23
2025-12-31,Store A,Home & Kitchen,4,104.83,419.33
2025-12-31,Store A,Beauty,10,14.2,141.95
2025-12-31,Store B,Electronics,6,238.88,1433.31
2025-12-31,Store B,Clothing,7,19.41,135.9
2025-12-31,Store B,Groceries,9,4.2,37.79
2025-12-31,Store B,Home & Kitchen,7,70.01,490.04
2025-12-31,Store B,Beauty,5,49.73,248.65
2025-12-31,Store C,Electronics,6,300.71,1804.24
2025-12-31,Store C,Clothing,4,63.54,254.18
2025-12-31,Store C,Groceries,9,6.43,57.84
2025-12-31,Store C,Home & Kitchen,5,106.79,533.95
2025-12-31,Store C,Beauty,6,7.6,45.6
